ID Pemesanan,Status Pesanan,Kode Pesanan Affiliate,Waktu Pemesanan,Waktu Terselesaikan,Waktu Klik,Nama Toko,ID Shop,Tipe toko.,ID Barang,Nama Barange,ID Model,Tipe Produk,ID Promosi,L1 Kategori Global,L2 Kategori Global,L3 Kategori Global,Harga(Rp),Jumlah,Tipe Penawaran,Kampanye Partnerr,Nilai Pembelian(Rp),Jumlah Pengembalian Dana(Rp),Persentase Komisi Shopee pada Produk,Komisi Barang Shopee(Rp),Persentase Komisi XTRA pada Produk,Komisi XTRA Produk(Rp),Total Komisi per Produk(Rp),Komisi Shopee per Pesanan(Rp),Komisi XTRA per Pesanan(Rp),Total Komisi per Pesanan(Rp),Nama MCN Terhubung,ID Kontrak MCN,Persentase Biaya Manajemen MCN,Biaya Manajemen MCN(Rp),Persentase Pembagian Komisi Affiliate,Komisi Bersih Affiliate (Rp),Status Produk Affiliate,Catatan Produk,Tipe Pesanan,Status Pemebelian,Tag_link1,Tag_link2,Tag_link3,Tag_link4,Tag_link5,Platform
2606058DKTUGWC,Tertunda,234289502246259,2026-06-04 23:25:07,,2026-06-03 11:42:57,HasbyKids,1429444861,C2C(Non-CB),57560780145,Setelan Baju Kaos dan Celana Mihu Mihu Motif Gajah Thailand Anak Perempuan Usia 3-12 Tahun,380942160837,Normal Product,,Fashion Bayi & Anak,Pakaian Anak Perempuan,Jas & Setelan,42839,1,Komisi XTRA,,42839,,0.00%,0,10.00%,4283.9,4283.9,0,4283.9,4283.9,,0,0.00%,0,100.00%,4283.9,Tertunda,Pesanan sedang diproses. Komisi akan dikonfirmasi setelah pesanan selesai.,Pesanan Produk dari Toko yang Dipromosikan,Ada,setelanbajukaosmihugajah,,,,,Facebook
2606058D61995Y,Tertunda,234289039236611,2026-06-04 23:17:19,,2026-06-04 17:05:00,HARTA ELEKTRO,1732250238,Preferred(Non-CB),48055268943,IC Regulator L7812 dengan Output 12v,410479935157,Normal Product,,Elektronik,Elektronik Lainnya,,3656,5,Komisi XTRA,,18280,,0.50%,91.4,1.50%,274.2,365.6,91.4,274.2,365.6,,0,0.00%,0,100.00%,365.6,Tertunda,Pesanan sedang diproses. Komisi akan dikonfirmasi setelah pesanan selesai.,Pesanan dari Toko yang tidak Dipromosikan,Ada,rakpiringpengering,,,,,Facebook
2606058CN6FUCS,Tertunda,234288491243205,2026-06-04 23:07:54,,2026-06-04 23:06:37,Satu Keluarga Official Shop,494896079,Shopee Mall(Non-CB),20372366235,Satu Keluarga Gantungan Baju Belakang Pintu Multifungsi Tanpa Paku 7 Hook C789 Rak Gantung Dengan Tujuh Kaitan Steel Clothes Han,88590392229,Normal Product,,Perlengkapan Rumah,Organizer Rumah,Gantungan,17416,1,Komisi XTRA,,17416,,1.50%,261.24,0.50%,87.08,348.32,261.24,87.08,348.32,,0,0.00%,0,100.00%,348.32,Tertunda,Pesanan sedang diproses. Komisi akan dikonfirmasi setelah pesanan selesai.,Pesanan dari Toko yang tidak Dipromosikan,Ada,setelangajahthaialand,,,,,Facebook
2606058CGQEBDR,Tertunda,234288324265725,2026-06-04 23:05:24,,2026-06-03 14:05:10,Lancar Jaya Packaging,309583462,Preferred(Non-CB),26401800204,Box Mika Tali Kraft Kotak Jinjing Kemasan Kue Cake Roti Rice Box Hampers,245957831679,Normal Product,,Buku & Alat Tulis,Pembungkus Kado & Kemasan,Kardus,3700,10,Komisi XTRA,,37000,,1.50%,555,0.50%,185,740,1125.9,375.3,1501.2,,0,0.00%,0,100.00%,1501.2,Tertunda,Pesanan sedang diproses. Komisi akan dikonfirmasi setelah pesanan selesai.,Pesanan dari Toko yang tidak Dipromosikan,Ada,setelangajahthaialand,,,,,Facebook
2606058CGQEBDR,Tertunda,234288324265725,2026-06-04 23:05:24,,2026-06-03 14:05:10,Lancar Jaya Packaging,309583462,Preferred(Non-CB),26401800204,Box Mika Tali Kraft Kotak Jinjing Kemasan Kue Cake Roti Rice Box Hampers,245957831682,Normal Product,,Buku & Alat Tulis,Pembungkus Kado & Kemasan,Kardus,4020,3,Komisi XTRA,,12060,,1.50%,180.9,0.50%,60.3,241.2,0,0,0,,0,0.00%,0,100.00%,0,Tertunda,Pesanan sedang diproses. Komisi akan dikonfirmasi setelah pesanan selesai.,Pesanan dari Toko yang tidak Dipromosikan,Ada,setelangajahthaialand,,,,,Facebook
2606058CGQEBDR,Tertunda,234288324265725,2026-06-04 23:05:24,,2026-06-03 14:05:10,Lancar Jaya Packaging,309583462,Preferred(Non-CB),26363419606,[100 PCS] Pisau Brownies Roti Cake Kue Tart Ulang Tahun Pisau Plastik Kecil Pemotong Makanan,390110696625,Normal Product,,Perlengkapan Rumah,Perlengkapan Dapur,Pisau & Gunting Dapur,26000,1,Komisi XTRA,,26000,,1.50%,390,0.50%,130,520,0,0,0,,0,0.00%,0,100.00%,0,Tertunda,Pesanan sedang diproses. Komisi akan dikonfirmasi setelah pesanan selesai.,Pesanan dari Toko yang tidak Dipromosikan,Ada,setelangajahthaialand,,,,,Facebook
2606058CBYTXKU,Tertunda,234288166298410,2026-06-04 23:03:07,,2026-05-31 10:18:57,VOOVA Official Shop,513462614,Shopee Mall(Non-CB),47107070813,VOOVA Satuan dan Bundling Buku Stiker DIY Fashion Ganti Baju Sticker Dress Up Book/ Buku Stiker,292447660281,Normal Product,0_465575415661157_1,Buku & Majalah,Buku Bacaan,Stiker & Buku Mewarnai,20531.0691,1,Komisi XTRA,,18129.0691,,1.50%,271.93603,3.00%,543.87207,815.8081,708.40498,1349.23998,2057.64496,,0,0.00%,0,100.00%,2057.64496,Tertunda,Pesanan sedang diproses. Komisi akan dikonfirmasi setelah pesanan selesai.,Pesanan dari Toko yang tidak Dipromosikan,Ada,rakpiringpengering,,,,,Instagram
2606058CBYTXKU,Tertunda,234288166298410,2026-06-04 23:03:07,,2026-05-31 10:18:57,VOOVA Official Shop,513462614,Shopee Mall(Non-CB),48960231458,VOOVA Buku Menggambar/ Buku Gambar A4/ Drawing Book For School/ Buku Gambar Anak/ Buku Gambar Polos A4,315897322046,Normal Product,0_465575415661157_1,Buku & Alat Tulis,Perlengkapan Menggambar,Buku Gambar & Sketsa,15583.93089,1,Komisi XTRA,,15583.93089,,1.50%,233.75896,3.00%,467.51792,701.27688,0,0,0,,0,0.00%,0,100.00%,0,Tertunda,Pesanan sedang diproses. Komisi akan dikonfirmasi setelah pesanan selesai.,Pesanan dari Toko yang tidak Dipromosikan,Ada,rakpiringpengering,,,,,Instagram
2606058CBYTXKU,Tertunda,234288166298410,2026-06-04 23:03:07,,2026-05-31 10:18:57,VOOVA Official Shop,513462614,Shopee Mall(Non-CB),25411802522,VOOVA DIY Buku Stiker Change Makeup Keterampilan Dekorasi/ Buku Aktivitas/ Buku Stiker DIY,147192932626,Normal Product,0_465575415661157_2,Buku & Alat Tulis,Buku Tulis & Kertas,Label & Stiker,8323.23794,1,Komisi XTRA,,8323.23794,,1.50%,124.84856,2.50%,208.08094,332.9295,0,0,0,,0,0.00%,0,100.00%,0,Tertunda,Pesanan sedang diproses. Komisi akan dikonfirmasi setelah pesanan selesai.,Pesanan dari Toko yang tidak Dipromosikan,Ada,rakpiringpengering,,,,,Instagram
2606058CBYTXKU,Tertunda,234288166298410,2026-06-04 23:03:07,,2026-05-31 10:18:57,VOOVA Official Shop,513462614,Shopee Mall(Non-CB),28240267108,VOOVA Buku Aktivitas Anak/ Buku Stiker Kreativitas/ Buku Stiker/ Sticker Book/ Buku Stiker Makeup,266181464545,Normal Product,0_465575415661157_2,Buku & Majalah,Buku Bacaan,Stiker & Buku Mewarnai,5190.76205,1,Komisi XTRA,,5190.76205,,1.50%,77.86143,2.50%,129.76905,207.63048,0,0,0,,0,0.00%,0,100.00%,0,Tertunda,Pesanan sedang diproses. Komisi akan dikonfirmasi setelah pesanan selesai.,Pesanan dari Toko yang tidak Dipromosikan,Ada,rakpiringpengering,,,,,Instagram
2606058C955QMF,Tertunda,234288070228198,2026-06-04 23:01:10,,2026-06-04 18:17:18,Zanaaz Shop,219219726,C2C(Non-CB),28357204496,Gantungan Kunci Kost Homestay Penginapan Bahan Akrilik,139024908803,Normal Product,,Hobi & Koleksi,Souvenir & Hadiah,Gantungan Kunci,6500,8,Komisi XTRA,,52000,,0.00%,0,3.00%,1560,1560,0,1560,1560,,0,0.00%,0,100.00%,1560,Tertunda,Pesanan sedang diproses. Komisi akan dikonfirmasi setelah pesanan selesai.,Pesanan dari Toko yang tidak Dipromosikan,Ada,organizerpullout,,,,,Facebook
2606048APUD89H,Tertunda,234286382268741,2026-06-04 22:33:03,,2026-06-03 05:29:28,Shopiishop.id,448872966,C2C(Non-CB),40372132753,"3 PCS TOPI, 3 PASANG SARUNG TANGAN KAKI BAYI BARU LAHIR ( NEWBORN) SERI NAVY KUCING AWAN",258972469857,Normal Product,,Fashion Bayi & Anak,Aksesoris Bayi & Anak,Topi,32999,1,Komisi XTRA,,28999,,0.00%,0,2.50%,724.975,724.975,0,724.975,724.975,,0,0.00%,0,100.00%,724.975,Tertunda,Pesanan sedang diproses. Komisi akan dikonfirmasi setelah pesanan selesai.,Pesanan dari Toko yang tidak Dipromosikan,Ada,rakpiringpengering,,,,,Instagram
2606048AFW64XK,Tertunda,234286149254047,2026-06-04 22:29:09,,2026-06-03 13:37:03,olotrim,10979823,Preferred(Non-CB),136601028,Raket Badminton Yonex GR201 GR303 GR 201 303 Original,3259262367,Normal Product,,Olahraga & Outdoor,Alat Rekreasi Olahraga & Aktivitas Outdoor,Bulu Tangkis,159000,1,Komisi XTRA,,143100,,1.50%,2146.5,0.50%,715.5,2862,2146.5,715.5,2862,,0,0.00%,0,100.00%,2862,Tertunda,Pesanan sedang diproses. Komisi akan dikonfirmasi setelah pesanan selesai.,Pesanan dari Toko yang tidak Dipromosikan,Ada,setelanbajukaosmihugajah,,,,,Facebook
2606048A4TD5AS,Tertunda,234285777238602,2026-06-04 22:22:57,,2026-06-04 03:57:03,Sunshine OLShop98,309263241,Preferred(Non-CB),17672060252,Ori Dog 800gr Dry Food -  Makanan Kering Anjing,125914850121,Normal Product,,Hewan Peliharaan,Makanan Hewan,Makanan Anjing,20650,5,Komisi Shopee,,101185,,1.50%,1517.775,0.00%,0,1517.775,1517.775,0,1517.775,,0,0.00%,0,100.00%,1517.775,Tertunda,Pesanan sedang diproses. Komisi akan dikonfirmasi setelah pesanan selesai.,Pesanan dari Toko yang tidak Dipromosikan,Ada,rakpiringpengering,,,,,Instagram
26060489PGP5BY,Tertunda,234285297281509,2026-06-04 22:14:59,,2026-06-04 18:56:27,bymomaxel,21741418,Preferred(Non-CB),5114443693,ANEKA SOTO & SOP NUSANTARA (CATERING MAKANAN BAYI MPASI FROZEN BEKU/PENAMBAH BERAT BADAN ANAK),249153534249,Normal Product,,Ibu & Bayi,Susu Formula & Makanan Bayi,Susu Formula & Makanan Bayi Lainnya,25000,1,Komisi Shopee,,21002,,1.50%,315.03,0.00%,0,315.03,2364.405,0,2364.405,,0,0.00%,0,100.00%,2364.405,Tertunda,Pesanan sedang diproses. Komisi akan dikonfirmasi setelah pesanan selesai.,Pesanan dari Toko yang tidak Dipromosikan,Ada,organizerpullout,,,,,Websites
26060489PGP5BY,Tertunda,234285297281509,2026-06-04 22:14:59,,2026-06-04 18:56:27,bymomaxel,21741418,Preferred(Non-CB),5514440770,ANEKA MENU BB BOOSTER / PENAMBAH BERAT BADAN ANAK TINGGI KALORI (CATERING MAKANAN BAYI MPASI FROZEN BEKU),335484910852,Normal Product,,Makanan & Minuman,Makanan Instan,Makanan Siap Saji,38500,1,Komisi Shopee,,30770,,1.50%,461.55,0.00%,0,461.55,0,0,0,,0,0.00%,0,100.00%,0,Tertunda,Pesanan sedang diproses. Komisi akan dikonfirmasi setelah pesanan selesai.,Pesanan dari Toko yang tidak Dipromosikan,Ada,organizerpullout,,,,,Websites
26060489PGP5BY,Tertunda,234285297281509,2026-06-04 22:14:59,,2026-06-04 18:56:27,bymomaxel,21741418,Preferred(Non-CB),23842970616,MINI PAO SNACK MPASI BEKAL SEKOLAH ANAK VARIAN MIX HOMEMADE - ISI 18 pcs,39310805216,Normal Product,,Makanan & Minuman,Makanan Segar & Beku,Makanan Beku Olahan,35000,1,Komisi Shopee,,29403,,1.50%,441.045,0.00%,0,441.045,0,0,0,,0,0.00%,0,100.00%,0,Tertunda,Pesanan sedang diproses. Komisi akan dikonfirmasi setelah pesanan selesai.,Pesanan dari Toko yang tidak Dipromosikan,Ada,organizerpullout,,,,,Websites
26060489PGP5BY,Tertunda,234285297281509,2026-06-04 22:14:59,,2026-06-04 18:56:27,bymomaxel,21741418,Preferred(Non-CB),3914540715,ANEKA MENU AKU SUKA MAKAN IKAN (CATERING MAKANAN BAYI MPASI FROZEN BEKU/PENAMBAH BB ANAK),12909752271,Normal Product,,Makanan & Minuman,Makanan Instan,Makanan Siap Saji,33000,1,Komisi Shopee,,27723,,1.50%,415.845,0.00%,0,415.845,0,0,0,,0,0.00%,0,100.00%,0,Tertunda,Pesanan sedang diproses. Komisi akan dikonfirmasi setelah pesanan selesai.,Pesanan dari Toko yang tidak Dipromosikan,Ada,organizerpullout,,,,,Websites
26060489PGP5BY,Tertunda,234285297281509,2026-06-04 22:14:59,,2026-06-04 18:56:27,bymomaxel,21741418,Preferred(Non-CB),3914540715,ANEKA MENU AKU SUKA MAKAN IKAN (CATERING MAKANAN BAYI MPASI FROZEN BEKU/PENAMBAH BB ANAK),440484781743,Normal Product,,Makanan & Minuman,Makanan Instan,Makanan Siap Saji,33000,1,Komisi Shopee,,27723,,1.50%,415.845,0.00%,0,415.845,0,0,0,,0,0.00%,0,100.00%,0,Tertunda,Pesanan sedang diproses. Komisi akan dikonfirmasi setelah pesanan selesai.,Pesanan dari Toko yang tidak Dipromosikan,Ada,organizerpullout,,,,,Websites
26060489PGP5BY,Tertunda,234285297281509,2026-06-04 22:14:59,,2026-06-04 18:56:27,bymomaxel,21741418,Preferred(Non-CB),5114443693,ANEKA SOTO & SOP NUSANTARA (CATERING MAKANAN BAYI MPASI FROZEN BEKU/PENAMBAH BERAT BADAN ANAK),249153534248,Normal Product,,Ibu & Bayi,Susu Formula & Makanan Bayi,Susu Formula & Makanan Bayi Lainnya,25000,1,Komisi Shopee,,21006,,1.50%,315.09,0.00%,0,315.09,0,0,0,,0,0.00%,0,100.00%,0,Tertunda,Pesanan sedang diproses. Komisi akan dikonfirmasi setelah pesanan selesai.,Pesanan dari Toko yang tidak Dipromosikan,Ada,organizerpullout,,,,,Websites
2606048987UFB6,Belum Dibayar,234284818257971,2026-06-04 22:06:58,,2026-06-04 18:33:48,Babypapaya.id,17893148,Preferred(Non-CB),18552080869,DAHLIA Kamper / Freshener Gantung 80gr,136939397568,Normal Product,,Perlengkapan Rumah,Pengharum Ruangan & Aromaterapi,Pengharum Ruangan,12044,1,Komisi XTRA,,9635,,0.00%,0,0.00%,0,0,0,0,0,,0,0.00%,0,100.00%,0,Belum Dibayar,Pesanan sedang menunggu pembayaran dari Pembeli.,Pesanan dari Toko yang tidak Dipromosikan,Ada,rakpiringpengering,,,,,Others
2606048942AJ9N,Tertunda,234284678249970,2026-06-04 22:04:43,,2026-06-04 03:47:30,VARKVERK SHOP,1557813189,Preferred(Non-CB),24945454620,VarkVerk-Anti SPY 360 Derajat Untuk Kaca Anti Gores For iPhone X Xs Max XR 11 12 13 14 15 16 17 Plus Pro ProMax Tempered Glass i,265405488381,Normal Product,,Handphone & Aksesoris,Aksesoris,Pelindung Layar Handphone,45900,1,Komisi XTRA,,39900,,0.50%,199.5,3.00%,1197,1396.5,199.5,1197,1396.5,,0,0.00%,0,100.00%,1396.5,Tertunda,Pesanan sedang diproses. Komisi akan dikonfirmasi setelah pesanan selesai.,Pesanan dari Toko yang tidak Dipromosikan,Ada,rakpiringpengering,,,,,Instagram
26060488G0GSPD,Tertunda,234284005266870,2026-06-04 21:53:25,,2026-06-04 19:14:54,My Warming Home,1017196421,Preferred(Non-CB),21487375005,Kotak Penyimpanan Kuas Kosmetik /Wadah Kuas Makeup /Korean Style Brush Box /Berputar 360° /Eye Shadow Organizer /Kosmetik Mewah,250347734613,Normal Product,,Perlengkapan Rumah,Organizer Rumah,Organizer Meja,69162,1,Komisi XTRA,,67778,,1.50%,1016.67,1.00%,677.78,1694.45,1016.67,677.78,1694.45,,0,0.00%,0,100.00%,1694.45,Tertunda,Pesanan sedang diproses. Komisi akan dikonfirmasi setelah pesanan selesai.,Pesanan dari Toko yang tidak Dipromosikan,Ada,rakpiringpengering,,,,,Instagram
26060488G0GSPC,Tertunda,234284005266870,2026-06-04 21:53:25,,2026-06-04 19:14:54,KAAMU LIVING,124740166,Preferred(Non-CB),13565871786,KAAMU LIVING - HARUO | Mada Amber 500ml - Botol refill sabun cair dispenser botol sabun mandi sabun cuci tangan aesthetic waterp,104761069061,Normal Product,0_442758791971002_1,Perlengkapan Rumah,Kamar Mandi,"Dispenser, Tempat, & Kotak Sabun",18333,1,Komisi XTRA,,17967,,1.50%,269.505,6.50%,1167.855,1437.36,539.01,2335.71,2874.72,,0,0.00%,0,100.00%,2874.72,Tertunda,Pesanan sedang diproses. Komisi akan dikonfirmasi setelah pesanan selesai.,Pesanan dari Toko yang tidak Dipromosikan,Ada,rakpiringpengering,,,,,Instagram
26060488G0GSPC,Tertunda,234284005266870,2026-06-04 21:53:25,,2026-06-04 19:14:54,KAAMU LIVING,124740166,Preferred(Non-CB),13565871786,KAAMU LIVING - HARUO | Mada Amber 500ml - Botol refill sabun cair dispenser botol sabun mandi sabun cuci tangan aesthetic waterp,104761069059,Normal Product,0_442758791971002_1,Perlengkapan Rumah,Kamar Mandi,"Dispenser, Tempat, & Kotak Sabun",18333,1,Komisi XTRA,,17967,,1.50%,269.505,6.50%,1167.855,1437.36,0,0,0,,0,0.00%,0,100.00%,0,Tertunda,Pesanan sedang diproses. Komisi akan dikonfirmasi setelah pesanan selesai.,Pesanan dari Toko yang tidak Dipromosikan,Ada,rakpiringpengering,,,,,Instagram
260604881KUCAP,Tertunda,234283522217687,2026-06-04 21:45:22,,2026-06-04 18:39:29,ELBOX,25447469,Preferred(Non-CB),26734253041,Elbox Piyama Premium murah anak salur/stripe usia 1 - 10 tahun | Baju tidur anak motif salur | setelan piyama salur anak,108683610504,Normal Product,,Fashion Bayi & Anak,Pakaian Anak Laki-Laki,Pakaian Tidur,31500,1,Komisi XTRA,,31500,,1.50%,472.5,4.00%,1260,1732.5,472.5,1260,1732.5,,0,0.00%,0,100.00%,1732.5,Tertunda,Pesanan sedang diproses. Komisi akan dikonfirmasi setelah pesanan selesai.,Pesanan dari Toko yang tidak Dipromosikan,Ada,rakpiringpengering,,,,,Others
26060487W8MCG4,Tertunda,234283376239105,2026-06-04 21:42:56,,2026-06-04 17:08:08,Akna Official Store,1051394746,Shopee Mall(Non-CB),29101713995,Akna Kulit Jok Motor Fortunate Jaitan Tengah X Carbon Catur 3D Vario/mio/nmax/scoopy/pcx/stylo/filano/vespa/aerox/supra,243352010610,Normal Product,,Sepeda Motor,Aksesoris Sepeda Motor,Jok & Sarung Jok Motor,109000,1,Komisi XTRA,,106820,,1.50%,1602.3,2.50%,2670.5,4272.8,1602.3,2670.5,4272.8,,0,0.00%,0,100.00%,4272.8,Tertunda,Pesanan sedang diproses. Komisi akan dikonfirmasi setelah pesanan selesai.,Pesanan dari Toko yang tidak Dipromosikan,Ada,rakpiringpengering,,,,,Instagram
26060486FNH9CR,Tertunda,234281846261272,2026-06-04 21:17:26,,2026-06-04 05:50:06,Endang prodaktion,321168807,C2C(Non-CB),15595861284,"kemasan kebab,kantong kebab isi (100pcs)",223069400711,Normal Product,,Perlengkapan Rumah,Perlengkapan Pesta,Peralatan Makan Sekali Pakai,16990,1,Komisi XTRA,,13592,,0.00%,0,1.00%,135.92,135.92,0,135.92,135.92,,0,0.00%,0,100.00%,135.92,Tertunda,Pesanan sedang diproses. Komisi akan dikonfirmasi setelah pesanan selesai.,Pesanan dari Toko yang tidak Dipromosikan,Ada,rakpiringpengering,,,,,Facebook
26060486E2YFSK,Tertunda,234281793240239,2026-06-04 21:16:37,,2026-06-04 05:39:15,Bingo! Smart Shopping,464382070,Preferred(Non-CB),23956822592,La Fonte Saus Pasta Bolognese 315g / Chicken Bolognese 290g / Carbonara 315g,194629629200,Normal Product,,Makanan & Minuman,Bahan Pokok,Pasta,20250,1,Komisi XTRA,,13754,,1.50%,206.31,0.50%,68.77,275.08,206.31,68.77,275.08,,0,0.00%,0,100.00%,275.08,Tertunda,Pesanan sedang diproses. Komisi akan dikonfirmasi setelah pesanan selesai.,Pesanan dari Toko yang tidak Dipromosikan,Ada,rakpiringpengering,,,,,Facebook
260604869WEHUS,Tertunda,234281653238473,2026-06-04 21:14:13,,2026-06-04 10:39:50,Qutby Official Store,170439555,Preferred(Non-CB),25540106627,QUTBY - Rok Aline Jeans Jumbo Wanita,198119185225,Normal Product,,Fashion Muslim,Pakaian Muslim Wanita,Bawahan,157100,1,Komisi XTRA,,120120,,1.50%,1801.8,2.50%,3003,4804.8,1801.8,3003,4804.8,,0,0.00%,0,100.00%,4804.8,Tertunda,Pesanan sedang diproses. Komisi akan dikonfirmasi setelah pesanan selesai.,Pesanan dari Toko yang tidak Dipromosikan,Ada,rakpiringpengering,,,,,Facebook
26060485XE8BC0,Tertunda,234281268202669,2026-06-04 21:07:49,,2026-06-04 18:29:50,Pusat Rajut Jakarta,239465328,Preferred(Non-CB),25063560531,RAJUT SALE 10RIBU,290022800450,Normal Product,,Pakaian Wanita,Sweater & Cardigan,,64000,1,Komisi Shopee,,51200,,1.50%,768,0.00%,0,768,768,0,768,,0,0.00%,0,100.00%,768,Tertunda,Pesanan sedang diproses. Komisi akan dikonfirmasi setelah pesanan selesai.,Pesanan dari Toko yang tidak Dipromosikan,Ada,rakpiringpengering,,,,,Instagram
26060485HUVK09,Tertunda,234280846283619,2026-06-04 21:00:48,,2026-06-03 11:09:44,Nono_Parfume,1645765836,C2C(Non-CB),46560452706,PARFUM ROLL ON NON ALKOHOL 7ML WANGI TAHAN LAMA,410915450986,Normal Product,,Perawatan & Kecantikan,Parfum & Wewangian,,1777,7,Komisi XTRA,,12389,,0.00%,0,4.50%,557.505,557.505,0,557.505,557.505,,0,0.00%,0,100.00%,557.505,Tertunda,Pesanan sedang diproses. Komisi akan dikonfirmasi setelah pesanan selesai.,Pesanan dari Toko yang tidak Dipromosikan,Ada,setelangajahthaialand,,,,,Facebook
26060484S92W7K,Tertunda,234280021265867,2026-06-04 20:47:02,,2026-05-31 14:13:05,Kain Rayon Solo,1326053091,C2C(Non-CB),28687521289,KAIN PANTAI BALI / SARUNG PANTAI MOTIF BUNGA KECIL [RUMBAI]  BAHAN RAYON ADEM,224638035159,Normal Product,,Pakaian Wanita,Kain,Kain Lainnya,26000,1,Komisi XTRA,,26000,,0.00%,0,3.00%,780,780,0,780,780,,0,0.00%,0,100.00%,780,Tertunda,Pesanan sedang diproses. Komisi akan dikonfirmasi setelah pesanan selesai.,Pesanan dari Toko yang tidak Dipromosikan,Ada,rakpiringpengering,,,,,Others
26060484S92W7J,Tertunda,234280021265867,2026-06-04 20:47:02,,2026-05-31 14:13:05, yukshoping,206351392,C2C(Non-CB),17492264041,YUKSHOPING Tutup Gelas Silikon Tutupan Cangkir Karakter Lucu Mug Cover R872,108556392796,Normal Product,,Perlengkapan Rumah,Peralatan Makan,"Cangkir, Mug, & Gelas",4652,1,Komisi XTRA,,4120,,0.00%,0,0.50%,20.6,20.6,0,95.605,95.605,,0,0.00%,0,100.00%,95.605,Tertunda,Pesanan sedang diproses. Komisi akan dikonfirmasi setelah pesanan selesai.,Pesanan dari Toko yang tidak Dipromosikan,Ada,rakpiringpengering,,,,,Others
26060484S92W7J,Tertunda,234280021265867,2026-06-04 20:47:02,,2026-05-31 14:13:05, yukshoping,206351392,C2C(Non-CB),17492264041,YUKSHOPING Tutup Gelas Silikon Tutupan Cangkir Karakter Lucu Mug Cover R872,257386132196,Normal Product,,Perlengkapan Rumah,Peralatan Makan,"Cangkir, Mug, & Gelas",4652,1,Komisi XTRA,,4119,,0.00%,0,0.50%,20.595,20.595,0,0,0,,0,0.00%,0,100.00%,0,Tertunda,Pesanan sedang diproses. Komisi akan dikonfirmasi setelah pesanan selesai.,Pesanan dari Toko yang tidak Dipromosikan,Ada,rakpiringpengering,,,,,Others
26060484S92W7J,Tertunda,234280021265867,2026-06-04 20:47:02,,2026-05-31 14:13:05, yukshoping,206351392,C2C(Non-CB),19755357822,YUKSHOPING Cetakan Es Batu Silikon 6 Cube Jumbo R823,230033173315,Normal Product,,Perlengkapan Rumah,Perlengkapan Dapur,Perlengkapan Dapur Lainnya,5441,2,Komisi XTRA,,10882,,0.00%,0,0.50%,54.41,54.41,0,0,0,,0,0.00%,0,100.00%,0,Tertunda,Pesanan sedang diproses. Komisi akan dikonfirmasi setelah pesanan selesai.,Pesanan dari Toko yang tidak Dipromosikan,Ada,rakpiringpengering,,,,,Others
26060484Q6AB2D,Tertunda,234279951253085,2026-06-04 20:45:52,,2026-06-04 19:33:47,SUMIKKO,1114802840,Preferred(Non-CB),19295803685,Sumikko Pants Tape Popok Bayi Perekat M50/L50/XL50/XXL50/XXXL50,240081992002,Normal Product,,Ibu & Bayi,Popok & Pispot,Popok Sekali Pakai,96900,2,Komisi Shopee,,152546,,1.50%,2288.19,0.00%,0,2288.19,2288.19,0,2288.19,,0,0.00%,0,100.00%,2288.19,Tertunda,Pesanan sedang diproses. Komisi akan dikonfirmasi setelah pesanan selesai.,Pesanan dari Toko yang tidak Dipromosikan,Ada,rakpiringpengering,,,,,Instagram
26060484NTDEND,Tertunda,234279905220031,2026-06-04 20:45:05,,2026-06-04 06:06:37,Donmi Dekorasi,1521991791,Preferred(Non-CB),28286159212,Donmi - ISI 10 PCS !!! Wallpaper Dinding 3D Foam Mini Motif Batu Bata 70cm X 77 cm Tebal 3mm Kertas Sticker,275471089977,Normal Product,,Perlengkapan Rumah,Dekorasi,Wallpaper & Stiker Dinding,79900,2,Komisi Shopee,,140624,,1.50%,2109.36,0.00%,0,2109.36,2109.36,0,2109.36,,0,0.00%,0,100.00%,2109.36,Tertunda,Pesanan sedang diproses. Komisi akan dikonfirmasi setelah pesanan selesai.,Pesanan dari Toko yang tidak Dipromosikan,Ada,organizerpullout,,,,,Others
26060484KC76HA,Tertunda,234279823225317,2026-06-04 20:43:43,,2026-06-03 12:13:28,baper_shopp,12621833,Preferred(Non-CB),29085393666,Nuby Shirt | Atasan Polos Wanita,234200935393,Normal Product,,Pakaian Wanita,Atasan,Kemeja & Blouse,146999,1,Komisi XTRA,,117598,,1.50%,1763.97,1.50%,1763.97,3527.94,1763.97,1763.97,3527.94,,0,0.00%,0,100.00%,3527.94,Tertunda,Pesanan sedang diproses. Komisi akan dikonfirmasi setelah pesanan selesai.,Pesanan dari Toko yang tidak Dipromosikan,Ada,setelanbajukaosmihugajah,,,,,Facebook
26060484KC76H9,Tertunda,234279823225317,2026-06-04 20:43:43,,2026-06-03 12:13:28,Strapester Official Store,188668559,Shopee Mall(Non-CB),26188096952,STRAPESTER - Kaos Anak Premium 1-12 Tahun | 100% Katun Tebal 24s | Baju Anak Laki Laki Perempuan BN1,198576050994,Normal Product,,Fashion Bayi & Anak,Pakaian Anak Laki-Laki,Atasan,54900,1,Komisi XTRA,,49900,,1.50%,748.5,5.00%,2495,3243.5,2245.5,7485,9730.5,,0,0.00%,0,100.00%,9730.5,Tertunda,Pesanan sedang diproses. Komisi akan dikonfirmasi setelah pesanan selesai.,Pesanan dari Toko yang tidak Dipromosikan,Ada,setelanbajukaosmihugajah,,,,,Facebook
26060484KC76H9,Tertunda,234279823225317,2026-06-04 20:43:43,,2026-06-03 12:13:28,Strapester Official Store,188668559,Shopee Mall(Non-CB),41229963919,STRAPESTER - Kaos Anak Premium 1-12 Tahun | 100% Katun Tebal 24s | Baju Anak Laki Laki Perempuan 1AK,297527903832,Normal Product,,Fashion Bayi & Anak,Pakaian Anak Perempuan,Atasan,54900,1,Komisi XTRA,,49900,,1.50%,748.5,5.00%,2495,3243.5,0,0,0,,0,0.00%,0,100.00%,0,Tertunda,Pesanan sedang diproses. Komisi akan dikonfirmasi setelah pesanan selesai.,Pesanan dari Toko yang tidak Dipromosikan,Ada,setelanbajukaosmihugajah,,,,,Facebook
26060484KC76H9,Tertunda,234279823225317,2026-06-04 20:43:43,,2026-06-03 12:13:28,Strapester Official Store,188668559,Shopee Mall(Non-CB),55302409478,STRAPESTER - Kaos Anak Premium 1-12 Tahun | 100% Katun Tebal 24s | Baju Anak Laki Laki Perempuan CR2,405234713270,Normal Product,,Fashion Bayi & Anak,Pakaian Anak Laki-Laki,Atasan,54900,1,Komisi XTRA,,49900,,1.50%,748.5,5.00%,2495,3243.5,0,0,0,,0,0.00%,0,100.00%,0,Tertunda,Pesanan sedang diproses. Komisi akan dikonfirmasi setelah pesanan selesai.,Pesanan dari Toko yang tidak Dipromosikan,Ada,setelanbajukaosmihugajah,,,,,Facebook
26060484KC76H8,Tertunda,234279823225317,2026-06-04 20:43:43,,2026-06-03 12:13:28,ByLivia,41283347,Preferred(Non-CB),24971421293,Ld120cm | Aurora Kemeja Katun Bordir,217861741927,Normal Product,,Pakaian Wanita,Atasan,Kemeja & Blouse,148500,1,Komisi XTRA,,118799,,1.50%,1781.985,3.00%,3563.97,5345.955,1781.985,3563.97,5345.955,,0,0.00%,0,100.00%,5345.955,Tertunda,Pesanan sedang diproses. Komisi akan dikonfirmasi setelah pesanan selesai.,Pesanan dari Toko yang tidak Dipromosikan,Ada,setelanbajukaosmihugajah,,,,,Facebook
26060484KC76H7,Tertunda,234279823225317,2026-06-04 20:43:43,,2026-06-03 12:13:28,Kidoremi Indonesia,309742328,Preferred(Non-CB),15167994359,Kidoremi Basic Short Pants Anak - Celana Pendek Anak Polos Laki-Laki 1-5 Tahun,143396153671,Normal Product,,Fashion Bayi & Anak,Pakaian Anak Laki-Laki,Bawahan,44073,1,Komisi XTRA,,35260,,1.50%,528.9,5.00%,1763,2291.9,528.9,1763,2291.9,,0,0.00%,0,100.00%,2291.9,Tertunda,Pesanan sedang diproses. Komisi akan dikonfirmasi setelah pesanan selesai.,Pesanan dari Toko yang tidak Dipromosikan,Ada,setelanbajukaosmihugajah,,,,,Facebook
26060484GW1Y84,Tertunda,234279740216853,2026-06-04 20:42:20,,2026-06-04 18:05:38,Dinasty_books,588751116,Preferred(Non-CB),16187393240,PAKET 6 BUKU ANAK TK PAUD/BELAJAR MENULIS ANGKA/BUKU AKTIVITAS PERTAMAKU(PAH),247193426857,Normal Product,,Buku & Majalah,Buku Bacaan,Buku Anak-Anak,23909,1,Komisi XTRA,,23909,,1.50%,358.635,1.00%,239.09,597.725,358.635,239.09,597.725,,0,0.00%,0,100.00%,597.725,Tertunda,Pesanan sedang diproses. Komisi akan dikonfirmasi setelah pesanan selesai.,Pesanan dari Toko yang tidak Dipromosikan,Ada,rakpiringpengering,,,,,Instagram
26060484AGYP5F,Tertunda,234279526236061,2026-06-04 20:38:46,,2026-05-31 13:04:36,Khong Guan Mart Official Store,341972392,Shopee Mall(Non-CB),9864992501,NISSIN Gabin Biscuit Milk Pack 140 Gram,55859564574,Normal Product,,Makanan & Minuman,Makanan Ringan,"Biskuit, Kue, & Wafer",9300,1,Komisi Shopee,,8370,,1.50%,125.55,0.00%,0,125.55,1379.295,0,1379.295,,0,0.00%,0,100.00%,1379.295,Tertunda,Pesanan sedang diproses. Komisi akan dikonfirmasi setelah pesanan selesai.,Pesanan dari Toko yang tidak Dipromosikan,Ada,rakpiringpengering,,,,,Instagram
26060484AGYP5F,Tertunda,234279526236061,2026-06-04 20:38:46,,2026-05-31 13:04:36,Khong Guan Mart Official Store,341972392,Shopee Mall(Non-CB),11710206822,NISSIN Lemonia Coconut Renceng 18 Gr X 10,110561105168,Normal Product,,Makanan & Minuman,Makanan Ringan,"Biskuit, Kue, & Wafer",12200,1,Komisi Shopee,,10980,,1.50%,164.7,0.00%,0,164.7,0,0,0,,0,0.00%,0,100.00%,0,Tertunda,Pesanan sedang diproses. Komisi akan dikonfirmasi setelah pesanan selesai.,Pesanan dari Toko yang tidak Dipromosikan,Ada,rakpiringpengering,,,,,Instagram
26060484AGYP5F,Tertunda,234279526236061,2026-06-04 20:38:46,,2026-05-31 13:04:36,Khong Guan Mart Official Store,341972392,Shopee Mall(Non-CB),13569287033,KHONG GUAN Saltcheese Combociz  Renceng 17Gr X 10,133653169447,Normal Product,,Makanan & Minuman,Makanan Ringan,"Biskuit, Kue, & Wafer",12200,1,Komisi Shopee,,10980,,1.50%,164.7,0.00%,0,164.7,0,0,0,,0,0.00%,0,100.00%,0,Tertunda,Pesanan sedang diproses. Komisi akan dikonfirmasi setelah pesanan selesai.,Pesanan dari Toko yang tidak Dipromosikan,Ada,rakpiringpengering,,,,,Instagram
26060484AGYP5F,Tertunda,234279526236061,2026-06-04 20:38:46,,2026-05-31 13:04:36,Khong Guan Mart Official Store,341972392,Shopee Mall(Non-CB),27810293045,KHONG GUAN Saltcheese Sweet & Spicy 200 Gram,157450542403,Normal Product,,Makanan & Minuman,Makanan Ringan,"Biskuit, Kue, & Wafer",12700,1,Komisi Shopee,,11430,,1.50%,171.45,0.00%,0,171.45,0,0,0,,0,0.00%,0,100.00%,0,Tertunda,Pesanan sedang diproses. Komisi akan dikonfirmasi setelah pesanan selesai.,Pesanan dari Toko yang tidak Dipromosikan,Ada,rakpiringpengering,,,,,Instagram
26060484AGYP5F,Tertunda,234279526236061,2026-06-04 20:38:46,,2026-05-31 13:04:36,Khong Guan Mart Official Store,341972392,Shopee Mall(Non-CB),29075353549,MONDE Pie Bis Rasa Kacang Almond 190 gram,195768808917,Normal Product,,Makanan & Minuman,Makanan Ringan,"Biskuit, Kue, & Wafer",11250,1,Komisi Shopee,,10125,,1.50%,151.875,0.00%,0,151.875,0,0,0,,0,0.00%,0,100.00%,0,Tertunda,Pesanan sedang diproses. Komisi akan dikonfirmasi setelah pesanan selesai.,Pesanan dari Toko yang tidak Dipromosikan,Ada,rakpiringpengering,,,,,Instagram
26060484AGYP5F,Tertunda,234279526236061,2026-06-04 20:38:46,,2026-05-31 13:04:36,Khong Guan Mart Official Store,341972392,Shopee Mall(Non-CB),43252161233,SERENA Shortcake Tiramisu Pack 225 Gram,227839549229,Normal Product,,Makanan & Minuman,Makanan Ringan,"Biskuit, Kue, & Wafer",15500,1,Komisi Shopee,,13950,,1.50%,209.25,0.00%,0,209.25,0,0,0,,0,0.00%,0,100.00%,0,Tertunda,Pesanan sedang diproses. Komisi akan dikonfirmasi setelah pesanan selesai.,Pesanan dari Toko yang tidak Dipromosikan,Ada,rakpiringpengering,,,,,Instagram
26060484AGYP5F,Tertunda,234279526236061,2026-06-04 20:38:46,,2026-05-31 13:04:36,Khong Guan Mart Official Store,341972392,Shopee Mall(Non-CB),5591326006,KHONG GUAN Superco Lemon Pack 138 Gram,82642579165,Normal Product,,Makanan & Minuman,Makanan Ringan,"Biskuit, Kue, & Wafer",9720,1,Komisi Shopee,,8748,,1.50%,131.22,0.00%,0,131.22,0,0,0,,0,0.00%,0,100.00%,0,Tertunda,Pesanan sedang diproses. Komisi akan dikonfirmasi setelah pesanan selesai.,Pesanan dari Toko yang tidak Dipromosikan,Ada,rakpiringpengering,,,,,Instagram
26060484AGYP5F,Tertunda,234279526236061,2026-06-04 20:38:46,,2026-05-31 13:04:36,Khong Guan Mart Official Store,341972392,Shopee Mall(Non-CB),6591325670,NISSIN Finger Cheese Pack 250 Gram,82642423614,Normal Product,,Makanan & Minuman,Makanan Ringan,"Biskuit, Kue, & Wafer",19300,1,Komisi Shopee,,17370,,1.50%,260.55,0.00%,0,260.55,0,0,0,,0,0.00%,0,100.00%,0,Tertunda,Pesanan sedang diproses. Komisi akan dikonfirmasi setelah pesanan selesai.,Pesanan dari Toko yang tidak Dipromosikan,Ada,rakpiringpengering,,,,,Instagram
26060483QU2EFF,Tertunda,234278899276882,2026-06-04 20:28:26,,2026-05-31 14:29:29,Kazumiabra,274907928,Preferred(Non-CB),29705002302,Tas oleh-oleh umroh dan haji T35x25x8cm lipat samping (12pcs),295202398092,Normal Product,,Buku & Alat Tulis,Pembungkus Kado & Kemasan,Tas Kado,24089,5,Komisi XTRA,,108400,,1.50%,1626,4.00%,4336,5962,1626,4336,5962,,0,0.00%,0,100.00%,5962,Tertunda,Pesanan sedang diproses. Komisi akan dikonfirmasi setelah pesanan selesai.,Pesanan dari Toko yang tidak Dipromosikan,Ada,rakpiringpengering,,,,,Websites
26060483N66FEX,Tertunda,234278810271923,2026-06-04 20:26:58,,2026-06-03 19:59:52,Bobox collection,383685781,Preferred(Non-CB),26470091603,BOBOX Paket Hemat Isi 3pcs Celana Legging Pendek 7/8 Wanita Dewasa Legging Polos Bahan Spandex Adem Lembut,395500082562,Normal Product,,Pakaian Wanita,Celana Panjang & Legging,Legging & Tregging,40000,1,Komisi XTRA,,34467,,1.50%,517.005,3.50%,1206.345,1723.35,517.005,1206.345,1723.35,,0,0.00%,0,100.00%,1723.35,Tertunda,Pesanan sedang diproses. Komisi akan dikonfirmasi setelah pesanan selesai.,Pesanan dari Toko yang tidak Dipromosikan,Ada,setelanbajukaosmihugajah,,,,,Facebook
26060482MQMH64,Tertunda,234277721262665,2026-06-04 20:08:41,,2026-06-04 18:37:02,KOBEL JAYA SHOP,38918216,C2C(Non-CB),51904607091,Sosis Single Mabell Siap Makan All Varian,360428943915,Normal Product,,Makanan & Minuman,Makanan Segar & Beku,Daging & Seafood Beku,66500,2,Komisi XTRA,,119700,,0.00%,0,1.00%,1197,1197,0,1197,1197,,0,0.00%,0,100.00%,1197,Tertunda,Pesanan sedang diproses. Komisi akan dikonfirmasi setelah pesanan selesai.,Pesanan dari Toko yang tidak Dipromosikan,Ada,organizerpullout,,,,,Facebook
26060482M2MNMH,Tertunda,234277699257116,2026-06-04 20:08:19,,2026-05-29 22:30:48,Ackermann Official Store,870590641,Shopee Mall(Non-CB),24922283214,Ackermann - Celana Jeans Denim Pria Celana Panjang Slimfit Light Blue 100cm Premium,222912823802,Normal Product,,Pakaian Pria,Celana Panjang Jeans,,153500,1,Komisi XTRA,,94734,,1.50%,1421.01,5.00%,4736.7,6157.71,1421.01,4736.7,6157.71,,0,0.00%,0,100.00%,6157.71,Tertunda,Pesanan sedang diproses. Komisi akan dikonfirmasi setelah pesanan selesai.,Pesanan dari Toko yang tidak Dipromosikan,Ada,organizerpullout,,,,,Websites
26060482J4P1US,Tertunda,234277634286007,2026-06-04 20:07:16,,2026-06-04 19:03:02,ZELINCO.ID,729702829,Preferred(Non-CB),24289649370,100RIBU DAPAT 3 PCS!!! Celana Pendek Pria Polos Non strcht,89071873192,Normal Product,,Pakaian Pria,Celana Pendek,,125000,1,Komisi XTRA,,110000,,1.50%,1650,5.00%,5500,7150,1650,5500,7150,,0,0.00%,0,100.00%,7150,Tertunda,Pesanan sedang diproses. Komisi akan dikonfirmasi setelah pesanan selesai.,Pesanan dari Toko yang tidak Dipromosikan,Ada,organizerpullout,,,,,Facebook
26060482C32DK7,Tertunda,234277431263101,2026-06-04 20:03:51,,2026-06-04 17:06:40,Mama Matteo,220253513,Preferred(Non-CB),47756590813,CUSSONS Baby Hair & Body Wash Pouch 200ml Botol 200ml [100ml + 100ml] / Shampoo Sabun Mandi Cair Body Wash Shampo Bayi Anak Cuss,307425036543,Normal Product,,Ibu & Bayi,Perlengkapan Mandi,Perawatan Rambut & Sabun Mandi,10990,1,Komisi XTRA,,10990,,1.50%,164.85,0.50%,54.95,219.8,434.7,144.9,579.6,,0,0.00%,0,100.00%,579.6,Tertunda,Pesanan sedang diproses. Komisi akan dikonfirmasi setelah pesanan selesai.,Pesanan dari Toko yang tidak Dipromosikan,Ada,rakpiringpengering,,,,,Instagram
26060482C32DK7,Tertunda,234277431263101,2026-06-04 20:03:51,,2026-06-04 17:06:40,Mama Matteo,220253513,Preferred(Non-CB),51656566504,CUSSONS Baby Hair Lotion 100ml [50ml + 50ml] / Minyak Losion Vitamin Rambut Bayi Anak Cusson BANDUNG,330589629147,Normal Product,,Ibu & Bayi,Perlengkapan Mandi,Perawatan Rambut & Sabun Mandi,17990,1,Komisi XTRA,,17990,,1.50%,269.85,0.50%,89.95,359.8,0,0,0,,0,0.00%,0,100.00%,0,Tertunda,Pesanan sedang diproses. Komisi akan dikonfirmasi setelah pesanan selesai.,Pesanan dari Toko yang tidak Dipromosikan,Ada,rakpiringpengering,,,,,Instagram
26060482C32DK6,Tertunda,234277431263101,2026-06-04 20:03:51,,2026-06-04 17:06:40,misley misley,46562514,Preferred(Non-CB),25871418268,"MISLEY - GOUTE Goublush - All in One Cream Blush for Blush On, Eye Shadow & Color Corrector - Blendable l High-Pigmented l Light",158568904367,Normal Product,,Perawatan & Kecantikan,Kosmetik,Kosmetik Wajah,12900,1,Komisi Shopee,,12900,,1.50%,193.5,0.00%,0,193.5,193.5,0,193.5,,0,0.00%,0,100.00%,193.5,Tertunda,Pesanan sedang diproses. Komisi akan dikonfirmasi setelah pesanan selesai.,Pesanan dari Toko yang tidak Dipromosikan,Ada,rakpiringpengering,,,,,Instagram
26060482C32DK5,Tertunda,234277431263101,2026-06-04 20:03:51,,2026-06-04 17:06:40,Cilubaa Grosir,241623354,Preferred(Non-CB),21284706612,CBD Professional Keratin Pro Daily Use Hair Mask 500gr || Keratin Shampoo  250ml || Keratin Conditioner 250ml || Vitamin Spray,232081756775,Normal Product,,Perawatan & Kecantikan,Perawatan Rambut,Treatment Rambut,42599,1,Komisi XTRA,,36988,,1.50%,554.82,5.00%,1849.4,2404.22,1597.005,4023.71,5620.715,,0,0.00%,0,100.00%,5620.715,Tertunda,Pesanan sedang diproses. Komisi akan dikonfirmasi setelah pesanan selesai.,Pesanan dari Toko yang tidak Dipromosikan,Ada,rakpiringpengering,,,,,Instagram
26060482C32DK5,Tertunda,234277431263101,2026-06-04 20:03:51,,2026-06-04 17:06:40,Cilubaa Grosir,241623354,Preferred(Non-CB),21284706612,CBD Professional Keratin Pro Daily Use Hair Mask 500gr || Keratin Shampoo  250ml || Keratin Conditioner 250ml || Vitamin Spray,232081756779,Normal Product,,Perawatan & Kecantikan,Perawatan Rambut,Treatment Rambut,42599,1,Komisi XTRA,,36988,,1.50%,554.82,5.00%,1849.4,2404.22,0,0,0,,0,0.00%,0,100.00%,0,Tertunda,Pesanan sedang diproses. Komisi akan dikonfirmasi setelah pesanan selesai.,Pesanan dari Toko yang tidak Dipromosikan,Ada,rakpiringpengering,,,,,Instagram
26060482C32DK5,Tertunda,234277431263101,2026-06-04 20:03:51,,2026-06-04 17:06:40,Cilubaa Grosir,241623354,Preferred(Non-CB),25551608585,MY BABY Minyak Telon Plus Eucalyptus | Lavender 60ml 90ml 150ml || Minyak Telon Plus Bayi Anti Nyamuk Tahan Lama 8 Jam,148437352884,Normal Product,,Ibu & Bayi,Kesehatan Bayi,Perawatan Kulit Bayi,36099,1,Komisi XTRA,,32491,,1.50%,487.365,1.00%,324.91,812.275,0,0,0,,0,0.00%,0,100.00%,0,Tertunda,Pesanan sedang diproses. Komisi akan dikonfirmasi setelah pesanan selesai.,Pesanan dari Toko yang tidak Dipromosikan,Ada,rakpiringpengering,,,,,Instagram
26060482BRHC34,Tertunda,234277420220475,2026-06-04 20:03:40,,2026-06-04 18:01:30,Edden ,538215853,Preferred(Non-CB),23942444793,Edden 200pcs Cotton bud spiral Cotton swabs Cotton buds berujung ganda,88708148466,Normal Product,,Perawatan & Kecantikan,Alat Kecantikan,Aksesoris Make Up,11100,1,Komisi XTRA,,11100,,1.50%,166.5,0.50%,55.5,222,784.5,261.5,1046,,0,0.00%,0,100.00%,1046,Tertunda,Pesanan sedang diproses. Komisi akan dikonfirmasi setelah pesanan selesai.,Pesanan dari Toko yang tidak Dipromosikan,Ada,rakpiringpengering,,,,,Others
26060482BRHC34,Tertunda,234277420220475,2026-06-04 20:03:40,,2026-06-04 18:01:30,Edden ,538215853,Preferred(Non-CB),41367556901,Edden Sepatu Prewalker Bayi Kaos Kaki Skidder Bayi Katun Lembut Baby Socks Shoes,287481955885,Normal Product,,Fashion Bayi & Anak,Sepatu Bayi,,20600,1,Komisi XTRA,,20600,,1.50%,309,0.50%,103,412,0,0,0,,0,0.00%,0,100.00%,0,Tertunda,Pesanan sedang diproses. Komisi akan dikonfirmasi setelah pesanan selesai.,Pesanan dari Toko yang tidak Dipromosikan,Ada,rakpiringpengering,,,,,Others
26060482BRHC34,Tertunda,234277420220475,2026-06-04 20:03:40,,2026-06-04 18:01:30,Edden ,538215853,Preferred(Non-CB),41367556901,Edden Sepatu Prewalker Bayi Kaos Kaki Skidder Bayi Katun Lembut Baby Socks Shoes,287481955888,Normal Product,,Fashion Bayi & Anak,Sepatu Bayi,,20600,1,Komisi XTRA,,20600,,1.50%,309,0.50%,103,412,0,0,0,,0,0.00%,0,100.00%,0,Tertunda,Pesanan sedang diproses. Komisi akan dikonfirmasi setelah pesanan selesai.,Pesanan dari Toko yang tidak Dipromosikan,Ada,rakpiringpengering,,,,,Others
26060481V6PXEN,Tertunda,234276898211633,2026-06-04 19:54:58,,2026-06-04 17:09:06,MossWood Official Store,1607160214,Shopee Mall(Non-CB),51756424106,MossWood Ortho O1 Kasur Sistem Pegas Cerdas 5 Zona busa spons Pocket Spring 30cm lantai matras anti lembab Free bantal,390579680726,Normal Product,,Perlengkapan Rumah,Kamar Tidur,Matras,2199000,1,Komisi XTRA,,2022763,,1.50%,6877,5.00%,101138.15,108015.15,10000,101138.15,111138.15,,0,0.00%,0,100.00%,111138.15,Tertunda,Pesanan sedang diproses. Komisi akan dikonfirmasi setelah pesanan selesai.,Pesanan dari Toko yang tidak Dipromosikan,Ada,rakpiringpengering,,,,,Instagram
26060481V6PXEN,Tertunda,234276898211633,2026-06-04 19:54:58,,2026-06-04 17:09:06,MossWood Official Store,1607160214,Shopee Mall(Non-CB),49502541466,Mosswood Sleep S1 Springbed 20cm Kasur Busa Pegas Anti Goyang Tahan Lama Bonus Bantal Gratis Ongkir 90x200cm,292224388245,Normal Product,,Perlengkapan Rumah,Kamar Tidur,Matras,999000,1,Komisi Shopee,,918937,,1.50%,3123,0.00%,0,3123,0,0,0,,0,0.00%,0,100.00%,0,Tertunda,Pesanan sedang diproses. Komisi akan dikonfirmasi setelah pesanan selesai.,Pesanan dari Toko yang tidak Dipromosikan,Ada,rakpiringpengering,,,,,Instagram
26060481KRUN3X,Tertunda,234276615254783,2026-06-04 19:50:16,,2026-06-04 17:38:25,rosyid jaya mandiri,1747973724,Preferred(Non-CB),52056310389,JERUK LEMON KALIFORNIA LOKAL 1KG FRESH BESAR LANGSUNG PETIK DARI KEBUN SENDIRI,335570384582,Normal Product,,Makanan & Minuman,Makanan Segar & Beku,Buah-buahan,15500,1,Komisi Shopee,,15500,,1.50%,232.5,0.00%,0,232.5,232.5,0,232.5,,0,0.00%,0,100.00%,232.5,Tertunda,Pesanan sedang diproses. Komisi akan dikonfirmasi setelah pesanan selesai.,Pesanan dari Toko yang tidak Dipromosikan,Ada,organizerpullout,,,,,Facebook
26060480U38B4Y,Tertunda,234275788291658,2026-06-04 19:36:50,,2026-06-04 19:07:03,Grey jack Official Shop,145745630,Shopee Mall(Non-CB),19326481933,Grey Jack Kacamata Anak Bisa Di Lipat Antiradiasi Blueray Photocromic Anti UV 3IN1  TR90+Silicon Terbaru Fashion Anak Laki-laki ,193309672085,Normal Product,,Fashion Bayi & Anak,Aksesoris Bayi & Anak,Kacamata,97681,1,Komisi XTRA,,92796,,1.50%,1391.94,0.50%,463.98,1855.92,1391.94,463.98,1855.92,,0,0.00%,0,100.00%,1855.92,Tertunda,Pesanan sedang diproses. Komisi akan dikonfirmasi setelah pesanan selesai.,Pesanan dari Toko yang tidak Dipromosikan,Ada,rakpiringpengering,,,,,Instagram
26060480A3MR3H,Tertunda,234275217272243,2026-06-04 19:27:04,,2026-06-04 19:07:45,OKK Indonesia Official Store,374620305,Preferred(Non-CB),27813703809,OKK Rak Tempat Sikat Gigi & Odol Tempel Dinding / Wadah Makanan Kulkas Dapur Serbaguna,256753386432,Normal Product,,Perlengkapan Rumah,Kamar Mandi,Tempat Sikat Gigi & Dispenser Odol,15900,2,Komisi XTRA,,28621,,1.50%,429.315,1.50%,429.315,858.63,2307.105,4162.865,6469.97,,0,0.00%,0,100.00%,6469.97,Tertunda,Pesanan sedang diproses. Komisi akan dikonfirmasi setelah pesanan selesai.,Pesanan dari Toko yang tidak Dipromosikan,Ada,rakpiringpengering,,,,,Instagram
26060480A3MR3H,Tertunda,234275217272243,2026-06-04 19:27:04,,2026-06-04 19:07:45,OKK Indonesia Official Store,374620305,Preferred(Non-CB),45303169596,OKK Rak Bumbu Vertikal 3 Susun Minimalis Tahan Lama / Rak Penyimpanan Bawang & Buah Minimalis Kuat,292259094335,Normal Product,,Perlengkapan Rumah,Perlengkapan Dapur,Rak Dapur,50999,1,Komisi XTRA,,45899,,1.50%,688.485,3.50%,1606.465,2294.95,0,0,0,,0,0.00%,0,100.00%,0,Tertunda,Pesanan sedang diproses. Komisi akan dikonfirmasi setelah pesanan selesai.,Pesanan dari Toko yang tidak Dipromosikan,Ada,rakpiringpengering,,,,,Instagram
26060480A3MR3H,Tertunda,234275217272243,2026-06-04 19:27:04,,2026-06-04 19:07:45,OKK Indonesia Official Store,374620305,Preferred(Non-CB),12585934037,OKK Rak Kamar Mandi Rak Dapur Tempat Penyimpanan Serbaguna Rak Besi Gantung Tempelan Dinding Tanpa Bor,117207910024,Normal Product,,Perlengkapan Rumah,Kamar Mandi,Rak & Kabinet Kamar Mandi,17999,2,Komisi XTRA,,32398,,1.50%,485.97,1.50%,485.97,971.94,0,0,0,,0,0.00%,0,100.00%,0,Tertunda,Pesanan sedang diproses. Komisi akan dikonfirmasi setelah pesanan selesai.,Pesanan dari Toko yang tidak Dipromosikan,Ada,rakpiringpengering,,,,,Instagram
26060480A3MR3H,Tertunda,234275217272243,2026-06-04 19:27:04,,2026-06-04 19:07:45,OKK Indonesia Official Store,374620305,Preferred(Non-CB),27793819269,OKK Rak Keranjang Dapur Besi Tempel Tanpa Bor Serbaguna Rak Bumbu Dapur Minimalis Kuat Anti Karat,420304132494,Normal Product,,Perlengkapan Rumah,Perlengkapan Dapur,Rak Dapur,52100,1,Komisi XTRA,,46889,,1.50%,703.335,3.50%,1641.115,2344.45,0,0,0,,0,0.00%,0,100.00%,0,Tertunda,Pesanan sedang diproses. Komisi akan dikonfirmasi setelah pesanan selesai.,Pesanan dari Toko yang tidak Dipromosikan,Ada,rakpiringpengering,,,,,Instagram
2606047YWEB9NN,Tertunda,234274793296120,2026-06-04 19:20:15,,2026-06-04 19:16:14,Rania_1019,1589894546,C2C(Non-CB),41080430475,PROMO GROSIR !! bh dewasa isi 6 pcs / bh busa <b>tanpa kawat</b> / bra jumbo / bra pengencang payudara / bh <b>wanita</b> busa t,345847245996,Normal Product,,Pakaian Wanita,Pakaian Dalam,Bra,33252,1,Komisi XTRA,,33172,,0.00%,0,4.00%,1326.88,1326.88,0,1326.88,1326.88,,0,0.00%,0,100.00%,1326.88,Tertunda,Pesanan sedang diproses. Komisi akan dikonfirmasi setelah pesanan selesai.,Pesanan dari Toko yang tidak Dipromosikan,Ada,organizerpullout,,,,,Others
2606047YFSGJB7,Belum Dibayar,234274334238768,2026-06-04 19:12:14,,2026-06-04 18:09:29,Sinar Jaya Tools,1104044878,Preferred(Non-CB),27760401894,SJT - Kran Angsa Dapur Fleksibel 2 Mode warna Hitam Drat 1/2 inch / Keran Dapur Minimalis,39811144851,Normal Product,,Perlengkapan Rumah,Alat Pertukangan & Renovasi Rumah,Bak Cuci Piring & Kran Air,39900,1,Komisi XTRA,,39900,,0.00%,0,0.00%,0,0,0,0,0,,0,0.00%,0,100.00%,0,Belum Dibayar,Pesanan sedang menunggu pembayaran dari Pembeli.,Pesanan dari Toko yang tidak Dipromosikan,Ada,rakpiringpengering,,,,,Others
2606047YANEFVR,Tertunda,234274162207103,2026-06-04 19:09:22,,2026-06-04 19:06:54,IndoTray,1514752398,Preferred(Non-CB),44100648352,GANTUNGAN PANCI REL BAWAH KITCHEN SET,265051773665,Normal Product,,Perlengkapan Rumah,Perlengkapan Dapur,Rak Dapur,27500,1,Komisi XTRA,,27500,,1.50%,412.5,10.00%,2750,3162.5,412.5,2750,3162.5,,0,0.00%,0,100.00%,3162.5,Tertunda,Pesanan sedang diproses. Komisi akan dikonfirmasi setelah pesanan selesai.,Pesanan Produk dari Toko yang Dipromosikan,Ada,rakpiringpengering,,,,,Others
2606047Y8V7F4V,Tertunda,234274102200828,2026-06-04 19:08:23,,2026-06-04 19:07:01,Beeru Official Store,659099231,Shopee Mall(Non-CB),22103857302,Beeru Stevia Natural Sweetener - 5mL,175002639352,Normal Product,,Makanan & Minuman,Kebutuhan Memasak,Pemanis,44650,1,Komisi XTRA,,27995,,1.50%,419.925,5.00%,1399.75,1819.675,419.925,1399.75,1819.675,,0,0.00%,0,100.00%,1819.675,Tertunda,Pesanan sedang diproses. Komisi akan dikonfirmasi setelah pesanan selesai.,Pesanan dari Toko yang tidak Dipromosikan,Ada,rakpiringpengering,,,,,Instagram
2606047XX05KF7,Tertunda,234273737246934,2026-06-04 19:02:21,,2026-06-04 18:30:44,Bakulorganic,1009544117,Preferred(Non-CB),41604631456,Kaldu Jamur Bubuk 100% Non Msg Penyedap Rasa Halal Mushroom Stock Seasoning Powder,290393951396,Normal Product,,Makanan & Minuman,Kebutuhan Memasak,"Kaldu, Saus, & Sup Instan",37620,1,Komisi XTRA,,32626,,1.50%,489.39,7.50%,2446.95,2936.34,489.39,2446.95,2936.34,,0,0.00%,0,100.00%,2936.34,Tertunda,Pesanan sedang diproses. Komisi akan dikonfirmasi setelah pesanan selesai.,Pesanan dari Toko yang tidak Dipromosikan,Ada,rakpiringpengering,,,,,Others
2606047XV25ADY,Tertunda,234273672217484,2026-06-04 19:01:12,,2026-06-04 18:09:55,Sunc Tools Official Store,604011873,Preferred(Non-CB),19484388830,Lampu LED Portable Baterai Power Tools LXT SUNC TOOLS,325582972374,Normal Product,,Olahraga & Outdoor,Alat Rekreasi Olahraga & Aktivitas Outdoor,Camping & Hiking,310000,1,Komisi XTRA,,279000,,1.50%,4185,2.50%,6975,11160,4185,6975,11160,,0,0.00%,0,100.00%,11160,Tertunda,Pesanan sedang diproses. Komisi akan dikonfirmasi setelah pesanan selesai.,Pesanan dari Toko yang tidak Dipromosikan,Ada,organizerpullout,,,,,Others
2606047XDV84N6,Tertunda,234273196255818,2026-06-04 18:53:17,,2026-06-04 17:03:06,Shafwa_16,151923520,Preferred(Non-CB),14265006701,NEW MOTIF FUTSAL ANAK ANAK UMUR 6-14 th,161124574535,Normal Product,,Olahraga & Outdoor,Pakaian Olahraga & Aktivitas Outdoor,Pakaian Olahraga Anak,37177,1,Komisi XTRA,,29144,,1.50%,437.16,3.50%,1020.04,1457.2,437.16,1020.04,1457.2,,0,0.00%,0,100.00%,1457.2,Tertunda,Pesanan sedang diproses. Komisi akan dikonfirmasi setelah pesanan selesai.,Pesanan dari Toko yang tidak Dipromosikan,Ada,organizerpullout,,,,,Facebook
2606047WWW2R1B,Tertunda,234272660258916,2026-06-04 18:44:21,,2026-06-03 10:32:02,Beauty Corner,8077122,C2C(Non-CB),26069497412,N.CO Parfume Hanasui Eau De Parfume NCO - 100ml Luxurious Fragrance Parfume Wanita Tahan Lama,188026759404,Normal Product,,Perawatan & Kecantikan,Parfum & Wewangian,,31500,1,Komisi XTRA,,26933,,0.00%,0,0.50%,134.665,134.665,0,269.325,269.325,,0,0.00%,0,100.00%,269.325,Tertunda,Pesanan sedang diproses. Komisi akan dikonfirmasi setelah pesanan selesai.,Pesanan dari Toko yang tidak Dipromosikan,Ada,setelanbajukaosmihugajah,,,,,Facebook
2606047WWW2R1B,Tertunda,234272660258916,2026-06-04 18:44:21,,2026-06-03 10:32:02,Beauty Corner,8077122,C2C(Non-CB),26069497412,N.CO Parfume Hanasui Eau De Parfume NCO - 100ml Luxurious Fragrance Parfume Wanita Tahan Lama,330056379138,Normal Product,,Perawatan & Kecantikan,Parfum & Wewangian,,31500,1,Komisi XTRA,,26932,,0.00%,0,0.50%,134.66,134.66,0,0,0,,0,0.00%,0,100.00%,0,Tertunda,Pesanan sedang diproses. Komisi akan dikonfirmasi setelah pesanan selesai.,Pesanan dari Toko yang tidak Dipromosikan,Ada,setelanbajukaosmihugajah,,,,,Facebook
2606047WR5WT80,Tertunda,234272468201515,2026-06-04 18:41:09,,2026-06-04 18:38:17,azlpremium,790830904,Preferred(Non-CB),42675271593,Celana Running 7/8 Bahan Misty Tebal Elastis Sport Celana Olahraga Outdoor Celana Santai Unisex,224589794231,Normal Product,,Olahraga & Outdoor,Pakaian Olahraga & Aktivitas Outdoor,Bawahan Olahraga,105000,1,Komisi XTRA,,94500,,1.50%,1417.5,5.00%,4725,6142.5,1417.5,4725,6142.5,,0,0.00%,0,100.00%,6142.5,Tertunda,Pesanan sedang diproses. Komisi akan dikonfirmasi setelah pesanan selesai.,Pesanan dari Toko yang tidak Dipromosikan,Ada,organizerpullout,,,,,Instagram
2606047VJDNF19,Tertunda,234271201257227,2026-06-04 18:20:01,,2026-05-31 04:35:57,TnT Beauty Shop,744873,Preferred(Non-CB),7604976715,Wardah Crystal Secret Series | Day&Night Cream | Cleanser | Toner | Cleansing Gel | TnT Beauty Shop,16353468183,Normal Product,,Perawatan & Kecantikan,Paket & Set Kecantikan,,155000,1,Komisi XTRA,,136391,,1.50%,2045.865,0.50%,681.955,2727.82,2045.865,681.955,2727.82,,0,0.00%,0,100.00%,2727.82,Tertunda,Pesanan sedang diproses. Komisi akan dikonfirmasi setelah pesanan selesai.,Pesanan dari Toko yang tidak Dipromosikan,Ada,organizerpullout,,,,,Facebook
2606047VG5677Y,Tertunda,234271125254855,2026-06-04 18:18:46,,2026-06-04 18:04:35,Multishop.99,1349119522,Preferred(Non-CB),40904653648,Sikat Kawat Pembersih Kolam / Sikat Lumut Kolam Renang / Sikat Baja,305396388357,Normal Product,,Perlengkapan Rumah,Perawatan Rumah,Sikat Pembersih,84000,1,Komisi Shopee,,84000,,1.50%,1260,0.00%,0,1260,1260,0,1260,,0,0.00%,0,100.00%,1260,Tertunda,Pesanan sedang diproses. Komisi akan dikonfirmasi setelah pesanan selesai.,Pesanan dari Toko yang tidak Dipromosikan,Ada,rakpiringpengering,,,,,Others
2606047V773EFP,Tertunda,234270825270516,2026-06-04 18:13:53,,2026-06-04 17:05:29,MurahBeli,28851481,Preferred(Non-CB),23874567045,MB Rak Gantung Kamar Mandi Keramik Rak Dapur Besi Keranjang Tempat Sabun Jaring,225441692215,Normal Product,,Perlengkapan Rumah,Perlengkapan Dapur,Rak Dapur,29999,1,Komisi XTRA,,19481,,1.50%,292.215,1.00%,194.81,487.025,292.215,194.81,487.025,,0,0.00%,0,100.00%,487.025,Tertunda,Pesanan sedang diproses. Komisi akan dikonfirmasi setelah pesanan selesai.,Pesanan dari Toko yang tidak Dipromosikan,Ada,rakpiringpengering,,,,,Instagram
2606047UW6MTA9,Tertunda,234270489258744,2026-06-04 18:08:10,,2026-06-04 17:57:22,Sunrays.id,1692069230,Preferred(Non-CB),50358386129,S073 - Kacamata Hitam Retro Oval TR90 Anti UV400 Pria Wanita Frameless,425937969698,Normal Product,,Aksesoris Fashion,Kacamata & Aksesoris,Kacamata Hitam,87500,1,Komisi XTRA,,70000,,1.50%,1050,5.00%,3500,4550,1050,3500,4550,,0,0.00%,0,100.00%,4550,Tertunda,Pesanan sedang diproses. Komisi akan dikonfirmasi setelah pesanan selesai.,Pesanan dari Toko yang tidak Dipromosikan,Ada,rakpiringpengering,,,,,Facebook
2606047UF898Y2,Tertunda,234270021203203,2026-06-04 18:00:21,,2026-05-31 08:04:56,Wardah Official Shop,59763733,Shopee Mall(Non-CB),28674821713,[Gift Not For Sale] NFS Wardah Matte Lip Cream 22 Rouge Velvet 1.2g,247564765514,Normal Product,461847585378720_0_0,Perawatan & Kecantikan,Kosmetik,Kosmetik Bibir,0,1,Komisi Shopee,,0,,1.50%,0,0.00%,0,0,2212.47,7374.9,9587.37,,0,0.00%,0,100.00%,9587.37,Tertunda,Pesanan sedang diproses. Komisi akan dikonfirmasi setelah pesanan selesai.,Pesanan dari Toko yang tidak Dipromosikan,Ada,rakpiringpengering,,,,,Websites
2606047UF898Y2,Tertunda,234270021203203,2026-06-04 18:00:21,,2026-05-31 08:04:56,Wardah Official Shop,59763733,Shopee Mall(Non-CB),48057109287,"NEW! Wardah Staylock Lip Matte: 20H+ Long lasting Lip Cream, Real Life Approved!-Lip Matte Ringan Nyaman Smooth Long Lasting Foo",375712064853,Normal Product,461847585378720_0_0,Perawatan & Kecantikan,Kosmetik,Kosmetik Bibir,180480,1,Komisi XTRA,,147498,,1.50%,2212.47,5.00%,7374.9,9587.37,0,0,0,,0,0.00%,0,100.00%,0,Tertunda,Pesanan sedang diproses. Komisi akan dikonfirmasi setelah pesanan selesai.,Pesanan dari Toko yang tidak Dipromosikan,Ada,rakpiringpengering,,,,,Websites
2606047UD5JXTY,Tertunda,234269951262689,2026-06-04 17:59:11,,2026-06-04 17:35:21,halfwellstudios,326767365,Preferred(Non-CB),29306630092,KODE 1 - 100 [CELANA BAHAN/KANTOR/FORMAL],256292790961,Normal Product,,Pakaian Pria,Jas Formal,Celana Formal,39999,1,Komisi Shopee,,39999,,1.50%,599.985,0.00%,0,599.985,599.985,0,599.985,,0,0.00%,0,100.00%,599.985,Tertunda,Pesanan sedang diproses. Komisi akan dikonfirmasi setelah pesanan selesai.,Pesanan dari Toko yang tidak Dipromosikan,Ada,organizerpullout,,,,,Others
2606047TVGFQ1Q,Tertunda,234269392272619,2026-06-04 17:49:59,,2026-05-31 11:18:16,Rosanna Online Official Shop,3257766,Shopee Mall(Non-CB),28813004522,Tinggi 30: Sprei Fitted Hotel Microtencel Premium Gramasi 125 Double Karet Anti Geser,178450814080,Normal Product,441679152951485_0_0,Perlengkapan Rumah,Kamar Tidur,"Sprei, Sarung Bantal, & Sarung Guling",155375,1,Komisi XTRA,,136037,,1.50%,2040.555,2.50%,3400.925,5441.48,4830.975,8051.625,12882.6,,0,0.00%,0,100.00%,12882.6,Tertunda,Pesanan sedang diproses. Komisi akan dikonfirmasi setelah pesanan selesai.,Pesanan dari Toko yang tidak Dipromosikan,Ada,organizerpullout,,,,,Instagram
2606047TVGFQ1Q,Tertunda,234269392272619,2026-06-04 17:49:59,,2026-05-31 11:18:16,Rosanna Online Official Shop,3257766,Shopee Mall(Non-CB),41601242420,Etalase Bundling Pembelian Up 200k,260100430908,Normal Product,441679152951485_0_0,Aksesoris Fashion,Logam Mulia,Platinum & Emas,0,1,Komisi XTRA,,0,,1.50%,0,2.50%,0,0,0,0,0,,0,0.00%,0,100.00%,0,Tertunda,Pesanan sedang diproses. Komisi akan dikonfirmasi setelah pesanan selesai.,Pesanan dari Toko yang tidak Dipromosikan,Ada,organizerpullout,,,,,Instagram
2606047TVGFQ1Q,Tertunda,234269392272619,2026-06-04 17:49:59,,2026-05-31 11:18:16,Rosanna Online Official Shop,3257766,Shopee Mall(Non-CB),28813004522,Tinggi 30: Sprei Fitted Hotel Microtencel Premium Gramasi 125 Double Karet Anti Geser,178450814079,Normal Product,441679152951485_0_0,Perlengkapan Rumah,Kamar Tidur,"Sprei, Sarung Bantal, & Sarung Guling",212475,1,Komisi XTRA,,186028,,1.50%,2790.42,2.50%,4650.7,7441.12,0,0,0,,0,0.00%,0,100.00%,0,Tertunda,Pesanan sedang diproses. Komisi akan dikonfirmasi setelah pesanan selesai.,Pesanan dari Toko yang tidak Dipromosikan,Ada,organizerpullout,,,,,Instagram
2606047TFU4HVX,Tertunda,234268967230797,2026-06-04 17:42:47,,2026-06-04 17:27:22,Hanasui Official Shop,129681299,Shopee Mall(Non-CB),24791849576,Hanasui Next Level Liplast Cream - Liplast Cream Tahan Lama Pigmented Matte Finish Maximum Coverage Ringan,325515373909,Normal Product,,Perawatan & Kecantikan,Kosmetik,Kosmetik Bibir,45825,1,Komisi XTRA,,30440,,1.50%,456.6,7.50%,2283,2739.6,456.6,2283,2739.6,,0,0.00%,0,100.00%,2739.6,Tertunda,Pesanan sedang diproses. Komisi akan dikonfirmasi setelah pesanan selesai.,Pesanan dari Toko yang tidak Dipromosikan,Ada,organizerpullout,,,,,Websites
2606047TC4WVEG,Tertunda,234268843286034,2026-06-04 17:40:45,,2026-06-04 17:37:43, Lianggui Official Store,1213262148,Shopee Mall(Non-CB),42602376500,"Lianggui - Crab Stick HALAL - Cemilan Santai Harian Pedas/BBQ, Seafood Gurih, Snack Kantor Buat Ngemil",445571252537,Normal Product,,Makanan & Minuman,Makanan Ringan,Makanan Ringan Kering,73500,1,Komisi XTRA,,55763,,1.50%,836.445,3.50%,1951.705,2788.15,836.445,1951.705,2788.15,,0,0.00%,0,100.00%,2788.15,Tertunda,Pesanan sedang diproses. Komisi akan dikonfirmasi setelah pesanan selesai.,Pesanan dari Toko yang tidak Dipromosikan,Ada,rakpiringpengering,,,,,Facebook
2606047T51WC1A,Tertunda,234268605232100,2026-06-04 17:36:45,,2026-05-31 13:41:14,Vela Official Store,1665644146,Shopee Mall(Non-CB),44079088986,[Kupon Gratis] Peringkat/ Review 5 Bintang Dapatkan Kupon Tisu Vela,365613094176,Normal Product,434009125700650_0_0,Perlengkapan Rumah,Perawatan Rumah,Tisu & Tisu Kertas,0,1,Komisi Shopee,,0,,1.50%,0,0.00%,0,0,1484.97,0,1484.97,,0,0.00%,0,100.00%,1484.97,Tertunda,Pesanan sedang diproses. Komisi akan dikonfirmasi setelah pesanan selesai.,Pesanan dari Toko yang tidak Dipromosikan,Ada,rakpiringpengering,,,,,Instagram
2606047T51WC1A,Tertunda,234268605232100,2026-06-04 17:36:45,,2026-05-31 13:41:14,Vela Official Store,1665644146,Shopee Mall(Non-CB),48002966467,VELA Tissue Gantung BUY 2 GET 1 isi 840 Sheets 3 Ply Capybara,405284309513,Normal Product,434009125700650_0_0,Perlengkapan Rumah,Perawatan Rumah,Tisu & Tisu Kertas,49999,1,Komisi Shopee,,49499,,1.50%,742.485,0.00%,0,742.485,0,0,0,,0,0.00%,0,100.00%,0,Tertunda,Pesanan sedang diproses. Komisi akan dikonfirmasi setelah pesanan selesai.,Pesanan dari Toko yang tidak Dipromosikan,Ada,rakpiringpengering,,,,,Instagram
2606047T51WC1A,Tertunda,234268605232100,2026-06-04 17:36:45,,2026-05-31 13:41:14,Vela Official Store,1665644146,Shopee Mall(Non-CB),48052971384,VELA Tissue Gantung BUY 2 GET 1 isi 840 Sheets 3 Ply Flower,370284397093,Normal Product,434009125700650_0_0,Perlengkapan Rumah,Perawatan Rumah,Tisu & Tisu Kertas,49999,1,Komisi Shopee,,49499,,1.50%,742.485,0.00%,0,742.485,0,0,0,,0,0.00%,0,100.00%,0,Tertunda,Pesanan sedang diproses. Komisi akan dikonfirmasi setelah pesanan selesai.,Pesanan dari Toko yang tidak Dipromosikan,Ada,rakpiringpengering,,,,,Instagram
2606047S2WXRYN,Tertunda,234267460248440,2026-06-04 17:17:44,,2026-06-04 17:00:10,VOOVA Official Shop,513462614,Shopee Mall(Non-CB),25439388412,VOOVA 1 SET ISI 4 PCS Pulpen Gel Mekanik 0.5mm Soft Hand Eurobag Pen Holder Matte Color,227143806797,Normal Product,0_465575415661157_1,Buku & Alat Tulis,Alat Tulis,Pulpen & Tinta,8366,1,Komisi XTRA,,5856,,1.50%,87.84,2.50%,146.4,234.24,350.23499,583.72499,933.95998,,0,0.00%,0,100.00%,933.95998,Tertunda,Pesanan sedang diproses. Komisi akan dikonfirmasi setelah pesanan selesai.,Pesanan dari Toko yang tidak Dipromosikan,Ada,rakpiringpengering,,,,,Instagram
2606047S2WXRYN,Tertunda,234267460248440,2026-06-04 17:17:44,,2026-06-04 17:00:10,VOOVA Official Shop,513462614,Shopee Mall(Non-CB),25439388412,VOOVA 1 SET ISI 4 PCS Pulpen Gel Mekanik 0.5mm Soft Hand Eurobag Pen Holder Matte Color,227143806794,Normal Product,0_465575415661157_2,Buku & Alat Tulis,Alat Tulis,Pulpen & Tinta,8365.95795,1,Komisi XTRA,,5855.95795,,1.50%,87.83936,2.50%,146.39894,234.2383,0,0,0,,0,0.00%,0,100.00%,0,Tertunda,Pesanan sedang diproses. Komisi akan dikonfirmasi setelah pesanan selesai.,Pesanan dari Toko yang tidak Dipromosikan,Ada,rakpiringpengering,,,,,Instagram
2606047S2WXRYN,Tertunda,234267460248440,2026-06-04 17:17:44,,2026-06-04 17:00:10,VOOVA Official Shop,513462614,Shopee Mall(Non-CB),25439388412,VOOVA 1 SET ISI 4 PCS Pulpen Gel Mekanik 0.5mm Soft Hand Eurobag Pen Holder Matte Color,227143806795,Normal Product,0_465575415661157_2,Buku & Alat Tulis,Alat Tulis,Pulpen & Tinta,8258.04204,1,Komisi XTRA,,5781.04204,,1.50%,86.71563,2.50%,144.52605,231.24168,0,0,0,,0,0.00%,0,100.00%,0,Tertunda,Pesanan sedang diproses. Komisi akan dikonfirmasi setelah pesanan selesai.,Pesanan dari Toko yang tidak Dipromosikan,Ada,rakpiringpengering,,,,,Instagram
2606047S2WXRYN,Tertunda,234267460248440,2026-06-04 17:17:44,,2026-06-04 17:00:10,VOOVA Official Shop,513462614,Shopee Mall(Non-CB),25439388412,VOOVA 1 SET ISI 4 PCS Pulpen Gel Mekanik 0.5mm Soft Hand Eurobag Pen Holder Matte Color,227143806796,Normal Product,0_465575415661157_1,Buku & Alat Tulis,Alat Tulis,Pulpen & Tinta,8366,1,Komisi XTRA,,5856,,1.50%,87.84,2.50%,146.4,234.24,0,0,0,,0,0.00%,0,100.00%,0,Tertunda,Pesanan sedang diproses. Komisi akan dikonfirmasi setelah pesanan selesai.,Pesanan dari Toko yang tidak Dipromosikan,Ada,rakpiringpengering,,,,,Instagram
2606047RTWF1N0,Belum Dibayar,234267191283935,2026-06-04 17:13:12,,2026-06-03 11:35:22,Wardah Official Shop,59763733,Shopee Mall(Non-CB),1881843981,WARDAH Perfect Bright Moisturizer Bright + Smooth Glow SPF 30 PA+++ 20 ml - Skincare,51563407815,Normal Product,,Perawatan & Kecantikan,Perawatan Wajah,Pelembab Wajah,31500,1,Komisi XTRA,,28350,,0.00%,0,0.00%,0,0,0,0,0,,0,0.00%,0,100.00%,0,Belum Dibayar,Pesanan sedang menunggu pembayaran dari Pembeli.,Pesanan dari Toko yang tidak Dipromosikan,Ada,setelanbajukaosmihugajah,,,,,Websites
2606047RTWF1N0,Belum Dibayar,234267191283935,2026-06-04 17:13:12,,2026-06-03 11:35:22,Wardah Official Shop,59763733,Shopee Mall(Non-CB),19739841681,WARDAH Perfect Bright Bright + Night Glow Night Moisturizer 20 ml - Skincare,212027617823,Normal Product,,Perawatan & Kecantikan,Perawatan Wajah,Pelembab Wajah,32500,1,Komisi XTRA,,29250,,0.00%,0,0.00%,0,0,0,0,0,,0,0.00%,0,100.00%,0,Belum Dibayar,Pesanan sedang menunggu pembayaran dari Pembeli.,Pesanan dari Toko yang tidak Dipromosikan,Ada,setelanbajukaosmihugajah,,,,,Websites
2606047RTWF1N0,Belum Dibayar,234267191283935,2026-06-04 17:13:12,,2026-06-03 11:35:22,Wardah Official Shop,59763733,Shopee Mall(Non-CB),23443500623,"WARDAH Perfect Set Moisturizer + Serum For Perfect Result - Acne Solver Care, Bright Barrier, Repair Boost, Healthy Glowing, Oil",251150164809,Normal Product,,Perawatan & Kecantikan,Paket & Set Kecantikan,,234240,1,Komisi XTRA,,210816,,0.00%,0,0.00%,0,0,0,0,0,,0,0.00%,0,100.00%,0,Belum Dibayar,Pesanan sedang menunggu pembayaran dari Pembeli.,Pesanan dari Toko yang tidak Dipromosikan,Ada,setelanbajukaosmihugajah,,,,,Websites
2606047RTWF1N0,Belum Dibayar,234267191283935,2026-06-04 17:13:12,,2026-06-03 11:35:22,Wardah Official Shop,59763733,Shopee Mall(Non-CB),24990995014,WARDAH Perfect Bright Perfectyl + Vitamin C Pore Perfecting C-Glow Serum - Micro Peeling Serum-Mencerahkan dan Menghaluskan kuli,257571528795,Normal Product,,Perawatan & Kecantikan,Perawatan Wajah,Serum & Essence Wajah,36000,1,Komisi XTRA,,32400,,0.00%,0,0.00%,0,0,0,0,0,,0,0.00%,0,100.00%,0,Belum Dibayar,Pesanan sedang menunggu pembayaran dari Pembeli.,Pesanan dari Toko yang tidak Dipromosikan,Ada,setelanbajukaosmihugajah,,,,,Websites
2606047MQKJQTE,Tertunda,234262786290584,2026-06-04 16:00:07,,2026-06-03 09:40:44,HasbyKids,1429444861,C2C(Non-CB),57560780145,Setelan Baju Kaos dan Celana Mihu Mihu Motif Gajah Thailand Anak Perempuan Usia 3-12 Tahun,380942160841,Normal Product,,Fashion Bayi & Anak,Pakaian Anak Perempuan,Jas & Setelan,42839,1,Komisi XTRA,,42839,,0.00%,0,10.00%,4283.9,4283.9,0,4283.9,4283.9,,0,0.00%,0,100.00%,4283.9,Tertunda,Pesanan sedang diproses. Komisi akan dikonfirmasi setelah pesanan selesai.,Pesanan Produk dari Toko yang Dipromosikan,Ada,setelanbajukaosmihugajah,,,,,Facebook
2606047JGNS3GE,Tertunda,234260405231615,2026-06-04 15:20:05,,2026-05-31 10:24:32,Loong Jump direct,1483351278,Preferred(Non-CB),46900238985,LOONG JUMP Tas Selempang Tas Wanita Bag Elegan Hand Bag Selempang Klasik Wanita,310021593857,Normal Product,,Tas Wanita,Tas Selempang & Bahu Wanita,,139999,1,Komisi XTRA,,115918,,1.50%,1738.77,4.00%,4636.72,6375.49,1738.77,4636.72,6375.49,,0,0.00%,0,100.00%,6375.49,Tertunda,Pesanan sedang diproses. Komisi akan dikonfirmasi setelah pesanan selesai.,Pesanan dari Toko yang tidak Dipromosikan,Ada,rakpiringpengering,,,,,Instagram
2606047JGNS3GD,Tertunda,234260405231615,2026-06-04 15:20:05,,2026-05-31 10:24:32,Annur.Collection09,567889718,Preferred(Non-CB),25651124364,[ COD ] Bella Square 50 Warna Hijab Segiempat Premium Anti Letoy,240029119551,Normal Product,464378520682527_0_0,Fashion Muslim,Pakaian Muslim Wanita,Hijab,12200,1,Komisi Shopee,,9629,,1.50%,144.435,0.00%,0,144.435,577.8,0,577.8,,0,0.00%,0,100.00%,577.8,Tertunda,Pesanan sedang diproses. Komisi akan dikonfirmasi setelah pesanan selesai.,Pesanan dari Toko yang tidak Dipromosikan,Ada,rakpiringpengering,,,,,Instagram
2606047JGNS3GD,Tertunda,234260405231615,2026-06-04 15:20:05,,2026-05-31 10:24:32,Annur.Collection09,567889718,Preferred(Non-CB),12738784246,Scrunchie Jumbo / Ikat Rambut / Cepol Hijab / Aksesoris Jilbab Warna Random Bisa COD / INSTAN / GOJEK,131750706941,Normal Product,464378520682527_0_0,Aksesoris Fashion,Aksesoris Rambut,"Ikat Rambut, Pita & Scrunchie",0,1,Komisi Shopee,,0,,1.50%,0,0.00%,0,0,0,0,0,,0,0.00%,0,100.00%,0,Tertunda,Pesanan sedang diproses. Komisi akan dikonfirmasi setelah pesanan selesai.,Pesanan dari Toko yang tidak Dipromosikan,Ada,rakpiringpengering,,,,,Instagram
2606047JGNS3GD,Tertunda,234260405231615,2026-06-04 15:20:05,,2026-05-31 10:24:32,Annur.Collection09,567889718,Preferred(Non-CB),25651124364,[ COD ] Bella Square 50 Warna Hijab Segiempat Premium Anti Letoy,39385964970,Normal Product,464378520682527_0_0,Fashion Muslim,Pakaian Muslim Wanita,Hijab,12200,1,Komisi Shopee,,9632,,1.50%,144.48,0.00%,0,144.48,0,0,0,,0,0.00%,0,100.00%,0,Tertunda,Pesanan sedang diproses. Komisi akan dikonfirmasi setelah pesanan selesai.,Pesanan dari Toko yang tidak Dipromosikan,Ada,rakpiringpengering,,,,,Instagram
2606047JGNS3GD,Tertunda,234260405231615,2026-06-04 15:20:05,,2026-05-31 10:24:32,Annur.Collection09,567889718,Preferred(Non-CB),25651124364,[ COD ] Bella Square 50 Warna Hijab Segiempat Premium Anti Letoy,240029119537,Normal Product,464378520682527_0_0,Fashion Muslim,Pakaian Muslim Wanita,Hijab,12200,1,Komisi Shopee,,9630,,1.50%,144.45,0.00%,0,144.45,0,0,0,,0,0.00%,0,100.00%,0,Tertunda,Pesanan sedang diproses. Komisi akan dikonfirmasi setelah pesanan selesai.,Pesanan dari Toko yang tidak Dipromosikan,Ada,rakpiringpengering,,,,,Instagram
2606047JGNS3GD,Tertunda,234260405231615,2026-06-04 15:20:05,,2026-05-31 10:24:32,Annur.Collection09,567889718,Preferred(Non-CB),25651124364,[ COD ] Bella Square 50 Warna Hijab Segiempat Premium Anti Letoy,240029119540,Normal Product,464378520682527_0_0,Fashion Muslim,Pakaian Muslim Wanita,Hijab,12200,1,Komisi Shopee,,9629,,1.50%,144.435,0.00%,0,144.435,0,0,0,,0,0.00%,0,100.00%,0,Tertunda,Pesanan sedang diproses. Komisi akan dikonfirmasi setelah pesanan selesai.,Pesanan dari Toko yang tidak Dipromosikan,Ada,rakpiringpengering,,,,,Instagram
2606047H4ARG1B,Tertunda,234258917286661,2026-06-04 14:55:19,,2026-06-03 11:36:15,startlux.id,7264301,Preferred(Non-CB),29867241224,OMG Oh My Glam Coverlast Cushion 15gr No Oxidize Skintint Make Up Foundation,99687236142,Normal Product,,Perawatan & Kecantikan,Kosmetik,Kosmetik Wajah,61600,1,Komisi XTRA,,46199,,1.50%,692.985,3.00%,1385.97,2078.955,692.985,1385.97,2078.955,,0,0.00%,0,100.00%,2078.955,Tertunda,Pesanan sedang diproses. Komisi akan dikonfirmasi setelah pesanan selesai.,Pesanan dari Toko yang tidak Dipromosikan,Baru,setelanbajukaosmihugajah,,,,,Facebook
2606047H4ARG1A,Dibatalkan,234258917286660,2026-06-04 14:55:19,--,2026-06-03 11:36:15,Arsyas2122,176180769,Preferred(Non-CB),20759960726,CUSSONS BABY CREAM 50/100 GR,146178861521,Normal Product,,Ibu & Bayi,Kesehatan Bayi,Perawatan Kulit Bayi,13999,1,Komisi Shopee,,10500,,0.00%,0,0.00%,0,0,0,0,0,,0,0.00%,0,100.00%,0,Dibatalkan,Pesanan tidak memenuhi S&K.,Pesanan dari Toko yang tidak Dipromosikan,Baru,setelanbajukaosmihugajah,,,,,Facebook
2606047FGBF7CK,Tertunda,234257173209651,2026-06-04 14:26:14,,2026-06-04 03:58:06,PT. Ikon Surabaya Farmamart,531798886,Preferred(Non-CB),48102069461,ISF BEDAK BB HARUM SARI BEDAK ANTI KERINGAT BAU BADAN,380200966338,Normal Product,,Perawatan & Kecantikan,Perawatan Tubuh,Deodoran,11500,1,Komisi Shopee,,11500,,1.50%,172.5,0.00%,0,172.5,172.5,0,172.5,,0,0.00%,0,100.00%,172.5,Tertunda,Pesanan sedang diproses. Komisi akan dikonfirmasi setelah pesanan selesai.,Pesanan dari Toko yang tidak Dipromosikan,Ada,rakpiringpengering,,,,,Facebook
2606047EP0EMCD,Tertunda,234256289239935,2026-06-04 14:11:29,,2026-06-04 01:41:09,jackjacktoys,1344899779,Preferred(Non-CB),29614424041,Jackjacktoys Mainan Interaktif Lucu Anak Boneka Baby Girl dengan Dot Susu Terdapat Suara Papa Mama,251802413276,Normal Product,,Ibu & Bayi,Mainan,Boneka & Mainan Boneka,28400,1,Komisi Shopee,,22147,,1.50%,332.205,0.00%,0,332.205,332.205,0,332.205,,0,0.00%,0,100.00%,332.205,Tertunda,Pesanan sedang diproses. Komisi akan dikonfirmasi setelah pesanan selesai.,Pesanan dari Toko yang tidak Dipromosikan,Ada,rakpiringpengering,,,,,Instagram
2606047E02JRS3,Tertunda,234255553262335,2026-06-04 13:59:14,,2026-06-03 11:13:27,HasbyKids,1429444861,C2C(Non-CB),57560780145,Setelan Baju Kaos dan Celana Mihu Mihu Motif Gajah Thailand Anak Perempuan Usia 3-12 Tahun,380942160829,Normal Product,,Fashion Bayi & Anak,Pakaian Anak Perempuan,Jas & Setelan,42839,1,Komisi XTRA,,42839,,0.00%,0,10.00%,4283.9,4283.9,0,4283.9,4283.9,,0,0.00%,0,100.00%,4283.9,Tertunda,Pesanan sedang diproses. Komisi akan dikonfirmasi setelah pesanan selesai.,Pesanan Produk dari Toko yang Dipromosikan,Ada,setelanbajukaosmihugajah,,,,,Facebook
2606047DDHBGES,Tertunda,234254931222832,2026-06-04 13:48:51,,2026-06-03 16:07:05,TAS BAYI MULTIFUNGSI,864655922,Preferred(Non-CB),20146114702,TAS BAYI 6003 - Tas Bayi Multifungsi YOUAREMYSUNSHINE Tas Perlengkapan Bayi Multifungsi 2in1 Kasur Tidur Tas Ransel Diaper Bag -,174472191389,Normal Product,,Ibu & Bayi,Perlengkapan Travelling Bayi,Tas Perlengkapan Bayi,160000,1,Komisi XTRA,,144000,,1.50%,2160,1.00%,1440,3600,2160,1440,3600,,0,0.00%,0,100.00%,3600,Tertunda,Pesanan sedang diproses. Komisi akan dikonfirmasi setelah pesanan selesai.,Pesanan dari Toko yang tidak Dipromosikan,Ada,setelanbajukaosmihugajah,,,,,Facebook
2606047DDHBGER,Tertunda,234254931222831,2026-06-04 13:48:51,,2026-06-03 16:07:05,Unicharm Official Shop,65901744,Shopee Mall(Non-CB),1220069837,MamyPoko X-tra Kering - NB-S 44 - Popok Perekat Newborn Bayi Baru Lahir,41565031922,Normal Product,,Ibu & Bayi,Popok & Pispot,Popok Sekali Pakai,52570,1,Komisi XTRA,,52570,,1.50%,788.55,0.50%,262.85,1051.4,788.55,262.85,1051.4,,0,0.00%,0,100.00%,1051.4,Tertunda,Pesanan sedang diproses. Komisi akan dikonfirmasi setelah pesanan selesai.,Pesanan dari Toko yang tidak Dipromosikan,Ada,setelanbajukaosmihugajah,,,,,Facebook
2606047CMQ0G82,Tertunda,234254099290962,2026-06-04 13:35:20,,2026-06-03 10:34:35,Xuan Packing,1551220082,Preferred(Non-CB),42806985228,Cup Sealer Isi 1200 Cup / Plastik Lid Cup Sealer / Tutup Gelas / Tutup Minuman Gelas / Cup Minuman,295592115078,Normal Product,,Perlengkapan Rumah,Perlengkapan Dapur,Sealer,34990,1,Komisi XTRA,,25990,,1.50%,389.85,0.50%,129.95,519.8,389.85,129.95,519.8,,0,0.00%,0,100.00%,519.8,Tertunda,Pesanan sedang diproses. Komisi akan dikonfirmasi setelah pesanan selesai.,Pesanan dari Toko yang tidak Dipromosikan,Ada,setelanbajukaosmihugajah,,,,,Facebook
2606047CKSCRAK,Tertunda,234254067232991,2026-06-04 13:34:27,,2026-05-31 13:05:56,Rempah Bu Risma,222117744,Preferred(Non-CB),17328342062,Teh Bunga Krisan - Bunga Chrysantemum Rempah Bu Risma,97211899252,Normal Product,,Makanan & Minuman,Minuman,Teh,12300,1,Komisi XTRA,,12300,,1.50%,184.5,2.00%,246,430.5,469.5,626,1095.5,,0,0.00%,0,100.00%,1095.5,Tertunda,Pesanan sedang diproses. Komisi akan dikonfirmasi setelah pesanan selesai.,Pesanan dari Toko yang tidak Dipromosikan,Ada,organizerpullout,,,,,Websites
2606047CKSCRAK,Tertunda,234254067232991,2026-06-04 13:34:27,,2026-05-31 13:05:56,Rempah Bu Risma,222117744,Preferred(Non-CB),19256693843,Dried Lavender Tea 10 Gram - Teh Lavender Kering Rempah Bu Risma,98782840706,Normal Product,,Makanan & Minuman,Minuman,Teh,19000,1,Komisi XTRA,,19000,,1.50%,285,2.00%,380,665,0,0,0,,0,0.00%,0,100.00%,0,Tertunda,Pesanan sedang diproses. Komisi akan dikonfirmasi setelah pesanan selesai.,Pesanan dari Toko yang tidak Dipromosikan,Ada,organizerpullout,,,,,Websites
2606047A997CG0,Tertunda,234251567255790,2026-06-04 12:52:47,,2026-06-03 11:42:53,Toko Bunga Grosir,40798349,Preferred(Non-CB),23759692559,Kertas / Buket Bunga Polos Matte Wrapping Paper Flower Bouquet/Hampers/Gift Wrapping,204708590666,Normal Product,,Buku & Alat Tulis,Pembungkus Kado & Kemasan,Kertas Kado,1363,5,Komisi XTRA,,4770,,1.50%,71.55,5.00%,238.5,310.05,71.55,238.5,310.05,,0,0.00%,0,100.00%,310.05,Tertunda,Pesanan sedang diproses. Komisi akan dikonfirmasi setelah pesanan selesai.,Pesanan dari Toko yang tidak Dipromosikan,Ada,setelangajahthaialand,,,,,Facebook
26060479P22U6G,Tertunda,234250922234893,2026-06-04 12:42:02,,2026-06-03 10:23:22,LeviereKids Official Store,97430363,Shopee Mall(Non-CB),25509309619,LVRkids Mark SIZE 26-36 Sepatu Sneakers Anak Fashion Kekinian Sepatu Sport Anak LV0537,245240045342,Normal Product,,Fashion Bayi & Anak,Sepatu Anak Laki-Laki,Sepatu Sneaker,139900,1,Komisi XTRA,,121409,,1.50%,1821.135,0.50%,607.045,2428.18,1821.135,607.045,2428.18,,0,0.00%,0,100.00%,2428.18,Tertunda,Pesanan sedang diproses. Komisi akan dikonfirmasi setelah pesanan selesai.,Pesanan dari Toko yang tidak Dipromosikan,Ada,setelangajahthaialand,,,,,Facebook
26060479P22U6F,Tertunda,234250922234893,2026-06-04 12:42:02,,2026-06-03 10:23:22,Little Pep Official Shop,81438583,Shopee Mall(Non-CB),8949259565,Little Pep - CRAFT - Kaos anak dan dewasa motif game kesukaan anak,129195262947,Normal Product,,Fashion Bayi & Anak,Pakaian Anak Laki-Laki,Atasan,92000,1,Komisi XTRA,,78601,,1.50%,1179.015,3.50%,2751.035,3930.05,1179.015,2751.035,3930.05,,0,0.00%,0,100.00%,3930.05,Tertunda,Pesanan sedang diproses. Komisi akan dikonfirmasi setelah pesanan selesai.,Pesanan dari Toko yang tidak Dipromosikan,Ada,setelangajahthaialand,,,,,Facebook
26060479NC6GU2,Tertunda,234250899281590,2026-06-04 12:41:41,,2026-05-31 11:28:03,INDOVENTI Official Store,1105633846,Preferred(Non-CB),46050355899,MCDODO Kabel Charger For iPhone Type C to Lightning Fast Charging,244068972206,Normal Product,,Handphone & Aksesoris,Aksesoris,"Kabel, Charger, & Konverter",55000,1,Komisi XTRA,,44000,,0.50%,220,2.50%,1100,1320,220,1100,1320,,0,0.00%,0,100.00%,1320,Tertunda,Pesanan sedang diproses. Komisi akan dikonfirmasi setelah pesanan selesai.,Pesanan dari Toko yang tidak Dipromosikan,Ada,rakpiringpengering,,,,,Instagram
26060479KRPHV4,Tertunda,234250845285339,2026-06-04 12:40:46,,2026-06-03 12:01:02,ENISOO STORE,20871650,Preferred(Non-CB),22459410992,ENISOO STORE - Parfum ISTY 6ml roll on EDP vanilla cake / Eau De Perfume,400358030417,Normal Product,,Perawatan & Kecantikan,Parfum & Wewangian,,5880,1,Komisi XTRA,,2880,,1.50%,43.2,0.50%,14.4,57.6,43.2,14.4,57.6,,0,0.00%,0,100.00%,57.6,Tertunda,Pesanan sedang diproses. Komisi akan dikonfirmasi setelah pesanan selesai.,Pesanan dari Toko yang tidak Dipromosikan,Ada,setelangajahthaialand,,,,,Facebook
26060479B5Y464,Tertunda,234250557209593,2026-06-04 12:35:58,,2026-06-04 05:38:19,intiboga,96968021,Preferred(Non-CB),15588848756,Euro Gourmet Saus Sambal Extra Pedas 1 Kg -  Extra Hot Chili Sauce,58902896891,Normal Product,,Makanan & Minuman,Kebutuhan Memasak,Bumbu Masak,18900,1,Komisi Shopee,,17137,,1.50%,257.055,0.00%,0,257.055,583.5,0,583.5,,0,0.00%,0,100.00%,583.5,Tertunda,Pesanan sedang diproses. Komisi akan dikonfirmasi setelah pesanan selesai.,Pesanan dari Toko yang tidak Dipromosikan,Ada,organizerpullout,,,,,Threads
26060479B5Y464,Tertunda,234250557209593,2026-06-04 12:35:58,,2026-06-04 05:38:19,intiboga,96968021,Preferred(Non-CB),22145895582,Euro Gourmet Barbeque Sauce 250gr - Saus BBQ,196826350337,Normal Product,,Makanan & Minuman,Kebutuhan Memasak,Bumbu Masak,12500,1,Komisi Shopee,,11334,,1.50%,170.01,0.00%,0,170.01,0,0,0,,0,0.00%,0,100.00%,0,Tertunda,Pesanan sedang diproses. Komisi akan dikonfirmasi setelah pesanan selesai.,Pesanan dari Toko yang tidak Dipromosikan,Ada,organizerpullout,,,,,Threads
26060479B5Y464,Tertunda,234250557209593,2026-06-04 12:35:58,,2026-06-04 05:38:19,intiboga,96968021,Preferred(Non-CB),26366813429,Java Superfood Rice Paper Bulat 100gr isi 10 lembar - Kulit Lumpia Vietnam - Vietnamese Spring Roll - Banh Trang,223430435930,Normal Product,,Makanan & Minuman,Roti & Kue,Roti & Kue Lainnya,11500,1,Komisi Shopee,,10429,,1.50%,156.435,0.00%,0,156.435,0,0,0,,0,0.00%,0,100.00%,0,Tertunda,Pesanan sedang diproses. Komisi akan dikonfirmasi setelah pesanan selesai.,Pesanan dari Toko yang tidak Dipromosikan,Ada,organizerpullout,,,,,Threads
26060477RHQAFR,Tertunda,234248858250460,2026-06-04 12:07:39,,2026-05-31 20:00:59,Arnad Store,1102043976,Preferred(Non-CB),56954899455,Kerudung Anak Ngaji Model Serut Simpel Nyaman Dipakai,420453048881,Normal Product,,Fashion Muslim,Pakaian Muslim Anak,Pakaian Muslim Anak Perempuan,18800,1,Komisi Shopee,,17174,,1.50%,257.61,0.00%,0,257.61,772.845,0,772.845,,0,0.00%,0,100.00%,772.845,Tertunda,Pesanan sedang diproses. Komisi akan dikonfirmasi setelah pesanan selesai.,Pesanan dari Toko yang tidak Dipromosikan,Ada,organizerpullout,,,,,Instagram
26060477RHQAFR,Tertunda,234248858250460,2026-06-04 12:07:39,,2026-05-31 20:00:59,Arnad Store,1102043976,Preferred(Non-CB),56954899455,Kerudung Anak Ngaji Model Serut Simpel Nyaman Dipakai,400453055603,Normal Product,,Fashion Muslim,Pakaian Muslim Anak,Pakaian Muslim Anak Perempuan,18800,1,Komisi Shopee,,17175,,1.50%,257.625,0.00%,0,257.625,0,0,0,,0,0.00%,0,100.00%,0,Tertunda,Pesanan sedang diproses. Komisi akan dikonfirmasi setelah pesanan selesai.,Pesanan dari Toko yang tidak Dipromosikan,Ada,organizerpullout,,,,,Instagram
26060477RHQAFR,Tertunda,234248858250460,2026-06-04 12:07:39,,2026-05-31 20:00:59,Arnad Store,1102043976,Preferred(Non-CB),56954899455,Kerudung Anak Ngaji Model Serut Simpel Nyaman Dipakai,420453048853,Normal Product,,Fashion Muslim,Pakaian Muslim Anak,Pakaian Muslim Anak Perempuan,18800,1,Komisi Shopee,,17174,,1.50%,257.61,0.00%,0,257.61,0,0,0,,0,0.00%,0,100.00%,0,Tertunda,Pesanan sedang diproses. Komisi akan dikonfirmasi setelah pesanan selesai.,Pesanan dari Toko yang tidak Dipromosikan,Ada,organizerpullout,,,,,Instagram
26060477H81FSA,Dibatalkan,234248613224231,2026-06-04 12:03:34,--,2026-06-04 05:54:06,adidas Official Shop ,270510657,Shopee Mall(Non-CB),49701017894,adidas Lifestyle VL Court Base Shoes Men Blue JR2212,350090423822,Normal Product,,Olahraga & Outdoor,Sepatu Olahraga,Sepatu Training,450000,0,Komisi XTRA,,0,404950,1.50%,0,3.00%,0,0,0,0,0,,0,0.00%,0,100.00%,0,Dibatalkan,Pembeli membatalkan pesanan.,Pesanan dari Toko yang tidak Dipromosikan,Ada,rakpiringpengering,,,,,Websites
26060477FW3YUT,Tertunda,234248568210150,2026-06-04 12:02:48,,2026-06-03 07:49:22,Buttered Official Shop,884855345,Shopee Mall(Non-CB),20858387299,[Pre-Order] Buttered Premium Lip Balm Harian SPF 30 PA++++ Daily Lip Balm untuk Pemakaian Harian dengan Broad Spectrum UVA UVB M,410569605344,Normal Product,,Perawatan & Kecantikan,Perawatan Wajah,Treatment Bibir,22900,1,Komisi XTRA,,22900,,1.50%,343.5,2.50%,572.5,916,343.5,572.5,916,,0,0.00%,0,100.00%,916,Tertunda,Pesanan sedang diproses. Komisi akan dikonfirmasi setelah pesanan selesai.,Pesanan dari Toko yang tidak Dipromosikan,Ada,setelangajahthaialand,,,,,Facebook
260604777CC4J6,Tertunda,234248282228550,2026-06-04 11:58:03,,2026-06-03 14:10:52,Zahira Center,244215950,Preferred(Non-CB),40466892519,Organic Black Chia Seed 250Gr Premium Rasa Nikmat Dijamin Bersih Higienis Untuk Diet Ketogenic Keto,253843270364,Normal Product,,Makanan & Minuman,Makanan Ringan,Biji-bijian,20900,1,Komisi XTRA,,20900,,1.50%,313.5,0.50%,104.5,418,313.5,104.5,418,,0,0.00%,0,100.00%,418,Tertunda,Pesanan sedang diproses. Komisi akan dikonfirmasi setelah pesanan selesai.,Pesanan dari Toko yang tidak Dipromosikan,Ada,rakpiringpengering,,,,,Others
26060475Y323DT,Tertunda,234246930277446,2026-06-04 11:35:37,,2026-06-03 14:57:45,CahayaManis_Shop,26008269,Preferred(Non-CB),51906869626,Setelan Jersey Anak Edisi Lebaran Motif Indomi Snack Jajanan Kekinian Untuk Usia 1-10 Tahun,345614965730,Normal Product,,Fashion Bayi & Anak,Pakaian Anak Laki-Laki,Jas & Setelan,37620,1,Komisi XTRA,,28103,,1.50%,421.545,3.50%,983.605,1405.15,421.545,983.605,1405.15,,0,0.00%,0,100.00%,1405.15,Tertunda,Pesanan sedang diproses. Komisi akan dikonfirmasi setelah pesanan selesai.,Pesanan dari Toko yang tidak Dipromosikan,Ada,setelangajahthaialand,,,,,Facebook
26060475VSJ62X,Tertunda,234246853219270,2026-06-04 11:34:13,,2026-06-04 00:30:23,The Pink Stuff Official Store,932941897,Shopee Mall(Non-CB),22618170442,The Pink Stuff The Miracle Cleaning Paste (850g),175475150863,Normal Product,,Perlengkapan Rumah,Perawatan Rumah,Pembersih,105158,1,Komisi XTRA,,95158,,1.50%,1427.37,2.00%,1903.16,3330.53,1427.37,1903.16,3330.53,,0,0.00%,0,100.00%,3330.53,Tertunda,Pesanan sedang diproses. Komisi akan dikonfirmasi setelah pesanan selesai.,Pesanan dari Toko yang tidak Dipromosikan,Ada,rakpiringpengering,,,,,Websites
26060475VSJ62W,Tertunda,234246853219270,2026-06-04 11:34:13,,2026-06-04 00:30:23,bhineka_plastik,505091715,Preferred(Non-CB),3496853694,"Plastik sampah Kuning 90x120/ 60x100/ 50x75/ 40x60, kantong plastik medis, Plastik Sampah Infeksius",36971141392,Normal Product,,Perlengkapan Rumah,Perawatan Rumah,Kantong Plastik  & Kantong Sampah,32500,2,Komisi XTRA,,65000,,1.50%,975,1.50%,975,1950,1462.5,1462.5,2925,,0,0.00%,0,100.00%,2925,Tertunda,Pesanan sedang diproses. Komisi akan dikonfirmasi setelah pesanan selesai.,Pesanan dari Toko yang tidak Dipromosikan,Ada,rakpiringpengering,,,,,Websites
26060475VSJ62W,Tertunda,234246853219270,2026-06-04 11:34:13,,2026-06-04 00:30:23,bhineka_plastik,505091715,Preferred(Non-CB),3496853694,"Plastik sampah Kuning 90x120/ 60x100/ 50x75/ 40x60, kantong plastik medis, Plastik Sampah Infeksius",214693399413,Normal Product,,Perlengkapan Rumah,Perawatan Rumah,Kantong Plastik  & Kantong Sampah,32500,1,Komisi XTRA,,32500,,1.50%,487.5,1.50%,487.5,975,0,0,0,,0,0.00%,0,100.00%,0,Tertunda,Pesanan sedang diproses. Komisi akan dikonfirmasi setelah pesanan selesai.,Pesanan dari Toko yang tidak Dipromosikan,Ada,rakpiringpengering,,,,,Websites
26060475T5MK1K,Tertunda,234246765217629,2026-06-04 11:32:45,,2026-06-03 11:30:16,NARA MEOW,186152659,Preferred(Non-CB),26560668070,(NARA MEOW) SANJI DOMPET KARTU 24 SLOT MINIMALIS CARD WALLET KULIT PU,256557418024,Normal Product,,Tas Wanita,Dompet Wanita,Dompet Kartu,10400,1,Komisi XTRA,,10400,,1.50%,156,5.00%,520,676,156,520,676,,0,0.00%,0,100.00%,676,Tertunda,Pesanan sedang diproses. Komisi akan dikonfirmasi setelah pesanan selesai.,Pesanan dari Toko yang tidak Dipromosikan,Ada,setelanbajukaosmihugajah,,,,,Facebook
26060475GMH58E,Tertunda,234246445288623,2026-06-04 11:27:27,,2026-06-03 18:42:02,Nutrimart,12656836,Shopee Mall(Non-CB),42877755069,[FREE Mug Edisi Spesial Tropicana Slim DIABTX] Susu Tropicana Slim DIABTX Vanilla Malt 900 g DIABETX TM - Bantu kontrol gula dar,282309794114,Normal Product,464394253525015_0_0,Makanan & Minuman,Susu & Olahan,Susu,185000,1,Komisi XTRA,,181000,,1.50%,2715,2.00%,3620,6335,2715,3620,6335,,0,0.00%,0,100.00%,6335,Tertunda,Pesanan sedang diproses. Komisi akan dikonfirmasi setelah pesanan selesai.,Pesanan dari Toko yang tidak Dipromosikan,Ada,setelanbajukaosmihugajah,,,,,Facebook
26060475GMH58E,Tertunda,234246445288623,2026-06-04 11:27:27,,2026-06-03 18:42:02,Nutrimart,12656836,Shopee Mall(Non-CB),56204895773,Gift 2026 - Mug Tropicana Slim Diabtx Milk,370451574919,Normal Product,464394253525015_0_0,Perlengkapan Rumah,Peralatan Makan,"Cangkir, Mug, & Gelas",0,1,Komisi XTRA,,0,,1.50%,0,2.00%,0,0,0,0,0,,0,0.00%,0,100.00%,0,Tertunda,Pesanan sedang diproses. Komisi akan dikonfirmasi setelah pesanan selesai.,Pesanan dari Toko yang tidak Dipromosikan,Ada,setelanbajukaosmihugajah,,,,,Facebook
260604759U1KPW,Tertunda,234246217233891,2026-06-04 11:23:37,,2026-06-04 01:27:23,Girnee,1091336,Preferred(Non-CB),24411081696,Khusus Penutup Sedotan Stanley 10mm/ Tutup Sedotan Stanley Karakter/Reuseable Straw Topper/Tutup Lucu Anti Debu Tumbler Stanley ,233229375991,Normal Product,,Perlengkapan Rumah,Peralatan Makan,Sedotan,10000,1,Komisi XTRA,,10000,,1.50%,150,5.50%,550,700,150,550,700,,0,0.00%,0,100.00%,700,Tertunda,Pesanan sedang diproses. Komisi akan dikonfirmasi setelah pesanan selesai.,Pesanan dari Toko yang tidak Dipromosikan,Ada,rakpiringpengering,,,,,Instagram
260604759U1KPV,Tertunda,234246217233891,2026-06-04 11:23:37,,2026-06-04 01:27:23,3Sixty Official,388179423,Preferred(Non-CB),8966757332,Gantungan Baju Tempel Pintu Minimalis HOOK NICE DAY Belakang Pintu Tanpa Paku Kuat 6 Kaitan Enudden,75935746613,Normal Product,,Perlengkapan Rumah,Organizer Rumah,Gantungan,14050,1,Komisi XTRA,,14050,,1.50%,210.75,1.50%,210.75,421.5,210.75,210.75,421.5,,0,0.00%,0,100.00%,421.5,Tertunda,Pesanan sedang diproses. Komisi akan dikonfirmasi setelah pesanan selesai.,Pesanan dari Toko yang tidak Dipromosikan,Ada,rakpiringpengering,,,,,Instagram
260604740EC6GM,Dibatalkan,234244828214174,2026-06-04 11:00:28,--,2026-06-03 13:01:39,halo office,1648976188,Preferred(Non-CB),51100242040,QUAFF Hand Held Hole Punch Satu Lubang - 3mm/6mm Puncher Metal Awet Cocok Hang Tag & Tiket,390022289353,Normal Product,,Buku & Alat Tulis,Perlengkapan Sekolah & Kantor,Pembolong Kertas,10600,0,Komisi XTRA,,0,7139,1.50%,0,3.00%,0,0,0,0,0,,0,0.00%,0,100.00%,0,Dibatalkan,Pembeli membatalkan pesanan.,Pesanan dari Toko yang tidak Dipromosikan,Ada,setelanbajukaosmihugajah,,,,,Facebook
26060473R1GQ9G,Tertunda,234244547291125,2026-06-04 10:56:08,,2026-06-04 04:20:14,Auzeal Official Store,1611661749,Shopee Mall(Non-CB),40573934116,Auzeal Polyurethane Foam PU Foam Spray 750ml PU Busa Foam Sealant Polyurethane Foam Anti Air Cocok,296944676957,Normal Product,,Perlengkapan Rumah,Alat Pertukangan & Renovasi Rumah,Perekat & Tape,56627,1,Komisi XTRA,,56627,,1.50%,849.405,4.50%,2548.215,3397.62,849.405,2548.215,3397.62,,0,0.00%,0,100.00%,3397.62,Tertunda,Pesanan sedang diproses. Komisi akan dikonfirmasi setelah pesanan selesai.,Pesanan dari Toko yang tidak Dipromosikan,Ada,rakpiringpengering,,,,,Instagram
26060473JWDFSB,Tertunda,234244374226585,2026-06-04 10:52:54,,2026-06-04 06:17:25,A3 BEAUTY,107734583,Preferred(Non-CB),26364058327,TISSUE NICE 10 PACK / 360 HELAI,176731422178,Normal Product,,Perlengkapan Rumah,Perawatan Rumah,Tisu & Tisu Kertas,65500,1,Komisi Shopee,,62225,,1.50%,933.375,0.00%,0,933.375,933.375,0,933.375,,0,0.00%,0,100.00%,933.375,Tertunda,Pesanan sedang diproses. Komisi akan dikonfirmasi setelah pesanan selesai.,Pesanan dari Toko yang tidak Dipromosikan,Ada,organizerpullout,,,,,Others
26060473648VU6,Tertunda,234243945206910,2026-06-04 10:45:45,,2026-06-04 05:26:02,Resya_Hijab,1735631038,Preferred(Non-CB),56655653290,Resyahijab Pashmina Rayon Tencel Premium (Free Pouch) | Pashmina Tencel Original | Pashmina Turkish Shawl,350565417614,Normal Product,,Fashion Muslim,Pakaian Muslim Wanita,Hijab,39618,1,Komisi XTRA,,30326,,1.50%,454.89,7.00%,2122.82,2577.71,454.89,2122.82,2577.71,,0,0.00%,0,100.00%,2577.71,Tertunda,Pesanan sedang diproses. Komisi akan dikonfirmasi setelah pesanan selesai.,Pesanan dari Toko yang tidak Dipromosikan,Ada,rakpiringpengering,,,,,Instagram
26060473648VU5,Tertunda,234243945206910,2026-06-04 10:45:45,,2026-06-04 05:26:02,Ayu Grosir Kirana,122647040,Preferred(Non-CB),50003971282,GENTLE GEN DETERGEN TUMBUHAN KEMASAN RENCENG 1000 16PCS FREE PIRING CANTIK,297301205092,Normal Product,,Perlengkapan Rumah,Perawatan Rumah,Perawatan Pakaian,13525,2,Komisi Shopee,,23564,,1.50%,353.46,0.00%,0,353.46,353.46,0,353.46,,0,0.00%,0,100.00%,353.46,Tertunda,Pesanan sedang diproses. Komisi akan dikonfirmasi setelah pesanan selesai.,Pesanan dari Toko yang tidak Dipromosikan,Ada,rakpiringpengering,,,,,Instagram
26060473648VU4,Tertunda,234243945206910,2026-06-04 10:45:45,,2026-06-04 05:26:02,Ekastar,1109570888,Preferred(Non-CB),28626918461,Penutup Saluran Pembuangan Air Lantai Kamar Mandi Saringan Sumbatan Injak Anti Bau,247690185157,Normal Product,,Perlengkapan Rumah,Kamar Mandi,Kamar Mandi Lainnya,17200,1,Komisi XTRA,,16855,,1.50%,252.825,7.50%,1264.125,1516.95,252.825,1264.125,1516.95,,0,0.00%,0,100.00%,1516.95,Tertunda,Pesanan sedang diproses. Komisi akan dikonfirmasi setelah pesanan selesai.,Pesanan dari Toko yang tidak Dipromosikan,Ada,rakpiringpengering,,,,,Instagram
26060473648VU3,Tertunda,234243945206910,2026-06-04 10:45:45,,2026-06-04 05:26:02,Bocyn Bag,114024778,Preferred(Non-CB),21191723487,6 Set Anting Hoop Kotak Emas Perak Elegan Anting Mutiara Hati Untuk Aksesoris Perhiasan Wanita Alloy Gold Silver [s],119070577796,Normal Product,,Aksesoris Fashion,Anting,,28009,1,Komisi XTRA,,27448,,1.50%,411.72,5.00%,1372.4,1784.12,411.72,1372.4,1784.12,,0,0.00%,0,100.00%,1784.12,Tertunda,Pesanan sedang diproses. Komisi akan dikonfirmasi setelah pesanan selesai.,Pesanan dari Toko yang tidak Dipromosikan,Ada,rakpiringpengering,,,,,Instagram
26060473648VU2,Tertunda,234243945206910,2026-06-04 10:45:45,,2026-06-04 05:26:02,Kaifa91,402644560,Preferred(Non-CB),7583643237,Gorden Kolong Dapur Minimalis Uk +-100 x 70 cm Bonus Tali,222482600303,Normal Product,,Perlengkapan Rumah,Dekorasi,Tirai & Tirai Gulung,11360,1,Komisi XTRA,,11136,,1.50%,167.04,3.00%,334.08,501.12,167.04,334.08,501.12,,0,0.00%,0,100.00%,501.12,Tertunda,Pesanan sedang diproses. Komisi akan dikonfirmasi setelah pesanan selesai.,Pesanan dari Toko yang tidak Dipromosikan,Ada,rakpiringpengering,,,,,Instagram
26060472FAQR4S,Tertunda,234243180230129,2026-06-04 10:33:00,,2026-06-02 14:33:36,EmLife.id,572802783,Preferred(Non-CB),14794730018,Rak Bawah Wastafel Rak Dapur Yang Dapat Ditarik Di Bawah Rak Panci Wastafel Rak Multifungsi,183096875509,Normal Product,,Perlengkapan Rumah,Perlengkapan Dapur,Rak Dapur,207200,1,Komisi XTRA,,182336,,1.50%,2735.04,3.00%,5470.08,8205.12,2735.04,5470.08,8205.12,,0,0.00%,0,100.00%,8205.12,Tertunda,Pesanan sedang diproses. Komisi akan dikonfirmasi setelah pesanan selesai.,Pesanan Produk dari Toko yang Dipromosikan,Ada,rakpiringpengering,,,,,Instagram
260604726DJ2EP,Tertunda,234242881208538,2026-06-04 10:28:02,,2026-06-04 05:12:44,Guardian Official Shop,186214521,Shopee Mall(Non-CB),28032554410,Sea Makeup Stayput Prime & Set Continuous Setting Spray - Velvet Matte Finish Setting Spray Acne-Prone Skin 100Ml,243114756886,Normal Product,,Perawatan & Kecantikan,Kosmetik,Kosmetik Wajah,67500,1,Komisi XTRA,,57500,,1.50%,862.5,1.00%,575,1437.5,862.5,575,1437.5,,0,0.00%,0,100.00%,1437.5,Tertunda,Pesanan sedang diproses. Komisi akan dikonfirmasi setelah pesanan selesai.,Pesanan dari Toko yang tidak Dipromosikan,Ada,rakpiringpengering,,,,,Instagram
26060471QPFU81,Tertunda,234242387250843,2026-06-04 10:19:48,,2026-05-31 19:29:09,CROWN STRIPING OFFICIAL,658683341,Preferred(Non-CB),53605752785,(COD) Sticker Sponsor Pack Racing Premium Vinyl Hologram 40pcs - Stiker Dekorasi Helm Laptop Tumbler Jurnal Waterproof - Setiker,249160308787,Normal Product,,Sepeda Motor,Aksesoris Sepeda Motor,"Stiker, Logo, & Emblem",14500,1,Komisi XTRA,,14500,,1.50%,217.5,4.00%,580,797.5,217.5,580,797.5,,0,0.00%,0,100.00%,797.5,Tertunda,Pesanan sedang diproses. Komisi akan dikonfirmasi setelah pesanan selesai.,Pesanan dari Toko yang tidak Dipromosikan,Ada,rakpiringpengering,,,,,Facebook
260604705KAE4Q,Selesai,234240706201757,2026-06-04 09:51:46,2026-06-05 08:51:59,2026-06-04 03:17:17,Nature_Herb,165286280,Preferred(Non-CB),2843175931,"[READY TERMURAH] FLIMTY fiber Kemasan Baru | Fit, Slim and Healthy | ECERAN | BPOM ASLI",231199894690,Normal Product,,Makanan & Minuman,Menu Sarapan,Menu Sarapan Lainnya,65131,1,Komisi XTRA,,63829,,1.50%,957.435,1.00%,638.29,1595.725,5329.875,3553.25,8883.125,,0,0.00%,0,100.00%,8883.125,Selesai,,Pesanan dari Toko yang tidak Dipromosikan,Ada,rakpiringpengering,,,,,Others
260604705KAE4Q,Selesai,234240706201757,2026-06-04 09:51:46,2026-06-05 08:51:59,2026-06-04 03:17:17,Nature_Herb,165286280,Preferred(Non-CB),23652330601,[DIJAMIN ORI] HOTTO PURTO MAME & COCOA | Oat Antioksidan BPOM ORIGINAL,215963779710,Normal Product,,Makanan & Minuman,Menu Sarapan,"Sereal, Granola, & Oat",297446,1,Komisi XTRA,,291496,,1.50%,4372.44,1.00%,2914.96,7287.4,0,0,0,,0,0.00%,0,100.00%,0,Selesai,,Pesanan dari Toko yang tidak Dipromosikan,Ada,rakpiringpengering,,,,,Others
260604705512GU,Tertunda,234240691214463,2026-06-04 09:51:31,,2026-06-03 10:46:08,danangspeedshop94,49579040,Preferred(Non-CB),28628388761,Corong Velocity Karbu Super Flow Versi Kuwalitas A Untuk PE 24 26 28 30 PWK 32 33 34 35 Lengkap Baut 3pcs,242794258838,Normal Product,,Sepeda Motor,Suku Cadang Motor,Sistem Bahan Bakar,17500,1,Komisi XTRA,,17500,,1.50%,262.5,0.50%,87.5,350,262.5,87.5,350,,0,0.00%,0,100.00%,350,Tertunda,Pesanan sedang diproses. Komisi akan dikonfirmasi setelah pesanan selesai.,Pesanan dari Toko yang tidak Dipromosikan,Ada,setelanbajukaosmihugajah,,,,,Facebook
2606046YUD85DR,Tertunda,234240365290933,2026-06-04 09:46:27,,2026-06-03 11:45:13,Big Bee Official Store,497343497,Shopee Mall(Non-CB),23017373899,Big Bee Gendongan Hipseat Bayi Depan Saku Karakter Tiger Series,223276011422,Normal Product,,Ibu & Bayi,Perlengkapan Travelling Bayi,Gendongan Bayi,155000,1,Komisi XTRA,,130720,,1.50%,1960.8,6.00%,7843.2,9804,1960.8,7843.2,9804,,0,0.00%,0,100.00%,9804,Tertunda,Pesanan sedang diproses. Komisi akan dikonfirmasi setelah pesanan selesai.,Pesanan dari Toko yang tidak Dipromosikan,Ada,setelanbajukaosmihugajah,,,,,Facebook
2606046YB7BDUF,Tertunda,234239821242871,2026-06-04 09:37:05,,2026-06-03 12:59:25,Anggita Store,1150569277,Preferred(Non-CB),27323404224,Mukena Anak Motif Tas Ransel | Mukena Anak Rayon TK SD Tanggung | Mukena,360304392969,Normal Product,,Fashion Muslim,Pakaian Muslim Anak,Pakaian Muslim Anak Perempuan,125000,1,Komisi XTRA,,106250,,1.50%,1593.75,2.50%,2656.25,4250,1593.75,2656.25,4250,,0,0.00%,0,100.00%,4250,Tertunda,Pesanan sedang diproses. Komisi akan dikonfirmasi setelah pesanan selesai.,Pesanan dari Toko yang tidak Dipromosikan,Ada,setelanbajukaosmihugajah,,,,,Facebook
2606046Y9G2Q8U,Dibatalkan,234239763280369,2026-06-04 09:36:05,--,2026-06-03 10:30:24,Gerai.kemeja.pria_,966827169,C2C(Non-CB),24365530035,Kemeja Pria Lengan Pendek Kemeja Pria Polos,187334668216,Normal Product,,Pakaian Pria,Atasan,Kemeja,100,0,Komisi XTRA,,0,100,0.00%,0,2.50%,0,0,0,0,0,,0,0.00%,0,100.00%,0,Dibatalkan,Pengiriman gagal.,Pesanan dari Toko yang tidak Dipromosikan,Ada,setelanbajukaosmihugajah,,,,,Facebook
2606046WA6D8BJ,Dibatalkan,234237639217733,2026-06-04 09:00:39,--,2026-06-04 04:21:31,Toko Emas Gadjah,828460029,Preferred(Non-CB),19077829977,Gelang Tali Fashion Emas Black Clover - Toko Emas Gadjah,247580536285,Normal Product,,Aksesoris Fashion,Perhiasan Berharga,Gelang Tangan,591000,0,Komisi XTRA,,0,591000,1.50%,0,0.50%,0,0,0,0,0,,0,0.00%,0,100.00%,0,Dibatalkan,Pesanan tidak memenuhi S&K.,Pesanan dari Toko yang tidak Dipromosikan,Ada,rakpiringpengering,,,,,Instagram
2606046VNFMRN1,Tertunda,234236944252948,2026-06-04 08:49:05,,2026-06-04 05:04:43,Halodoc Official Shop,574119945,Shopee Mall(Non-CB),19849395577,La Roche Posay Cicaplast Baume B5+ Ultra-Repairing Soothing Balm 15 ml,174590609753,Normal Product,,Perawatan & Kecantikan,Perawatan Wajah,Pelembab Wajah,340338,1,Komisi XTRA,,275673,,1.50%,4135.095,1.75%,4824.2775,8959.3725,4135.095,4824.2775,8959.3725,,0,0.00%,0,100.00%,8959.3725,Tertunda,Pesanan sedang diproses. Komisi akan dikonfirmasi setelah pesanan selesai.,Pesanan dari Toko yang tidak Dipromosikan,Ada,rakpiringpengering,,,,,Instagram
2606046UXFC4SF,Tertunda,234236172210348,2026-06-04 08:36:13,,2026-06-03 12:49:27,DRW Cellular Surabaya GROSIR,1050467678,Preferred(Non-CB),24212643993,TEMPERED GLASS STATIC HD MAX BENING FULL | GROSIR MINIMAL PEMBELIAN 10 PCS PER TIPE,99512042654,Normal Product,,Handphone & Aksesoris,Aksesoris,Pelindung Layar Handphone,2999,100,Komisi XTRA,,292432,,0.50%,1462.16,5.50%,16083.76,17545.92,1462.16,16083.76,17545.92,,0,0.00%,0,100.00%,17545.92,Tertunda,Pesanan sedang diproses. Komisi akan dikonfirmasi setelah pesanan selesai.,Pesanan dari Toko yang tidak Dipromosikan,Ada,setelanbajukaosmihugajah,,,,,Facebook
2606046TDJE24J,Tertunda,234234531268566,2026-06-04 08:08:52,,2026-06-04 01:25:14,YOOT.ID,1357066968,Preferred(Non-CB),43901498215,Kepala Shower Cebok Bidet Spray Jet Shower Toilet 1/2 Inch Anti Karat Selang Standar Indonesia YOOT,300122440479,Normal Product,0_434038058008939_1,Perlengkapan Rumah,Kamar Mandi,Kamar Mandi Lainnya,19400,3,Komisi Shopee,,56200,,1.50%,843,0.00%,0,843,843,0,843,,0,0.00%,0,100.00%,843,Tertunda,Pesanan sedang diproses. Komisi akan dikonfirmasi setelah pesanan selesai.,Pesanan dari Toko yang tidak Dipromosikan,Ada,rakpiringpengering,,,,,Facebook
2606046SAW9BN9,Tertunda,234233368233153,2026-06-04 07:49:28,,2026-06-04 06:17:56,Haneulshop,158113456,Preferred(Non-CB),41177053958,Colgate Optic White,375262340017,Normal Product,,Kesehatan,Perawatan Diri,Perawatan Mulut,33000,1,Komisi Shopee,,29700,,1.50%,445.5,0.00%,0,445.5,1309.5,0,1309.5,,0,0.00%,0,100.00%,1309.5,Tertunda,Pesanan sedang diproses. Komisi akan dikonfirmasi setelah pesanan selesai.,Pesanan dari Toko yang tidak Dipromosikan,Ada,rakpiringpengering,,,,,Instagram
2606046SAW9BN9,Tertunda,234233368233153,2026-06-04 07:49:28,,2026-06-04 06:17:56,Haneulshop,158113456,Preferred(Non-CB),41177053958,Colgate Optic White,400262338281,Normal Product,,Kesehatan,Perawatan Diri,Perawatan Mulut,31000,1,Komisi Shopee,,27900,,1.50%,418.5,0.00%,0,418.5,0,0,0,,0,0.00%,0,100.00%,0,Tertunda,Pesanan sedang diproses. Komisi akan dikonfirmasi setelah pesanan selesai.,Pesanan dari Toko yang tidak Dipromosikan,Ada,rakpiringpengering,,,,,Instagram
2606046SAW9BN9,Tertunda,234233368233153,2026-06-04 07:49:28,,2026-06-04 06:17:56,Haneulshop,158113456,Preferred(Non-CB),41177053958,Colgate Optic White,375262340015,Normal Product,,Kesehatan,Perawatan Diri,Perawatan Mulut,33000,1,Komisi Shopee,,29700,,1.50%,445.5,0.00%,0,445.5,0,0,0,,0,0.00%,0,100.00%,0,Tertunda,Pesanan sedang diproses. Komisi akan dikonfirmasi setelah pesanan selesai.,Pesanan dari Toko yang tidak Dipromosikan,Ada,rakpiringpengering,,,,,Instagram
2606046SAW9BN8,Tertunda,234233368233153,2026-06-04 07:49:28,,2026-06-04 06:17:56,Watsons Indonesia Official,30736001,Shopee Mall(Non-CB),25061670344,Moist Diane Shampoo Extra Volume & Scalp 450ml,240295663920,Normal Product,,Perawatan & Kecantikan,Perawatan Rambut,Shampo,103000,1,Komisi XTRA,,92700,,1.50%,1390.5,1.25%,1158.75,2549.25,1390.5,1158.75,2549.25,,0,0.00%,0,100.00%,2549.25,Tertunda,Pesanan sedang diproses. Komisi akan dikonfirmasi setelah pesanan selesai.,Pesanan dari Toko yang tidak Dipromosikan,Ada,rakpiringpengering,,,,,Instagram
2606046S2DGMHK,Tertunda,234233083268672,2026-06-04 07:44:44,,2026-06-04 04:44:18,E-TIFE Official Store,908346763,Shopee Mall(Non-CB),24718356862,E-TIFE Rak Microwave Oven Rak Rice Cooker Rak Serbaguna Dapur Rak Penyimpanan Rak Bumbu Rak Panci,137863997381,Normal Product,,Perlengkapan Rumah,Perlengkapan Dapur,Rak Dapur,259000,1,Komisi XTRA,,233100,,1.50%,3496.5,0.50%,1165.5,4662,3496.5,1165.5,4662,,0,0.00%,0,100.00%,4662,Tertunda,Pesanan sedang diproses. Komisi akan dikonfirmasi setelah pesanan selesai.,Pesanan dari Toko yang tidak Dipromosikan,Ada,rakpiringpengering,,,,,Instagram
2606046S2DGMHJ,Tertunda,234233083268672,2026-06-04 07:44:44,,2026-06-04 04:44:18,Workshop Rak Dapur Oficial,1496195981,C2C(Non-CB),24693424461,Tempat Bumbu dapur set aesthetic/ Rak bumbu dapur estetik Dengan 10 Toples dan 10 Stiker Bumbu (SS),254054025387,Normal Product,,Perlengkapan Rumah,Perlengkapan Dapur,Rak Dapur,74000,1,Komisi XTRA,,74000,,0.00%,0,3.00%,2220,2220,0,2220,2220,,0,0.00%,0,100.00%,2220,Tertunda,Pesanan sedang diproses. Komisi akan dikonfirmasi setelah pesanan selesai.,Pesanan dari Toko yang tidak Dipromosikan,Ada,rakpiringpengering,,,,,Instagram
2606046S2DGMHH,Tertunda,234233083268672,2026-06-04 07:44:44,,2026-06-04 04:44:18,COCOMALL ,851140751,Preferred(Non-CB),17583585371,COCOMALL Sendok Anak Stainless Steel SUS316 - Training Spoon Baby Spoon BLW - Sendok Belajar Makan Bayi - Sendok Mpasi Bayi Sili,231115760607,Normal Product,,Ibu & Bayi,Perlengkapan Makan Bayi,Peralatan Makan,41608,1,Komisi XTRA,,41608,,1.50%,624.12,3.00%,1248.24,1872.36,624.12,1248.24,1872.36,,0,0.00%,0,100.00%,1872.36,Tertunda,Pesanan sedang diproses. Komisi akan dikonfirmasi setelah pesanan selesai.,Pesanan dari Toko yang tidak Dipromosikan,Ada,rakpiringpengering,,,,,Instagram
2606046QDJNWPS,Tertunda,234231311295000,2026-06-04 07:15:32,,2026-06-04 04:20:28,Larissa.Grosir,1193378938,Preferred(Non-CB),42212299428,KODE M 4/06/2026 PAGI BUNDA,390960085662,Normal Product,,Fashion Muslim,Pakaian Muslim Wanita,Atasan,30999,1,Komisi Shopee,,30999,,1.50%,464.985,0.00%,0,464.985,464.985,0,464.985,,0,0.00%,0,100.00%,464.985,Tertunda,Pesanan sedang diproses. Komisi akan dikonfirmasi setelah pesanan selesai.,Pesanan dari Toko yang tidak Dipromosikan,Ada,rakpiringpengering,,,,,Facebook
2606046PJPDMM6,Tertunda,234230408246112,2026-06-04 07:00:12,,2026-06-04 02:26:57,DUZZZ,1113013218,Preferred(Non-CB),27303769948,Baby Sausage Mold/Cetakan Sosis DIY6 Sausage Silicone Mold/Bahan Premium Silikon Food Grade Silicone/Tahan Panas,166543553815,Normal Product,432473037353388_0_0,Perlengkapan Rumah,Perlengkapan Dapur,Alat & Dekorasi Baking,19503,1,Komisi XTRA,,17861,,1.50%,267.915,5.00%,893.05,1160.965,814.545,2715.15,3529.695,,0,0.00%,0,100.00%,3529.695,Tertunda,Pesanan sedang diproses. Komisi akan dikonfirmasi setelah pesanan selesai.,Pesanan dari Toko yang tidak Dipromosikan,Ada,rakpiringpengering,,,,,Instagram
2606046PJPDMM6,Tertunda,234230408246112,2026-06-04 07:00:12,,2026-06-04 02:26:57,DUZZZ,1113013218,Preferred(Non-CB),27303769948,Baby Sausage Mold/Cetakan Sosis DIY6 Sausage Silicone Mold/Bahan Premium Silikon Food Grade Silicone/Tahan Panas,258218317287,Normal Product,432473037353388_0_0,Perlengkapan Rumah,Perlengkapan Dapur,Alat & Dekorasi Baking,19900,1,Komisi XTRA,,18221,,1.50%,273.315,5.00%,911.05,1184.365,0,0,0,,0,0.00%,0,100.00%,0,Tertunda,Pesanan sedang diproses. Komisi akan dikonfirmasi setelah pesanan selesai.,Pesanan dari Toko yang tidak Dipromosikan,Ada,rakpiringpengering,,,,,Instagram
2606046PJPDMM6,Tertunda,234230408246112,2026-06-04 07:00:12,,2026-06-04 02:26:57,DUZZZ,1113013218,Preferred(Non-CB),27357475638,Tas Serut Sepatu Anti Kuning Pouch Travel Multifungsi Shoes Bag Penyimpanan Cover,251349972074,Normal Product,432473037353388_0_0,Olahraga & Outdoor,Aksesoris Olahraga & Aktivitas Outdoor,Tas Sepatu,0,1,Komisi XTRA,,0,,1.50%,0,2.50%,0,0,0,0,0,,0,0.00%,0,100.00%,0,Tertunda,Pesanan sedang diproses. Komisi akan dikonfirmasi setelah pesanan selesai.,Pesanan dari Toko yang tidak Dipromosikan,Ada,rakpiringpengering,,,,,Instagram
2606046PJPDMM6,Tertunda,234230408246112,2026-06-04 07:00:12,,2026-06-04 02:26:57,DUZZZ,1113013218,Preferred(Non-CB),27303769948,Baby Sausage Mold/Cetakan Sosis DIY6 Sausage Silicone Mold/Bahan Premium Silikon Food Grade Silicone/Tahan Panas,166543553810,Normal Product,432473037353388_0_0,Perlengkapan Rumah,Perlengkapan Dapur,Alat & Dekorasi Baking,19900,1,Komisi XTRA,,18221,,1.50%,273.315,5.00%,911.05,1184.365,0,0,0,,0,0.00%,0,100.00%,0,Tertunda,Pesanan sedang diproses. Komisi akan dikonfirmasi setelah pesanan selesai.,Pesanan dari Toko yang tidak Dipromosikan,Ada,rakpiringpengering,,,,,Instagram
2606046P0RBETN,Tertunda,234229807291307,2026-06-04 06:50:29,,2026-06-04 04:55:53,MH store11,1568463198,Preferred(Non-CB),29291001189,{PROMO} Sarung Kasur Busa Resleting Homade Ukuran 80x200 - 180x200,149273953421,Normal Product,,Perlengkapan Rumah,Kamar Tidur,"Sprei, Sarung Bantal, & Sarung Guling",74689,1,Komisi Shopee,,74689,,1.50%,1120.335,0.00%,0,1120.335,1120.335,0,1120.335,,0,0.00%,0,100.00%,1120.335,Tertunda,Pesanan sedang diproses. Komisi akan dikonfirmasi setelah pesanan selesai.,Pesanan dari Toko yang tidak Dipromosikan,Ada,organizerpullout,,,,,Others
2606046NYRTBKA,Tertunda,234229773227673,2026-06-04 06:49:34,,2026-06-04 03:20:49,27AN.ID,30687055,Preferred(Non-CB),20181077281,( 27AN.ID ) Dompet Lipat Wanita Model Kotak A87 Dompet Multifungsi / Dompet Kartu dengan bahan premium,146905606073,Normal Product,,Tas Wanita,Dompet Wanita,Dompet Lipat,14934,1,Komisi XTRA,,14834,,1.50%,222.51,1.50%,222.51,445.02,222.51,222.51,445.02,,0,0.00%,0,100.00%,445.02,Tertunda,Pesanan sedang diproses. Komisi akan dikonfirmasi setelah pesanan selesai.,Pesanan dari Toko yang tidak Dipromosikan,Ada,rakpiringpengering,,,,,Websites
2606046M9G7VRX,Tertunda,234227953290753,2026-06-04 06:19:34,,2026-06-04 05:57:28,Mothercare Official Store,61516207,Shopee Mall(Non-CB),5468627573,Momami Baby Spray-spray Go Away Multisurface Cleaner Spray - Disinfectant Semprot (500 mL),52369793411,Normal Product,,Kesehatan,Obat-obatan & Alat Kesehatan,P3K,69300,1,Komisi XTRA,,69290,,1.50%,1039.35,1.00%,692.9,1732.25,1039.35,692.9,1732.25,,0,0.00%,0,100.00%,1732.25,Tertunda,Pesanan sedang diproses. Komisi akan dikonfirmasi setelah pesanan selesai.,Pesanan dari Toko yang tidak Dipromosikan,Ada,organizerpullout,,,,,Facebook
2606046M25JMMT,Tertunda,234227706220965,2026-06-04 06:15:07,,2026-06-04 05:06:50,TIMI MODE Lashes,1629950338,Shopee Mall(Non-CB),57408876738,TIMI MODE Bulu Mata Palsu Tanpa Lem 3D Korean Look Ringan Nyaman Anti Air Tahan Lama Awet Mudah Pasang Eyelash Extension COD,320797176693,Normal Product,,Perawatan & Kecantikan,Alat Kecantikan,Aksesoris Make Up,30999,1,Komisi XTRA,,30699,,1.50%,460.485,3.00%,920.97,1381.455,460.485,920.97,1381.455,,0,0.00%,0,100.00%,1381.455,Tertunda,Pesanan sedang diproses. Komisi akan dikonfirmasi setelah pesanan selesai.,Pesanan dari Toko yang tidak Dipromosikan,Ada,organizerpullout,,,,,Instagram
2606046M25JMMS,Tertunda,234227706220965,2026-06-04 06:15:07,,2026-06-04 05:06:50,Glad2Glow Official Store,809769142,Shopee Mall(Non-CB),29028423239,Glad2Glow Symwhite 377 Dark Spot Bundle 7PCS-Yuja Skincare Cerah 377 Moisturizer+Dark Spot Serum+Cleanser+Brightening Moisturize,223955087276,Normal Product,,Perawatan & Kecantikan,Paket & Set Kecantikan,,104405,1,Komisi Shopee,,86656,,1.50%,1299.84,0.00%,0,1299.84,2033.145,0,2033.145,,0,0.00%,0,100.00%,2033.145,Tertunda,Pesanan sedang diproses. Komisi akan dikonfirmasi setelah pesanan selesai.,Pesanan dari Toko yang tidak Dipromosikan,Ada,organizerpullout,,,,,Instagram
2606046M25JMMS,Tertunda,234227706220965,2026-06-04 06:15:07,,2026-06-04 05:06:50,Glad2Glow Official Store,809769142,Shopee Mall(Non-CB),41075294736,[Hot sale]Glad2Glow FLAWLESS BLURRING SKIN TINT 30G Concealer Foundation Bedak padat Make up Lightweight Coverage Long-lasting 1,129472840096,Normal Product,,Perawatan & Kecantikan,Kosmetik,Kosmetik Wajah,58900,1,Komisi Shopee,,48887,,1.50%,733.305,0.00%,0,733.305,0,0,0,,0,0.00%,0,100.00%,0,Tertunda,Pesanan sedang diproses. Komisi akan dikonfirmasi setelah pesanan selesai.,Pesanan dari Toko yang tidak Dipromosikan,Ada,organizerpullout,,,,,Instagram
2606046J262CFS,Tertunda,234225559263781,2026-06-04 05:39:19,,2026-06-04 05:33:43,goparcel,231285135,Preferred(Non-CB),40158152510,( Rol 20 Yard ) PITA SATIN POLOS 20MM ( 3/4 IN ) PITA SATEEN RIBBON HIASAN PITA KADO,218594814226,Normal Product,,Buku & Alat Tulis,Pembungkus Kado & Kemasan,Pita Kado,12999,1,Komisi XTRA,,12999,,1.50%,194.985,2.50%,324.975,519.96,359.97,599.95,959.92,,0,0.00%,0,100.00%,959.92,Tertunda,Pesanan sedang diproses. Komisi akan dikonfirmasi setelah pesanan selesai.,Pesanan dari Toko yang tidak Dipromosikan,Ada,organizerpullout,,,,,Instagram
2606046J262CFS,Tertunda,234225559263781,2026-06-04 05:39:19,,2026-06-04 05:33:43,goparcel,231285135,Preferred(Non-CB),40158152510,( Rol 20 Yard ) PITA SATIN POLOS 20MM ( 3/4 IN ) PITA SATEEN RIBBON HIASAN PITA KADO,260688037857,Normal Product,,Buku & Alat Tulis,Pembungkus Kado & Kemasan,Pita Kado,10999,1,Komisi XTRA,,10999,,1.50%,164.985,2.50%,274.975,439.96,0,0,0,,0,0.00%,0,100.00%,0,Tertunda,Pesanan sedang diproses. Komisi akan dikonfirmasi setelah pesanan selesai.,Pesanan dari Toko yang tidak Dipromosikan,Ada,organizerpullout,,,,,Instagram
2606046EXA8YNA,Tertunda,234222208228778,2026-06-04 04:43:29,,2026-06-04 03:51:41,Y Z C,986812415,Preferred(Non-CB),28920395599,Rak Panci Susun Dapur Dapat Ditarik Stainless Steel  Rak Serbaguna Rak Panci Wastafel Dapur Di Bawah,89065050873,Normal Product,,Perlengkapan Rumah,Perlengkapan Dapur,Rak Dapur,221000,1,Komisi XTRA,,198900,,1.50%,2983.5,3.00%,5967,8950.5,2983.5,5967,8950.5,,0,0.00%,0,100.00%,8950.5,Tertunda,Pesanan sedang diproses. Komisi akan dikonfirmasi setelah pesanan selesai.,Pesanan dari Toko yang tidak Dipromosikan,Ada,rakpiringpengering,,,,,Others
2606046EXA8YN9,Tertunda,234222208228778,2026-06-04 04:43:29,,2026-06-04 03:51:41,Chosmo Mall,460890067,Preferred(Non-CB),17900638633,Rak Dapur Bawah Wastafel Kitchen Rack Rak Kabinet Lemari Dapur Keranjang Geser Laci Rak Tarik Rak,154737672239,Normal Product,,Perlengkapan Rumah,Perlengkapan Dapur,Rak Dapur,269100,1,Komisi XTRA,,242190,,1.50%,3632.85,1.50%,3632.85,7265.7,3632.85,3632.85,7265.7,,0,0.00%,0,100.00%,7265.7,Tertunda,Pesanan sedang diproses. Komisi akan dikonfirmasi setelah pesanan selesai.,Pesanan dari Toko yang tidak Dipromosikan,Ada,rakpiringpengering,,,,,Others
2606046EAC8Q5E,Tertunda,234221539229750,2026-06-04 04:32:20,,2026-06-03 13:22:49,Alesha Shop Surabaya,18612277,Preferred(Non-CB),20101954824,[PROMO] SAMSUNG AKG S10+ Earphone ORI Stereo Sound With Mic Super Bass Sound Headset Bisa Buat Telp Dan Musik,430734005619,Normal Product,,Audio,"Earphone, Headphone, & Headset",,13000,1,Komisi XTRA,,13000,,0.50%,65,0.50%,65,130,65,65,130,,0,0.00%,0,100.00%,130,Tertunda,Pesanan sedang diproses. Komisi akan dikonfirmasi setelah pesanan selesai.,Pesanan dari Toko yang tidak Dipromosikan,Ada,setelanbajukaosmihugajah,,,,,Instagram
26060466SW3J6G,Tertunda,234213470265315,2026-06-04 02:17:50,,2026-06-03 10:23:15,toycoonshop,128461907,Preferred(Non-CB),16996251158,COONBABY PUSH WALKER MAINAN ANAK MURAH DORONGAN BABY PUSH WALKER MEMBANTU ANAK BERJALAN EDUKASI MUSIK DAN MENULIS,118386171740,Normal Product,,Ibu & Bayi,Kamar Bayi,Baby Walker,154900,1,Komisi XTRA,,139410,,1.50%,2091.15,1.50%,2091.15,4182.3,2091.15,2091.15,4182.3,,0,0.00%,0,100.00%,4182.3,Tertunda,Pesanan sedang diproses. Komisi akan dikonfirmasi setelah pesanan selesai.,Pesanan dari Toko yang tidak Dipromosikan,Ada,setelangajahthaialand,,,,,Facebook
26060463KK3W9M,Tertunda,234210037246509,2026-06-04 01:20:42,,2026-06-04 01:03:03,grosir petshop tulungagung,189174573,Preferred(Non-CB),19467423835,Kalung Kucing Anjing Kulit Sintesis Lonceng Ufo,127234399447,Normal Product,,Hewan Peliharaan,Aksesoris Hewan Peliharaan,"Kalung, Tali, Harness & Brangus",8415,1,Komisi XTRA,,7258,,1.50%,108.87,3.00%,217.74,326.61,376.575,753.15,1129.725,,0,0.00%,0,100.00%,1129.725,Tertunda,Pesanan sedang diproses. Komisi akan dikonfirmasi setelah pesanan selesai.,Pesanan dari Toko yang tidak Dipromosikan,Ada,rakpiringpengering,,,,,Others
26060463KK3W9M,Tertunda,234210037246509,2026-06-04 01:20:42,,2026-06-04 01:03:03,grosir petshop tulungagung,189174573,Preferred(Non-CB),19467423835,Kalung Kucing Anjing Kulit Sintesis Lonceng Ufo,127234399448,Normal Product,,Hewan Peliharaan,Aksesoris Hewan Peliharaan,"Kalung, Tali, Harness & Brangus",6311,1,Komisi XTRA,,5446,,1.50%,81.69,3.00%,163.38,245.07,0,0,0,,0,0.00%,0,100.00%,0,Tertunda,Pesanan sedang diproses. Komisi akan dikonfirmasi setelah pesanan selesai.,Pesanan dari Toko yang tidak Dipromosikan,Ada,rakpiringpengering,,,,,Others
26060463KK3W9M,Tertunda,234210037246509,2026-06-04 01:20:42,,2026-06-04 01:03:03,grosir petshop tulungagung,189174573,Preferred(Non-CB),19467423835,Kalung Kucing Anjing Kulit Sintesis Lonceng Ufo,127234399451,Normal Product,,Hewan Peliharaan,Aksesoris Hewan Peliharaan,"Kalung, Tali, Harness & Brangus",7029,1,Komisi XTRA,,6062,,1.50%,90.93,3.00%,181.86,272.79,0,0,0,,0,0.00%,0,100.00%,0,Tertunda,Pesanan sedang diproses. Komisi akan dikonfirmasi setelah pesanan selesai.,Pesanan dari Toko yang tidak Dipromosikan,Ada,rakpiringpengering,,,,,Others
26060463KK3W9M,Tertunda,234210037246509,2026-06-04 01:20:42,,2026-06-04 01:03:03,grosir petshop tulungagung,189174573,Preferred(Non-CB),19467423835,Kalung Kucing Anjing Kulit Sintesis Lonceng Ufo,127234399452,Normal Product,,Hewan Peliharaan,Aksesoris Hewan Peliharaan,"Kalung, Tali, Harness & Brangus",7350,1,Komisi XTRA,,6339,,1.50%,95.085,3.00%,190.17,285.255,0,0,0,,0,0.00%,0,100.00%,0,Tertunda,Pesanan sedang diproses. Komisi akan dikonfirmasi setelah pesanan selesai.,Pesanan dari Toko yang tidak Dipromosikan,Ada,rakpiringpengering,,,,,Others
