ID Pemesanan,Status Pesanan,Kode Pesanan Affiliate,Waktu Pemesanan,Waktu Terselesaikan,Waktu Klik,Nama Toko,ID Shop,Tipe toko.,ID Barang,Nama Barange,ID Model,Tipe Produk,ID Promosi,L1 Kategori Global,L2 Kategori Global,L3 Kategori Global,Harga(Rp),Jumlah,Tipe Penawaran,Kampanye Partnerr,Nilai Pembelian(Rp),Jumlah Pengembalian Dana(Rp),Persentase Komisi Shopee pada Produk,Komisi Barang Shopee(Rp),Persentase Komisi XTRA pada Produk,Komisi XTRA Produk(Rp),Total Komisi per Produk(Rp),Komisi Shopee per Pesanan(Rp),Komisi XTRA per Pesanan(Rp),Total Komisi per Pesanan(Rp),Nama MCN Terhubung,ID Kontrak MCN,Persentase Biaya Manajemen MCN,Biaya Manajemen MCN(Rp),Persentase Pembagian Komisi Affiliate,Komisi Bersih Affiliate (Rp),Status Produk Affiliate,Catatan Produk,Tipe Pesanan,Status Pemebelian,Tag_link1,Tag_link2,Tag_link3,Tag_link4,Tag_link5,Platform
260531RYCRPMUN,Tertunda,233858348273652,2026-05-30 23:39:15,,2026-05-30 22:02:51,Goldenesia,4766262,C2C(Non-CB),5332564492,Kondom Durex Mutual Pleasure - Isi 3,42634307915,Normal Product,,Kesehatan,Kesehatan Seksual,Kondom,31259,3,Komisi XTRA,,93777,,0.00%,0,0.50%,468.885,468.885,0,468.885,468.885,,0,0.00%,0,100.00%,468.885,Tertunda,Pesanan sedang diproses. Komisi akan dikonfirmasi setelah pesanan selesai.,Pesanan dari Toko yang tidak Dipromosikan,Ada,rakdapur3,,,,,Instagram
260531RW90Y21T,Tertunda,233856075246365,2026-05-30 23:01:19,,2026-05-30 15:11:29,RAJA-HELM-11,187338576,Preferred(Non-CB),44100219234,HELM J5 J9 WARNA PUTIH XYZ MLA  100% ORI mla [ TERMURAH ],248403449863,Normal Product,,Sepeda Motor,Helm & Aksesoris Pengendara Motor,,164000,1,Komisi XTRA,,144900,,1.50%,2173.5,4.00%,5796,7969.5,2173.5,5796,7969.5,,0,0.00%,0,100.00%,7969.5,Tertunda,Pesanan sedang diproses. Komisi akan dikonfirmasi setelah pesanan selesai.,Pesanan dari Toko yang tidak Dipromosikan,Ada,rakdapur3,,,,,Others
260530RTTWB883,Tertunda,233853454202688,2026-05-30 22:17:34,,2026-05-27 15:15:34,DATEUS,569646526,Preferred(Non-CB),51306977429,Memory Card Adaptor 4GB 8GB 16GB 32GB 64GB 128GB Micro SD Card penyimpanan Data,425623790857,Normal Product,,Handphone & Aksesoris,Aksesoris,Kartu Memori,53802,1,Komisi XTRA,,53502,,0.50%,267.51,0.50%,267.51,535.02,267.51,267.51,535.02,,0,0.00%,0,100.00%,535.02,Tertunda,Pesanan sedang diproses. Komisi akan dikonfirmasi setelah pesanan selesai.,Pesanan dari Toko yang tidak Dipromosikan,Ada,rakdapur3,,,,,Instagram
260530RTJ5Y4PJ,Tertunda,233853161251554,2026-05-30 22:12:42,,2026-05-30 07:47:36,AMORANNISA SKINCARE,8979692,Preferred(Non-CB),41053570001,Amorannisa Retinol Glow Serum Skincare Anti Aging Kulit Kusam dan Flek,300297669054,Normal Product,,Perawatan & Kecantikan,Perawatan Wajah,Serum & Essence Wajah,65100,1,Komisi XTRA,,57288,,1.50%,859.32,4.00%,2291.52,3150.84,859.32,2291.52,3150.84,,0,0.00%,0,100.00%,3150.84,Tertunda,Pesanan sedang diproses. Komisi akan dikonfirmasi setelah pesanan selesai.,Pesanan dari Toko yang tidak Dipromosikan,Ada,Atayasetelankaosanak,,,,,Facebook
260530RRXYHH61,Tertunda,233851443234986,2026-05-30 21:44:03,,2026-05-28 14:43:01,SusuMurah1701,70305661,Preferred(Non-CB),44503008038,MAMYPOKO  Pants Tidak Gembung(Kemasan Jumbo) M.54/L.48/XL.40/XL.34,249116948028,Normal Product,,Ibu & Bayi,Popok & Pispot,Popok Sekali Pakai,71500,1,Komisi Shopee,,67925,,1.50%,1018.875,0.00%,0,1018.875,1018.875,0,1018.875,,0,0.00%,0,100.00%,1018.875,Tertunda,Pesanan sedang diproses. Komisi akan dikonfirmasi setelah pesanan selesai.,Pesanan dari Toko yang tidak Dipromosikan,Ada,WallpaperDindingVinyl,,,,,Facebook
260530RRR9057P,Tertunda,233851218278987,2026-05-30 21:40:25,,2026-05-30 06:29:22,Etawa Mommy Official Store,355000893,Shopee Mall(Non-CB),44074411733,KALSIGROW Susu Tinggi Kalsium Peninggi Badan Alami Tulang Kuat Anak Remaja 1 Box,196314289363,Normal Product,,Makanan & Minuman,Susu & Olahan,Susu,137214,2,Komisi XTRA,,211337,,1.50%,3170.055,6.00%,12680.22,15850.275,3170.055,12680.22,15850.275,,0,0.00%,0,100.00%,15850.275,Tertunda,Pesanan sedang diproses. Komisi akan dikonfirmasi setelah pesanan selesai.,Pesanan dari Toko yang tidak Dipromosikan,Ada,Atayasetelankaosanak,,,,,Others
260530RRFMDXTW,Dibatalkan,233850928273034,2026-05-30 21:35:36,--,2026-05-30 21:29:35,PuriSehat!,1583761285,C2C(Non-CB),40215703691,PURI Rak Besi Siku 5/6 susun Rak baru tanpa baut rak susun besi serbaguna Rak gudang serbaguna Rak,271293885822,Normal Product,,Perlengkapan Rumah,Furniture,Rak & Rak Gantung,382800,0,Komisi XTRA,,0,341074,0.00%,0,3.50%,0,0,0,0,0,,0,0.00%,0,100.00%,0,Dibatalkan,Pembeli membatalkan pesanan.,Pesanan dari Toko yang tidak Dipromosikan,Ada,rakdapur3,,,,,Facebook
260530RRD6670Y,Tertunda,233850846227284,2026-05-30 21:34:06,,2026-05-28 14:14:24,Happyfit Official Shop,31866518,Shopee Mall(Non-CB),26830358550,HAPPYFIT - All Day High Waist Pants,178798641846,Normal Product,,Pakaian Wanita,Celana Panjang & Legging,Celana Panjang,299000,1,Komisi XTRA,,254150,,1.50%,3812.25,3.00%,7624.5,11436.75,3812.25,7624.5,11436.75,,0,0.00%,0,100.00%,11436.75,Tertunda,Pesanan sedang diproses. Komisi akan dikonfirmasi setelah pesanan selesai.,Pesanan dari Toko yang tidak Dipromosikan,Ada,rakdapur3,,,,,Instagram
260530RQ3G0VNH,Tertunda,233849447250089,2026-05-30 21:10:48,,2026-05-30 16:13:21,hokicase88,857121265,Preferred(Non-CB),42323667709,Case INFINIX SMART 7 SMART 6 HD SMART 6 SMART 5 SMART 4 SMART 6 RAM 3 SMART HD TERBARU motif spiderman keren case kekinian kesin,281923180335,Normal Product,,Handphone & Aksesoris,Aksesoris,Casing & Skin,10500,1,Komisi XTRA,,10500,,0.50%,52.5,0.50%,52.5,105,52.5,52.5,105,,0,0.00%,0,100.00%,105,Tertunda,Pesanan sedang diproses. Komisi akan dikonfirmasi setelah pesanan selesai.,Pesanan dari Toko yang tidak Dipromosikan,Ada,rakdapur3,,,,,Instagram
260530RPWUR4SN,Tertunda,233849258228751,2026-05-30 21:07:38,,2026-05-28 14:56:53,Serba_Polos,748350337,Preferred(Non-CB),52601184075,KAOS DISTRO - KAOS The Big Family Persebaya 1927 Keren / KAOS Bonek Persebaya Surabaya Terbaru,325107581080,Normal Product,,Pakaian Pria,Atasan,Kaos,35200,1,Komisi Shopee,,33440,,1.50%,501.6,0.00%,0,501.6,501.6,0,501.6,,0,0.00%,0,100.00%,501.6,Tertunda,Pesanan sedang diproses. Komisi akan dikonfirmasi setelah pesanan selesai.,Pesanan dari Toko yang tidak Dipromosikan,Ada,rakdapur3,,,,,Facebook
260530RK9YV8B2,Tertunda,233845370237591,2026-05-30 20:02:50,,2026-05-30 08:46:22,Dapur Dotcom,1599769390,Preferred(Non-CB),29039423319,NEW!! Rak Bawang Rak Bumbu Dapur Tempel Dinding Rak Gantung Serbaguna Anti Karat,234402961963,Normal Product,0_454197124546824_1,Perlengkapan Rumah,Furniture,Rak & Rak Gantung,47519,3,Komisi XTRA,,137310,,1.50%,2059.65,1.00%,1373.1,3432.75,2059.65,1373.1,3432.75,,0,0.00%,0,100.00%,3432.75,Tertunda,Pesanan sedang diproses. Komisi akan dikonfirmasi setelah pesanan selesai.,Pesanan dari Toko yang tidak Dipromosikan,Ada,rakdapur3,,,,,Facebook
260530RJCGP88M,Tertunda,233844381231913,2026-05-30 19:46:21,,2026-05-30 15:10:34,JoyinMart,1027103391,Preferred(Non-CB),22874258416,50Pcs Gantungan Hook Kait Tempel Dinding Gantungan Dapur Kamar Mandi Transparan / Kunci / Serbaguna,147919769415,Normal Product,,Perlengkapan Rumah,Organizer Rumah,Pengait,19566,1,Komisi XTRA,,19066,,1.50%,285.99,4.50%,857.97,1143.96,285.99,857.97,1143.96,,0,0.00%,0,100.00%,1143.96,Tertunda,Pesanan sedang diproses. Komisi akan dikonfirmasi setelah pesanan selesai.,Pesanan dari Toko yang tidak Dipromosikan,Ada,rakdapur3,,,,,Others
260530RFKBATWV,Tertunda,233841389271790,2026-05-30 18:56:36,,2026-05-25 13:16:31,Hi Girls Label,306391617,Preferred(Non-CB),3783830534,Hi Girls Label - Leora Pants,36324937250,Normal Product,,Pakaian Wanita,Celana Panjang & Legging,Celana Panjang,175000,1,Komisi XTRA,,140000,,1.50%,2100,2.50%,3500,5600,2100,3500,5600,,0,0.00%,0,100.00%,5600,Tertunda,Pesanan sedang diproses. Komisi akan dikonfirmasi setelah pesanan selesai.,Pesanan dari Toko yang tidak Dipromosikan,Ada,rakdapur3,,,,,Instagram
260530RDDNMMY0,Tertunda,233839051268912,2026-05-30 18:17:31,,2026-05-30 05:49:51,Pusat oleh oleh cilacap sm,278771389,Preferred(Non-CB),4549436703,Sale  pisang oven Sari manis 500gr,21718404912,Normal Product,,Makanan & Minuman,Makanan Ringan,Makanan Ringan Lainnya,19500,1,Komisi XTRA,,19500,,1.50%,292.5,4.00%,780,1072.5,292.5,780,1072.5,,0,0.00%,0,100.00%,1072.5,Tertunda,Pesanan sedang diproses. Komisi akan dikonfirmasi setelah pesanan selesai.,Pesanan dari Toko yang tidak Dipromosikan,Ada,rakdapur3,,,,,Others
260530RBQ6AA0S,Tertunda,233837223262094,2026-05-30 17:47:03,,2026-05-30 16:59:05,Nekoz Apparel,635551629,Preferred(Non-CB),45608188116,NEKOZ | KAOS OVAL WANITA KAOS SPANDEK ATASAN KEKINIAN KOREAN STYLE KAOS SMILE,340725495994,Normal Product,,Pakaian Wanita,Atasan,Kaos,34960,1,Komisi XTRA,,33380,,1.50%,500.7,2.50%,834.5,1335.2,500.7,834.5,1335.2,,0,0.00%,0,100.00%,1335.2,Tertunda,Pesanan sedang diproses. Komisi akan dikonfirmasi setelah pesanan selesai.,Pesanan dari Toko yang tidak Dipromosikan,Ada,Atayasetelankaosanak,,,,,Facebook
260530RAVMKSBD,Tertunda,233836332285042,2026-05-30 17:32:14,,2026-05-30 12:54:30,Andalusia Official Shop,322423900,Preferred(Non-CB),40474865660,ANDALUSIA - Kaos Kaki Anak Unisex Oldschool Stripe 2 Series,302014278840,Normal Product,,Fashion Bayi & Anak,Aksesoris Bayi & Anak,Kaos Kaki,5499,3,Komisi XTRA,,15155,,1.50%,227.325,7.50%,1136.625,1363.95,227.325,1136.625,1363.95,,0,0.00%,0,100.00%,1363.95,Tertunda,Pesanan sedang diproses. Komisi akan dikonfirmasi setelah pesanan selesai.,Pesanan dari Toko yang tidak Dipromosikan,Ada,rakdapur3,,,,,Facebook
260530RAJM4341,Tertunda,233835996229582,2026-05-30 17:26:37,,2026-05-30 07:10:42,Fany Baby Bintaro,53642517,Preferred(Non-CB),2899514657,BABY SAFE SPONGE BRUSH / BS368,7748133384,Normal Product,,Ibu & Bayi,Perlengkapan Makan Bayi,Perlengkapan Botol Susu,30500,1,Komisi Shopee,,28975,,1.50%,434.625,0.00%,0,434.625,434.625,0,434.625,,0,0.00%,0,100.00%,434.625,Tertunda,Pesanan sedang diproses. Komisi akan dikonfirmasi setelah pesanan selesai.,Pesanan dari Toko yang tidak Dipromosikan,Ada,dressanakperempuan,,,,,Others
260530R7P7QVXX,Tertunda,233832896237508,2026-05-30 16:34:56,,2026-05-30 11:19:27,STRONG ID 01,1688811790,C2C(Non-CB),49658264877,madu bubuk KS isi 4 white terbuat dari serbuk madu murni,325732761168,Normal Product,,Makanan & Minuman,Menu Sarapan,Madu & Olesan,20000,1,Komisi XTRA,,20000,,0.00%,0,6.00%,1200,1200,0,1200,1200,,0,0.00%,0,100.00%,1200,Tertunda,Pesanan sedang diproses. Komisi akan dikonfirmasi setelah pesanan selesai.,Pesanan dari Toko yang tidak Dipromosikan,Ada,WallpaperDindingVinyl,,,,,Facebook
260530R7M178GE,Tertunda,233832846240958,2026-05-30 16:33:44,,2026-05-30 12:40:57,KINKEAN,9863287,Preferred(Non-CB),43780835990,Panci Soup Premium Tebal Gagang Kayu / Stinless - Subron,380913963983,Normal Product,,Perlengkapan Rumah,Perlengkapan Dapur,Panci,116000,1,Komisi Shopee,,104400,,1.50%,1566,0.00%,0,1566,1566,0,1566,,0,0.00%,0,100.00%,1566,Tertunda,Pesanan sedang diproses. Komisi akan dikonfirmasi setelah pesanan selesai.,Pesanan dari Toko yang tidak Dipromosikan,Ada,Atayasetelankaosanak,,,,,Facebook
260530R72P4XTV,Tertunda,233832240256414,2026-05-30 16:24:01,,2026-05-30 15:06:01,Ezviz Authorize Master Distribution,1757165038,Preferred(Non-CB),49706569278,HiView / HIksemi  Micro SD 32GB Class 10 CCTV Card Garansi 7 Tahun,370588908542,Normal Product,,Handphone & Aksesoris,Aksesoris,Kartu Memori,159000,1,Komisi XTRA,,143100,,0.50%,715.5,2.00%,2862,3577.5,715.5,2862,3577.5,,0,0.00%,0,100.00%,3577.5,Tertunda,Pesanan sedang diproses. Komisi akan dikonfirmasi setelah pesanan selesai.,Pesanan dari Toko yang tidak Dipromosikan,Ada,rakdapur3,,,,,Instagram
260530R72P4XTU,Tertunda,233832240256414,2026-05-30 16:24:01,,2026-05-30 15:06:01,MAJA JAYA,347738511,Preferred(Non-CB),40123556952,Lampu LED LVR 97 T10 2 mode 2 warna 2in1 3014 54titik led - Bisa Sein dan Senja MOTOR (SENJA + SEIN) SUPER TERANG - (sein aerox ,271915421941,Normal Product,,Sepeda Motor,Suku Cadang Motor,Lampu Motor,20000,1,Komisi Shopee,,18000,,1.50%,270,0.00%,0,270,270,0,270,,0,0.00%,0,100.00%,270,Tertunda,Pesanan sedang diproses. Komisi akan dikonfirmasi setelah pesanan selesai.,Pesanan dari Toko yang tidak Dipromosikan,Ada,rakdapur3,,,,,Instagram
260530R3QFQTG1,Tertunda,233828643201990,2026-05-30 15:24:04,,2026-05-26 16:19:36,Indo Essentials,1296481086,Preferred(Non-CB),26231011303,"Pel Lantai Otomatis 2-in-1 Ember Sekat 360° Dual Bucket Mop Microfiber Anti Tumpah – Alat Pel Lantai Dengan Ember Pemisah Sekat,",253002236671,Normal Product,,Perlengkapan Rumah,Perawatan Rumah,Kain Pel,186300,1,Komisi XTRA,,163944,,1.50%,2459.16,10.00%,16394.4,18853.56,2459.16,16394.4,18853.56,,0,0.00%,0,100.00%,18853.56,Tertunda,Pesanan sedang diproses. Komisi akan dikonfirmasi setelah pesanan selesai.,Pesanan dari Toko yang tidak Dipromosikan,Ada,benihsayuran,,,,,Instagram
260530R2QGFM0K,Tertunda,233827570240649,2026-05-30 15:06:14,,2026-05-26 19:48:22,Hai Apotek,1131690015,Preferred(Non-CB),27114389376,NIACEF 4%  NIACINAMIDE GEL | 15GR | UNTUK PERAWATAN KULIT WAJAH,246799979920,Normal Product,,Perawatan & Kecantikan,Perawatan Wajah,Pelembab Wajah,34650,1,Komisi XTRA,,32918,,1.50%,493.77,0.50%,164.59,658.36,1257.72,419.24,1676.96,,0,0.00%,0,100.00%,1676.96,Tertunda,Pesanan sedang diproses. Komisi akan dikonfirmasi setelah pesanan selesai.,Pesanan dari Toko yang tidak Dipromosikan,Ada,rakdapur3,,,,,Instagram
260530R2QGFM0K,Tertunda,233827570240649,2026-05-30 15:06:14,,2026-05-26 19:48:22,Hai Apotek,1131690015,Preferred(Non-CB),42624074823,"NIACLEAR & GLYCORE-10 | Paket Bundling Mencerahkan, Menyamarkan Noda dan Merawat Kulit Berjerawat",276955536996,Normal Product,,Perawatan & Kecantikan,Paket & Set Kecantikan,,53612,1,Komisi XTRA,,50930,,1.50%,763.95,0.50%,254.65,1018.6,0,0,0,,0,0.00%,0,100.00%,0,Tertunda,Pesanan sedang diproses. Komisi akan dikonfirmasi setelah pesanan selesai.,Pesanan dari Toko yang tidak Dipromosikan,Ada,rakdapur3,,,,,Instagram
260530R26GWMBQ,Tertunda,233827000271809,2026-05-30 14:56:47,,2026-05-26 16:53:23,SAMONO Official Shop,440963114,Shopee Mall(Non-CB),26537128676,SAMONO Milk Frother Alat Pembuih Susu Elektrik 3 Kecepatan Mixer Kopi Susu Double Whisk Layer 2 Pengaduk Rechargable Type-C Bate,285241781538,Normal Product,,Elektronik,Perangkat Dapur,Mixer,47899,1,Komisi XTRA,,47899,,0.50%,239.495,1.00%,478.99,718.485,239.495,478.99,718.485,,0,0.00%,0,100.00%,718.485,Tertunda,Pesanan sedang diproses. Komisi akan dikonfirmasi setelah pesanan selesai.,Pesanan dari Toko yang tidak Dipromosikan,Ada,rakdapur3,,,,,Instagram
260530R1NWNK0U,Tertunda,233826443225464,2026-05-30 14:47:24,,2026-05-25 13:06:20,Leere Official Store,1315417321,Shopee Mall(Non-CB),43908427115,COD Gantungan kunci tas / Gantungan hp / gantungan kunci Aesthetic/ Keychain/ Bag Charm Aesthetic/Gantungan Tas wanita / Gantung,265711086396,Normal Product,0_416275730024354_1,Hobi & Koleksi,Souvenir & Hadiah,Gantungan Kunci,5231.3086,1,Komisi XTRA,,5231.3086,,1.50%,78.46962,4.00%,209.25234,287.72196,450.61497,1201.63997,1652.25494,,0,0.00%,0,100.00%,1652.25494,Tertunda,Pesanan sedang diproses. Komisi akan dikonfirmasi setelah pesanan selesai.,Pesanan dari Toko yang tidak Dipromosikan,Ada,rakaestetik,FB,nyamiresep,,,Others
260530R1NWNK0U,Tertunda,233826443225464,2026-05-30 14:47:24,,2026-05-25 13:06:20,Leere Official Store,1315417321,Shopee Mall(Non-CB),43908427115,COD Gantungan kunci tas / Gantungan hp / gantungan kunci Aesthetic/ Keychain/ Bag Charm Aesthetic/Gantungan Tas wanita / Gantung,265711086397,Normal Product,0_416275730024354_2,Hobi & Koleksi,Souvenir & Hadiah,Gantungan Kunci,4584.85358,1,Komisi XTRA,,4584.85358,,1.50%,68.7728,4.00%,183.39414,252.16694,0,0,0,,0,0.00%,0,100.00%,0,Tertunda,Pesanan sedang diproses. Komisi akan dikonfirmasi setelah pesanan selesai.,Pesanan dari Toko yang tidak Dipromosikan,Ada,rakaestetik,FB,nyamiresep,,,Others
260530R1NWNK0U,Tertunda,233826443225464,2026-05-30 14:47:24,,2026-05-25 13:06:20,Leere Official Store,1315417321,Shopee Mall(Non-CB),43908427115,COD Gantungan kunci tas / Gantungan hp / gantungan kunci Aesthetic/ Keychain/ Bag Charm Aesthetic/Gantungan Tas wanita / Gantung,265711086398,Normal Product,0_416275730024354_1,Hobi & Koleksi,Souvenir & Hadiah,Gantungan Kunci,5231.3086,2,Komisi XTRA,,10462.6172,,1.50%,156.93925,4.00%,418.50468,575.44393,0,0,0,,0,0.00%,0,100.00%,0,Tertunda,Pesanan sedang diproses. Komisi akan dikonfirmasi setelah pesanan selesai.,Pesanan dari Toko yang tidak Dipromosikan,Ada,rakaestetik,FB,nyamiresep,,,Others
260530R1NWNK0U,Tertunda,233826443225464,2026-05-30 14:47:24,,2026-05-25 13:06:20,Leere Official Store,1315417321,Shopee Mall(Non-CB),43908427115,COD Gantungan kunci tas / Gantungan hp / gantungan kunci Aesthetic/ Keychain/ Bag Charm Aesthetic/Gantungan Tas wanita / Gantung,253625105055,Normal Product,0_416275730024354_1,Hobi & Koleksi,Souvenir & Hadiah,Gantungan Kunci,5783.07419,1,Komisi XTRA,,5783.07419,,1.50%,86.74611,4.00%,231.32296,318.06907,0,0,0,,0,0.00%,0,100.00%,0,Tertunda,Pesanan sedang diproses. Komisi akan dikonfirmasi setelah pesanan selesai.,Pesanan dari Toko yang tidak Dipromosikan,Ada,rakaestetik,FB,nyamiresep,,,Others
260530R1NWNK0U,Tertunda,233826443225464,2026-05-30 14:47:24,,2026-05-25 13:06:20,Leere Official Store,1315417321,Shopee Mall(Non-CB),43908427115,COD Gantungan kunci tas / Gantungan hp / gantungan kunci Aesthetic/ Keychain/ Bag Charm Aesthetic/Gantungan Tas wanita / Gantung,253625105057,Normal Product,0_416275730024354_2,Hobi & Koleksi,Souvenir & Hadiah,Gantungan Kunci,3979.14641,1,Komisi XTRA,,3979.14642,,1.50%,59.68719,4.00%,159.16585,218.85304,0,0,0,,0,0.00%,0,100.00%,0,Tertunda,Pesanan sedang diproses. Komisi akan dikonfirmasi setelah pesanan selesai.,Pesanan dari Toko yang tidak Dipromosikan,Ada,rakaestetik,FB,nyamiresep,,,Others
260530R1H28EYF,Tertunda,233826280264001,2026-05-30 14:44:40,,2026-05-30 06:04:43,KING ANEKA GROSIR,1266492306,Preferred(Non-CB),28203942927,Speaker bulat 2 inchi 4 ohm 5 watt magnet tebal kondisi copotan barang baru harga per 1pcs,109199331894,Normal Product,,Audio,Perangkat Audio & Speaker,Perangkat Audio & Speaker Lainnya,15000,2,Komisi Shopee,,30000,,0.50%,150,0.00%,0,150,150,0,150,,0,0.00%,0,100.00%,150,Tertunda,Pesanan sedang diproses. Komisi akan dikonfirmasi setelah pesanan selesai.,Pesanan dari Toko yang tidak Dipromosikan,Ada,Atayasetelankaosanak,,,,,Others
260530R1871NBH,Tertunda,233825984290043,2026-05-30 14:40:05,,2026-05-30 10:54:30,Baso Aci Slebew,308662278,Preferred(Non-CB),15840351690,baso aci tulang rangu isi 15 biji best seller,133773960174,Normal Product,,Makanan & Minuman,Makanan Segar & Beku,Daging & Seafood Beku,13999,2,Komisi XTRA,,23998,,1.50%,359.97,3.00%,719.94,1079.91,359.97,719.94,1079.91,,0,0.00%,0,100.00%,1079.91,Tertunda,Pesanan sedang diproses. Komisi akan dikonfirmasi setelah pesanan selesai.,Pesanan dari Toko yang tidak Dipromosikan,Ada,rakdapur3,,,,,Threads
260530R12GUP2V,Tertunda,233825792250171,2026-05-30 14:36:32,,2026-05-30 14:35:01,SR_Stylish_kids,785375959,Preferred(Non-CB),16888069188,FLASH SALE setelan KARAKTER LUCU KICAU  MANIA GAJAH THAILAND untuk anak usia 1-12 tahun,330945063569,Normal Product,,Fashion Bayi & Anak,Pakaian Anak Laki-Laki,Jas & Setelan,43100,1,Komisi XTRA,,40945,,1.50%,614.175,7.00%,2866.15,3480.325,614.175,2866.15,3480.325,,0,0.00%,0,100.00%,3480.325,Tertunda,Pesanan sedang diproses. Komisi akan dikonfirmasi setelah pesanan selesai.,Pesanan Produk dari Toko yang Dipromosikan,Ada,Atayasetelankaosanak,,,,,Others
260530QYUDKKCW,Tertunda,233824480229192,2026-05-30 14:14:40,,2026-05-30 08:15:47,Organik sehat,1652877782,C2C(Non-CB),45401229400,Nori tabur rumput laut  100gram,340109394771,Normal Product,,Makanan & Minuman,Makanan Ringan,Rumput Laut,19900,1,Komisi XTRA,,19900,,0.00%,0,3.00%,597,597,0,597,597,,0,0.00%,0,100.00%,597,Tertunda,Pesanan sedang diproses. Komisi akan dikonfirmasi setelah pesanan selesai.,Pesanan dari Toko yang tidak Dipromosikan,Ada,rakdapur3,,,,,Facebook
260530QY62SEHA,Tertunda,233823764238161,2026-05-30 14:02:44,,2026-05-30 08:00:49,simplyjeans_id,180834073,Preferred(Non-CB),23390258417,SIMPLYJEANS - Rok Jeans Mayung Highwaist Pakaian Wanita - LILY Rok Jeans,335387131608,Normal Product,,Pakaian Wanita,Rok,,175000,1,Komisi XTRA,,140000,,1.50%,2100,3.00%,4200,6300,2100,4200,6300,,0,0.00%,0,100.00%,6300,Tertunda,Pesanan sedang diproses. Komisi akan dikonfirmasi setelah pesanan selesai.,Pesanan dari Toko yang tidak Dipromosikan,Ada,Atayasetelankaosanak,,,,,Others
260530QY0XSCB9,Tertunda,233823592267277,2026-05-30 13:59:52,,2026-05-30 12:44:43,Smallsun,194981592,Preferred(Non-CB),9227799571,Spatula Set Alat Masak 5 In 1 Sutil Scrap Kocokan Silicone/Silikon,91157406766,Normal Product,,Perlengkapan Rumah,Perlengkapan Dapur,Spatula & Capitan,33800,1,Komisi XTRA,,29800,,1.50%,447,3.00%,894,1341,447,894,1341,,0,0.00%,0,100.00%,1341,Tertunda,Pesanan sedang diproses. Komisi akan dikonfirmasi setelah pesanan selesai.,Pesanan dari Toko yang tidak Dipromosikan,Ada,Atayasetelankaosanak,,,,,Facebook
260530QWGJ04KD,Tertunda,233821968244825,2026-05-30 13:32:52,,2026-05-30 08:05:37,YASMINE TOKO RESMI,1737741382,Preferred(Non-CB),41478503539,Yasmine Tisu 10pcs  Wajah 3 Lapisan 360 Lembar / Tebal dan Berkelas / Lembut dan Tidak Mudah Sobek / Harga Promo,320511733896,Normal Product,,Perlengkapan Rumah,Perawatan Rumah,Tisu & Tisu Kertas,48999,1,Komisi XTRA,,42108,,1.50%,631.62,3.00%,1263.24,1894.86,631.62,1263.24,1894.86,,0,0.00%,0,100.00%,1894.86,Tertunda,Pesanan sedang diproses. Komisi akan dikonfirmasi setelah pesanan selesai.,Pesanan dari Toko yang tidak Dipromosikan,Ada,rakdapur3,,,,,Instagram
260530QVP9S26Q,Tertunda,233821087209789,2026-05-30 13:18:07,,2026-05-28 15:14:05,THE FIT ZONE STORE Official Store,62620524,Shopee Mall(Non-CB),56260545910,PAKET BUNDLING DERMA XP Glycore Niaclear Cicera Zinc Plus,375923712524,Normal Product,,Perawatan & Kecantikan,Paket & Set Kecantikan,,132500,1,Komisi Shopee,,110250,,1.50%,1653.75,0.00%,0,1653.75,1653.75,0,1653.75,,0,0.00%,0,100.00%,1653.75,Tertunda,Pesanan sedang diproses. Komisi akan dikonfirmasi setelah pesanan selesai.,Pesanan dari Toko yang tidak Dipromosikan,Ada,rakdapur3,,,,,Instagram
260530QU4DC6VR,Tertunda,233819413267034,2026-05-30 12:50:13,,2026-05-30 12:42:31,NajwaFashionMuslim,67693195,Preferred(Non-CB),50310542995,Najwa  - Setelan Anak Anya Motif Karakter DTF Kekinian Terlaris / Fashion Oneset Anak Atasan dan Celana Pendek Edisi Daily Wear ,420924269516,Normal Product,,Fashion Bayi & Anak,Pakaian Anak Perempuan,Jas & Setelan,25890,1,Komisi XTRA,,19417,,1.50%,291.255,10.00%,1941.7,2232.955,291.255,1941.7,2232.955,,0,0.00%,0,100.00%,2232.955,Tertunda,Pesanan sedang diproses. Komisi akan dikonfirmasi setelah pesanan selesai.,Pesanan Produk dari Toko yang Dipromosikan,Ada,Atayasetelankaosanak,,,,,Facebook
260530QTFC3VYX,Tertunda,233818708290423,2026-05-30 12:38:49,,2026-05-29 20:20:02,Rocco Petshop,8261579,Preferred(Non-CB),1209034854,Mainan Untuk Kucing Bulu Bulu Cat Kitty 60cm Panjang Alat Pet Toy Toys Pettoys,31160094749,Normal Product,,Hewan Peliharaan,Aksesoris Hewan Peliharaan,Mainan,24900,1,Komisi XTRA,,22410,,1.50%,336.15,2.50%,560.25,896.4,4706.1,7843.5,12549.6,,0,0.00%,0,100.00%,12549.6,Tertunda,Pesanan sedang diproses. Komisi akan dikonfirmasi setelah pesanan selesai.,Pesanan dari Toko yang tidak Dipromosikan,Ada,rakdapur3,,,,,Instagram
260530QTFC3VYX,Tertunda,233818708290423,2026-05-30 12:38:49,,2026-05-29 20:20:02,Rocco Petshop,8261579,Preferred(Non-CB),7212180975,2 in 1 Tempat Tidur Kandang Kasur Anjing Kucing Bentuk Atap TENDA Empuk,12824166910,Normal Product,,Hewan Peliharaan,Aksesoris Hewan Peliharaan,Furniture Hewan,323700,1,Komisi XTRA,,291330,,1.50%,4369.95,2.50%,7283.25,11653.2,0,0,0,,0,0.00%,0,100.00%,0,Tertunda,Pesanan sedang diproses. Komisi akan dikonfirmasi setelah pesanan selesai.,Pesanan dari Toko yang tidak Dipromosikan,Ada,rakdapur3,,,,,Instagram
260530QST60BB1,Tertunda,233817996247727,2026-05-30 12:26:40,,2026-05-30 12:09:37,makeup pro,1536573440,Preferred(Non-CB),26486791489,Eyebrow Gel Cream 6504  FREE KUAS Waterproof Long Lasting,265135531537,Normal Product,,Perawatan & Kecantikan,Kosmetik,Kosmetik Mata,8000,1,Komisi Shopee,,8000,,1.50%,120,0.00%,0,120,120,0,120,,0,0.00%,0,100.00%,120,Tertunda,Pesanan sedang diproses. Komisi akan dikonfirmasi setelah pesanan selesai.,Pesanan dari Toko yang tidak Dipromosikan,Ada,Atayasetelankaosanak,,,,,Facebook
260530QS6T58ES,Tertunda,233817347298792,2026-05-30 12:16:08,,2026-05-30 12:12:11,CosmoColor Official Shop,1035148370,Preferred(Non-CB),25252973107,"O.TWO.O Air Cushion Compact - Bedak Cushion Matte 24 Jam, Kontrol Minyak & Sweat Proof, 3 Pilihan Warna Natural",147137092421,Normal Product,,Perawatan & Kecantikan,Kosmetik,Kosmetik Wajah,58000,1,Komisi XTRA,,58000,,1.50%,870,2.50%,1450,2320,870,1450,2320,,0,0.00%,0,100.00%,2320,Tertunda,Pesanan sedang diproses. Komisi akan dikonfirmasi setelah pesanan selesai.,Pesanan dari Toko yang tidak Dipromosikan,Ada,Atayasetelankaosanak,,,,,Facebook
260530QRGB1YUR,Tertunda,233816592253109,2026-05-30 12:03:12,,2026-05-30 11:59:27,NajwaFashionMuslim,67693195,Preferred(Non-CB),26662594053,Najwa - Ataya Setelan Kaos Anak Perempuan Karakter Digital Printing Terlaris / Fashion Oneset Baju Pendek & Celana / Rok Pendek ,149354214241,Normal Product,,Fashion Bayi & Anak,Pakaian Anak Perempuan,Jas & Setelan,30890,1,Komisi XTRA,,30890,,1.50%,463.35,10.00%,3089,3552.35,463.35,3089,3552.35,,0,0.00%,0,100.00%,3552.35,Tertunda,Pesanan sedang diproses. Komisi akan dikonfirmasi setelah pesanan selesai.,Pesanan Produk dari Toko yang Dipromosikan,Ada,Atayasetelankaosanak,,,,,Facebook
260530QR9907VQ,Tertunda,233816355228768,2026-05-30 11:59:15,,2026-05-26 14:07:59,PRO PAINTINC,24649116,Preferred(Non-CB),28513352940,PRO PAINT Cat Tembok R umah Kiloan Primer Glossy Mengkilap dan Anti Air 1 Kg,233295322017,Normal Product,,Perlengkapan Rumah,Alat Pertukangan & Renovasi Rumah,Cat & Pelapis Dinding,25000,2,Komisi XTRA,,50000,,1.50%,750,2.50%,1250,2000,750,1250,2000,,0,0.00%,0,100.00%,2000,Tertunda,Pesanan sedang diproses. Komisi akan dikonfirmasi setelah pesanan selesai.,Pesanan dari Toko yang tidak Dipromosikan,Ada,rakdapur3,,,,,Others
260530QR27WGBT,Tertunda,233816119200639,2026-05-30 11:55:19,,2026-05-30 11:53:01,MeToo Official Shop,570100654,Shopee Mall(Non-CB),26018279548,[BPOM] METOO MW-3 Advanced Whitening Tooth Paste 1/2/3pcs - Gigi Putih / Bebas Sensitif / Bebas Karang Gigi / Pasta Gigi Probiot,247067503682,Normal Product,,Kesehatan,Perawatan Diri,Perawatan Mulut,79000,1,Komisi XTRA,,75050,,1.50%,1125.75,2.50%,1876.25,3002,1125.75,1876.25,3002,,0,0.00%,0,100.00%,3002,Tertunda,Pesanan sedang diproses. Komisi akan dikonfirmasi setelah pesanan selesai.,Pesanan dari Toko yang tidak Dipromosikan,Ada,Atayasetelankaosanak,,,,,Facebook
260530QQ88BMG3,Tertunda,233815247244684,2026-05-30 11:40:51,,2026-05-28 14:43:04,Makmur Jaya Abadi,28618070,Preferred(Non-CB),28324640835,( BISA COD ) PROMO Tongkat Jari Teleskopik Penunjuk / Tongkat Alat Pengajaran/Penunjuk Papan Tulis Teleskopik Pengajaran/Tongkat,223755551446,Normal Product,,Buku & Alat Tulis,Perlengkapan Sekolah & Kantor,Perlengkapan Sekolah & Kantor Lainnya,6250,4,Komisi XTRA,,25000,,1.50%,375,1.00%,250,625,375,250,625,,0,0.00%,0,100.00%,625,Tertunda,Pesanan sedang diproses. Komisi akan dikonfirmasi setelah pesanan selesai.,Pesanan dari Toko yang tidak Dipromosikan,Ada,rakdapur3,,,,,Facebook
260530QPRY2RJB,Tertunda,233814734200786,2026-05-30 11:32:14,,2026-05-30 11:25:43,Angolala Official Store,166819866,Shopee Mall(Non-CB),55954151355,ANGOLA Kotak Tisu Bambu Minimalis D56A Tissue Box Nordic Style / Kotak Tisu Aesthetic,400393926786,Normal Product,,Perlengkapan Rumah,Organizer Rumah,Tempat Tisu,20900,1,Komisi XTRA,,16201,,1.50%,243.015,3.00%,486.03,729.045,243.015,486.03,729.045,,0,0.00%,0,100.00%,729.045,Tertunda,Pesanan sedang diproses. Komisi akan dikonfirmasi setelah pesanan selesai.,Pesanan dari Toko yang tidak Dipromosikan,Ada,rakdapur3,,,,,Facebook
260530QNVRY1PD,Tertunda,233813788267177,2026-05-30 11:16:28,,2026-05-29 06:43:52,wallstickerreliza,1216287,Preferred(Non-CB),24219540131,Reliza Wall Sticker Daun Hijau Green Leaves Monstera Garden Natural Wallsticker Stiker Dinding,187379915460,Normal Product,,Perlengkapan Rumah,Dekorasi,Wallpaper & Stiker Dinding,20386,1,Komisi XTRA,,14569,,1.50%,218.535,2.50%,364.225,582.76,1106.16,1843.6,2949.76,,0,0.00%,0,100.00%,2949.76,Tertunda,Pesanan sedang diproses. Komisi akan dikonfirmasi setelah pesanan selesai.,Pesanan dari Toko yang tidak Dipromosikan,Ada,rakdapur3,,,,,Others
260530QNVRY1PD,Tertunda,233813788267177,2026-05-30 11:16:28,,2026-05-29 06:43:52,wallstickerreliza,1216287,Preferred(Non-CB),25261918057,Reliza Wall Sticker Green Leaves Daun Hijau Monstera Garden Natural Wallsticker Stiker Dinding,29770343139,Normal Product,,Perlengkapan Rumah,Dekorasi,Wallpaper & Stiker Dinding,20386,1,Komisi XTRA,,19337,,1.50%,290.055,2.50%,483.425,773.48,0,0,0,,0,0.00%,0,100.00%,0,Tertunda,Pesanan sedang diproses. Komisi akan dikonfirmasi setelah pesanan selesai.,Pesanan dari Toko yang tidak Dipromosikan,Ada,rakdapur3,,,,,Others
260530QNVRY1PD,Tertunda,233813788267177,2026-05-30 11:16:28,,2026-05-29 06:43:52,wallstickerreliza,1216287,Preferred(Non-CB),25261918057,Reliza Wall Sticker Green Leaves Daun Hijau Monstera Garden Natural Wallsticker Stiker Dinding,29770343140,Normal Product,,Perlengkapan Rumah,Dekorasi,Wallpaper & Stiker Dinding,21000,1,Komisi XTRA,,19919,,1.50%,298.785,2.50%,497.975,796.76,0,0,0,,0,0.00%,0,100.00%,0,Tertunda,Pesanan sedang diproses. Komisi akan dikonfirmasi setelah pesanan selesai.,Pesanan dari Toko yang tidak Dipromosikan,Ada,rakdapur3,,,,,Others
260530QNVRY1PD,Tertunda,233813788267177,2026-05-30 11:16:28,,2026-05-29 06:43:52,wallstickerreliza,1216287,Preferred(Non-CB),24069643084,Reliza Wall Sticker Daun Pisang Hijau Green Leaves Monstera Garden Natural Wallsticker Stiker Dinding RELIZA048,59755128784,Normal Product,,Perlengkapan Rumah,Dekorasi,Wallpaper & Stiker Dinding,21000,1,Komisi XTRA,,19919,,1.50%,298.785,2.50%,497.975,796.76,0,0,0,,0,0.00%,0,100.00%,0,Tertunda,Pesanan sedang diproses. Komisi akan dikonfirmasi setelah pesanan selesai.,Pesanan dari Toko yang tidak Dipromosikan,Ada,rakdapur3,,,,,Others
260530QN491CCW,Tertunda,233812966261609,2026-05-30 11:02:46,,2026-05-30 09:37:45,Domira Living Store,1801320602,Preferred(Non-CB),56359629879,Rak Sepatu Plastik 3-10 Susun Voucher Toko,218829115984,Normal Product,453553684758764_0_0,Perlengkapan Rumah,Furniture,Rak & Rak Gantung,0,1,Komisi Shopee,,0,,1.50%,0,0.00%,0,0,491.16,491.16,982.32,,0,0.00%,0,100.00%,982.32,Tertunda,Pesanan sedang diproses. Komisi akan dikonfirmasi setelah pesanan selesai.,Pesanan dari Toko yang tidak Dipromosikan,Ada,rakdapur3,,,,,Others
260530QN491CCW,Tertunda,233812966261609,2026-05-30 11:02:46,,2026-05-30 09:37:45,Domira Living Store,1801320602,Preferred(Non-CB),56359629879,Rak Sepatu Plastik 3-10 Susun Voucher Toko,218829115985,Normal Product,453553684758764_0_0,Perlengkapan Rumah,Furniture,Rak & Rak Gantung,0,1,Komisi Shopee,,0,,1.50%,0,0.00%,0,0,0,0,0,,0,0.00%,0,100.00%,0,Tertunda,Pesanan sedang diproses. Komisi akan dikonfirmasi setelah pesanan selesai.,Pesanan dari Toko yang tidak Dipromosikan,Ada,rakdapur3,,,,,Others
260530QN491CCW,Tertunda,233812966261609,2026-05-30 11:02:46,,2026-05-30 09:37:45,Domira Living Store,1801320602,Preferred(Non-CB),41930592921,Domira Rak Sepatu 4 Susun Plastik Tempat Sandal Sepatu Rak Serbaguna Plastik Rak Sepatu Murah,109604870540,Normal Product,453553684758764_0_0,Perlengkapan Rumah,Furniture,Rak & Rak Gantung,37300,1,Komisi XTRA,,32744,,1.50%,491.16,1.50%,491.16,982.32,0,0,0,,0,0.00%,0,100.00%,0,Tertunda,Pesanan sedang diproses. Komisi akan dikonfirmasi setelah pesanan selesai.,Pesanan dari Toko yang tidak Dipromosikan,Ada,rakdapur3,,,,,Others
260530QMA6J14Y,Tertunda,233812091242678,2026-05-30 10:48:16,,2026-05-30 10:44:12,GiantMeng Official Store,1559347904,Shopee Mall(Non-CB),27887292603,GiantMeng - Rak Sepatu Besi 4+5 Susun Estetik Minimalis | Anti Karat Kuat Portable Serbaguna,355520826830,Normal Product,,Perlengkapan Rumah,Furniture,Rak & Rak Gantung,34999,1,Komisi XTRA,,33999,,1.50%,509.985,2.00%,679.98,1189.965,509.985,679.98,1189.965,,0,0.00%,0,100.00%,1189.965,Tertunda,Pesanan sedang diproses. Komisi akan dikonfirmasi setelah pesanan selesai.,Pesanan dari Toko yang tidak Dipromosikan,Ada,Atayasetelankaosanak,,,,,Others
260530QM2AT00J,Tertunda,233811827263228,2026-05-30 10:43:48,,2026-05-30 07:58:42,kenzieolshop123,1725562474,Preferred(Non-CB),57004791679,PROMO TERMURAH LIPCREAM MYBELINE SUPER STAY WATERPROOF COD GRATIS ONGKIR,262339989086,Normal Product,,Perawatan & Kecantikan,Kosmetik,Kosmetik Bibir,14999,1,Komisi XTRA,,11735,,1.50%,176.025,3.50%,410.725,586.75,176.025,410.725,586.75,,0,0.00%,0,100.00%,586.75,Tertunda,Pesanan sedang diproses. Komisi akan dikonfirmasi setelah pesanan selesai.,Pesanan dari Toko yang tidak Dipromosikan,Ada,Atayasetelankaosanak,,,,,Facebook
260530QJX9TKHE,Tertunda,233810618270585,2026-05-30 10:23:45,,2026-05-23 14:47:43,KEST KITCHENbest,1827208928,C2C(Non-CB),47760751662,"KEST Stainless Steel Lunch Box Kotak Makan Sekat Anti Tumpah Leakproof, Tempat Bekal Food Grade Kuat Tahan Lama Mudah Dibersihka",365938160831,Normal Product,,Perlengkapan Rumah,Perlengkapan Dapur,Tempat Penyimpanan Makanan,82134,1,Komisi XTRA,,77077,,0.00%,0,3.00%,2312.31,2312.31,0,2312.31,2312.31,,0,0.00%,0,100.00%,2312.31,Tertunda,Pesanan sedang diproses. Komisi akan dikonfirmasi setelah pesanan selesai.,Pesanan dari Toko yang tidak Dipromosikan,Ada,rakdapur3,,,,,Others
260530QJNN6HHA,Tertunda,233810328214506,2026-05-30 10:18:48,,2026-05-30 10:03:29,Damby outfit,250941011,Preferred(Non-CB),40363161315,KULOT JEANS ANAK PEREMPUAN MODEL TERBARU MOTIF PITA USIA 6-14 TAHUN,291095128030,Normal Product,,Fashion Bayi & Anak,Pakaian Anak Perempuan,Bawahan,69840,1,Komisi XTRA,,59252,,1.50%,888.78,3.85%,2281.202,3169.982,888.78,2281.202,3169.982,,0,0.00%,0,100.00%,3169.982,Tertunda,Pesanan sedang diproses. Komisi akan dikonfirmasi setelah pesanan selesai.,Pesanan dari Toko yang tidak Dipromosikan,Ada,dressanakperempuan,,,,,Facebook
260530QJE2XVVE,Tertunda,233810074205229,2026-05-30 10:14:35,,2026-05-30 08:32:17,Syla Hijab,1088338129,Preferred(Non-CB),28165480033,Hijab Motif 101-200 Segi Empat Voal Premium Laser Cut Free Pouch by Syla Hijab,69529640397,Normal Product,,Fashion Muslim,Pakaian Muslim Wanita,Hijab,32900,5,Komisi XTRA,,159500,,1.50%,2392.5,3.00%,4785,7177.5,2392.5,4785,7177.5,,0,0.00%,0,100.00%,7177.5,Tertunda,Pesanan sedang diproses. Komisi akan dikonfirmasi setelah pesanan selesai.,Pesanan dari Toko yang tidak Dipromosikan,Ada,Atayasetelankaosanak,,,,,Others
260530QHHBMCRN,Tertunda,233809110227091,2026-05-30 09:58:30,,2026-05-30 06:54:17,CHIC and CHEW,13300050,Preferred(Non-CB),41462158973,Snack Anjing | Gnawlers Puppy Snack V-Lucky Bone – Beef Flavour | Camilan Anjing / Dog Treat / Dental Care,169015491411,Normal Product,,Hewan Peliharaan,Makanan Hewan,Cemilan Anjing,79510,2,Komisi XTRA,,143118,,1.50%,2146.77,3.50%,5009.13,7155.9,2146.77,5009.13,7155.9,,0,0.00%,0,100.00%,7155.9,Tertunda,Pesanan sedang diproses. Komisi akan dikonfirmasi setelah pesanan selesai.,Pesanan dari Toko yang tidak Dipromosikan,Ada,Atayasetelankaosanak,,,,,Others
260530QHGNQWVY,Dibatalkan,233809087261089,2026-05-30 09:58:08,--,2026-05-30 09:36:48,Reskolshop,226602682,Preferred(Non-CB),22562011973,Kepala kambing,127844871520,Normal Product,,Makanan & Minuman,Makanan Segar & Beku,Daging,130000,0,Komisi Shopee,,0,104083,1.50%,0,0.00%,0,0,0,0,0,,0,0.00%,0,100.00%,0,Dibatalkan,Pembeli membatalkan pesanan.,Pesanan dari Toko yang tidak Dipromosikan,Ada,rakdapur3,,,,,Facebook
260530QGT4RRFD,Tertunda,233808331274714,2026-05-30 09:45:38,,2026-05-30 07:46:58,HOOBABY,1133440061,Preferred(Non-CB),27585617498,Exsclusive Little Zahsyi 2-11 Tahun Gaun Anak Perempuan Kelas Atas Desainer Gaun Putri Baru Manis Yang Rok Tutu Jaring Bergaya,243348981378,Normal Product,,Fashion Bayi & Anak,Pakaian Anak Perempuan,Dress,76341,1,Komisi XTRA,,65031,,1.50%,975.465,5.00%,3251.55,4227.015,1996.38,6654.6,8650.98,,0,0.00%,0,100.00%,8650.98,Tertunda,Pesanan sedang diproses. Komisi akan dikonfirmasi setelah pesanan selesai.,Pesanan dari Toko yang tidak Dipromosikan,Ada,Atayasetelankaosanak,,,,,Facebook
260530QGT4RRFD,Tertunda,233808331274714,2026-05-30 09:45:38,,2026-05-30 07:46:58,HOOBABY,1133440061,Preferred(Non-CB),27585617498,Exsclusive Little Zahsyi 2-11 Tahun Gaun Anak Perempuan Kelas Atas Desainer Gaun Putri Baru Manis Yang Rok Tutu Jaring Bergaya,243348981383,Normal Product,,Fashion Bayi & Anak,Pakaian Anak Perempuan,Dress,79900,1,Komisi XTRA,,68061,,1.50%,1020.915,5.00%,3403.05,4423.965,0,0,0,,0,0.00%,0,100.00%,0,Tertunda,Pesanan sedang diproses. Komisi akan dikonfirmasi setelah pesanan selesai.,Pesanan dari Toko yang tidak Dipromosikan,Ada,Atayasetelankaosanak,,,,,Facebook
260530QG9XXCUY,Tertunda,233807789290438,2026-05-30 09:36:51,,2026-05-30 09:19:18,IKEA Indonesia Official Store,1561682121,Shopee Mall(Non-CB),41406684036,IKEA LADDA Baterai AA Yang Dapat Diisi Ulang / Rechargeable Battery 1900mAh 1.2v Isi 4pcs,290564053700,Normal Product,,Elektronik,Baterai,,99900,1,Komisi XTRA,,98900,,0.50%,494.5,1.50%,1483.5,1978,494.5,1483.5,1978,,0,0.00%,0,100.00%,1978,Tertunda,Pesanan sedang diproses. Komisi akan dikonfirmasi setelah pesanan selesai.,Pesanan dari Toko yang tidak Dipromosikan,Ada,rakdapur3,,,,,Others
260530QFV1GEDE,Tertunda,233807321226789,2026-05-30 09:28:41,,2026-05-30 09:27:06,BOSS BANDUNG,1351876007,Preferred(Non-CB),42280978827,ONESET ANAK VIRAL MOTIF GAJAH KICAU MANIA 2-12 TAHUN SETELAN ANAK UNISEX MODEL TERBARU,405938067327,Normal Product,,Fashion Bayi & Anak,Pakaian Anak Perempuan,Jas & Setelan,42500,1,Komisi XTRA,,41700,,1.50%,625.5,10.00%,4170,4795.5,625.5,4170,4795.5,,0,0.00%,0,100.00%,4795.5,Tertunda,Pesanan sedang diproses. Komisi akan dikonfirmasi setelah pesanan selesai.,Pesanan Produk dari Toko yang Dipromosikan,Ada,Atayasetelankaosanak,,,,,Others
260530QESCDKRH,Tertunda,233806158254237,2026-05-30 09:09:19,,2026-05-30 09:07:41,SR_Stylish_kids,785375959,Preferred(Non-CB),16888069188,FLASH SALE setelan KARAKTER LUCU KICAU  MANIA GAJAH THAILAND untuk anak usia 1-12 tahun,330945063563,Normal Product,,Fashion Bayi & Anak,Pakaian Anak Laki-Laki,Jas & Setelan,43100,1,Komisi XTRA,,40945,,1.50%,614.175,7.00%,2866.15,3480.325,614.175,2866.15,3480.325,,0,0.00%,0,100.00%,3480.325,Tertunda,Pesanan sedang diproses. Komisi akan dikonfirmasi setelah pesanan selesai.,Pesanan Produk dari Toko yang Dipromosikan,Ada,Atayasetelankaosanak,,,,,Others
260530QEJNUHRF,Tertunda,233805933279668,2026-05-30 09:05:40,,2026-05-30 08:59:25,bajuanaknusantara,1240101037,C2C(Non-CB),50360097492,One set anak Gajah thailand viral 2-9thn/Baju anak kekinian/setelan anak perempuan/baju anak gajah,395887592200,Normal Product,,Fashion Bayi & Anak,Pakaian Anak Perempuan,Jas & Setelan,43918,1,Komisi XTRA,,43918,,0.00%,0,11.00%,4830.98,4830.98,0,4830.98,4830.98,,0,0.00%,0,100.00%,4830.98,Tertunda,Pesanan sedang diproses. Komisi akan dikonfirmasi setelah pesanan selesai.,Pesanan Produk dari Toko yang Dipromosikan,Ada,Atayasetelankaosanak,,,,,Others
260530QCW42UMQ,Tertunda,233804136251137,2026-05-30 08:35:36,,2026-05-30 06:50:38,Dinasty_books,588751116,Preferred(Non-CB),25834152545,Paket 6 Buku Anak Tk Paud Belajar Lancar Membaca Tanpa Mengeja/(Dinastybooks),109307730820,Normal Product,,Buku & Majalah,Buku Bacaan,Buku Anak-Anak,21125,1,Komisi XTRA,,21125,,1.50%,316.875,1.00%,211.25,528.125,316.875,211.25,528.125,,0,0.00%,0,100.00%,528.125,Tertunda,Pesanan sedang diproses. Komisi akan dikonfirmasi setelah pesanan selesai.,Pesanan dari Toko yang tidak Dipromosikan,Ada,Atayasetelankaosanak,,,,,Others
260530QCDFEC53,Dibatalkan,233803612292157,2026-05-30 08:27:13,--,2026-05-28 13:01:17,Kairo Foam J1,1024353230,Preferred(Non-CB),28709026333,Kairo - Karpet Busa Bulu Rasfur 4 cm,176643582611,Normal Product,,Perlengkapan Rumah,Dekorasi,Karpet & Tikar,155500,0,Komisi Shopee,,0,152390,1.50%,0,0.00%,0,0,0,0,0,,0,0.00%,0,100.00%,0,Dibatalkan,Pembeli membatalkan pesanan.,Pesanan dari Toko yang tidak Dipromosikan,Ada,rakdapur3,,,,,Instagram
260530QCDFDFW9,Tertunda,233803611266878,2026-05-30 08:26:51,,2026-05-30 08:11:42,Istana_Sandal518,1311565913,Preferred(Non-CB),28506231810,KINBOSS SENDAL ANAK COWO SENDAL SLIP ON  DENGAN MOTIF TERBARU K9800-K&T,246261956066,Normal Product,,Fashion Bayi & Anak,Sepatu Anak Laki-Laki,Sandal,21999,1,Komisi XTRA,,11999,,1.50%,179.985,2.50%,299.975,479.96,179.985,299.975,479.96,,0,0.00%,0,100.00%,479.96,Tertunda,Pesanan sedang diproses. Komisi akan dikonfirmasi setelah pesanan selesai.,Pesanan dari Toko yang tidak Dipromosikan,Ada,Atayasetelankaosanak,,,,,Facebook
260530QC60Y4W3,Tertunda,233803361237832,2026-05-30 08:22:41,,2026-05-30 08:16:42,Sweety Official Shop,211772104,Shopee Mall(Non-CB),24127306914,Sweety Silver Pants Cloud Soft L 28s x 4 Popok Celana Baby Diapers- Special Upcount,119152053834,Normal Product,,Ibu & Bayi,Popok & Pispot,Popok Sekali Pakai,208000,1,Komisi XTRA,,178000,,1.50%,2670,3.00%,5340,8010,2670,5340,8010,,0,0.00%,0,100.00%,8010,Tertunda,Pesanan sedang diproses. Komisi akan dikonfirmasi setelah pesanan selesai.,Pesanan dari Toko yang tidak Dipromosikan,Ada,benihsayuran,,,,,Instagram
260530QB9N1QN3,Tertunda,233802409206552,2026-05-30 08:06:50,,2026-05-30 08:04:16,SR_Stylish_kids,785375959,Preferred(Non-CB),20626234211,"""PROMO HARGA GROSIRAN""  SETELAN CARGO  VIRAl ANAK DAN PEREMPUAN UMUR 1-12 TAHUn",290453823113,Normal Product,,Fashion Bayi & Anak,Pakaian Anak Perempuan,Jas & Setelan,35700,1,Komisi XTRA,,35700,,1.50%,535.5,7.00%,2499,3034.5,535.5,2499,3034.5,,0,0.00%,0,100.00%,3034.5,Tertunda,Pesanan sedang diproses. Komisi akan dikonfirmasi setelah pesanan selesai.,Pesanan Produk dari Toko yang Dipromosikan,Ada,Atayasetelankaosanak,,,,,Others
260530QA6X15TK,Tertunda,233801244223049,2026-05-30 07:47:25,,2026-05-30 04:44:12,Arbapoko4,1685861079,C2C(Non-CB),57310582700,MAMYPOKO PANTS (CELANA) 1 BALL S38 M32 L28 LANGSUNG KIRIM,325927341174,Normal Product,,Ibu & Bayi,Popok & Pispot,Popok Sekali Pakai,45500,1,Komisi Shopee,,45500,,0.00%,0,0.00%,0,0,0,0,0,,0,0.00%,0,100.00%,0,Tertunda,Pesanan sedang diproses. Komisi akan dikonfirmasi setelah pesanan selesai.,Pesanan dari Toko yang tidak Dipromosikan,Ada,dressanakperempuan,,,,,Facebook
260530Q8U52FDG,Tertunda,233799775216470,2026-05-30 07:22:55,,2026-05-28 13:51:46,JOYKO Official Shop,64925304,Shopee Mall(Non-CB),27235871779,JOYKO Calculator Kalkulator CC-8BP 12 Digits Check & Correct,206062099863,Normal Product,,Buku & Alat Tulis,Perlengkapan Sekolah & Kantor,Kalkulator,49000,1,Komisi XTRA,,39200,,1.50%,588,1.50%,588,1176,588,588,1176,,0,0.00%,0,100.00%,1176,Tertunda,Pesanan sedang diproses. Komisi akan dikonfirmasi setelah pesanan selesai.,Pesanan dari Toko yang tidak Dipromosikan,Ada,rakdapur3,,,,,Others
260530Q8DK5AMJ,Tertunda,233799320222895,2026-05-30 07:15:21,,2026-05-30 07:07:14,Diazz collection77,1494311297,Preferred(Non-CB),51060318461,STELAN BAJU ANAK KICAU MANIA //BAJU ANAK VIRAL USIA 1-7TAHUN,315907006658,Normal Product,,Fashion Bayi & Anak,Pakaian Anak Perempuan,Jas & Setelan,40033,1,Komisi XTRA,,36033,,1.50%,540.495,9.00%,3242.97,3783.465,540.495,3242.97,3783.465,,0,0.00%,0,100.00%,3783.465,Tertunda,Pesanan sedang diproses. Komisi akan dikonfirmasi setelah pesanan selesai.,Pesanan Produk dari Toko yang Dipromosikan,Ada,Atayasetelankaosanak,,,,,Others
260530Q8757ENW,Tertunda,233799104283225,2026-05-30 07:11:46,,2026-05-30 07:08:39,BOSS BANDUNG,1351876007,Preferred(Non-CB),42280978827,ONESET ANAK VIRAL MOTIF GAJAH KICAU MANIA 2-12 TAHUN SETELAN ANAK UNISEX MODEL TERBARU,410938067094,Normal Product,,Fashion Bayi & Anak,Pakaian Anak Perempuan,Jas & Setelan,31000,1,Komisi XTRA,,28690,,1.50%,430.35,10.00%,2869,3299.35,430.35,2869,3299.35,,0,0.00%,0,100.00%,3299.35,Tertunda,Pesanan sedang diproses. Komisi akan dikonfirmasi setelah pesanan selesai.,Pesanan Produk dari Toko yang Dipromosikan,Ada,Atayasetelankaosanak,,,,,Others
260530Q5FXRXCG,Tertunda,233796178286422,2026-05-30 06:23:00,,2026-05-28 15:22:16,Barito Indo Official Store,328413581,Shopee Mall(Non-CB),22057253568,Rak Jemuran Lipat Handuk Pakaian Sepatu Stainlees/Gantungan Pengering Baju Bayi - B01B,256425867542,Normal Product,,Perlengkapan Rumah,Perawatan Rumah,Tali Jemuran & Rak Pengering,74258,1,Komisi XTRA,,74258,,1.50%,1113.87,5.00%,3712.9,4826.77,1113.87,3712.9,4826.77,,0,0.00%,0,100.00%,4826.77,Tertunda,Pesanan sedang diproses. Komisi akan dikonfirmasi setelah pesanan selesai.,Pesanan dari Toko yang tidak Dipromosikan,Ada,rakdapur3,,,,,Instagram
260530Q4QMH448,Tertunda,233795362233581,2026-05-30 06:09:22,,2026-05-30 05:10:39,Money Tree,7828926,Preferred(Non-CB),14577570538,Air Fryer Paper Anti Lengket / Kertas Alas Air Fryer / Baking Paper Tahan Minyak Sekali Pakai,191640449345,Normal Product,,Perlengkapan Rumah,Perlengkapan Dapur,Alat & Dekorasi Baking,17000,1,Komisi XTRA,,16284,,1.50%,244.26,0.50%,81.42,325.68,1366.065,1489.875,2855.94,,0,0.00%,0,100.00%,2855.94,Tertunda,Pesanan sedang diproses. Komisi akan dikonfirmasi setelah pesanan selesai.,Pesanan dari Toko yang tidak Dipromosikan,Ada,Atayasetelankaosanak,,,,,Others
260530Q4QMH448,Tertunda,233795362233581,2026-05-30 06:09:22,,2026-05-30 05:10:39,Money Tree,7828926,Preferred(Non-CB),22233272904,Pengasah Pisau Model Stick | Pengasah Pisau Sharpening Steel Carl 8 inch | Asahan Stik Premium Quality Professional Carbon Honin,137489479020,Normal Product,,Perlengkapan Rumah,Perlengkapan Dapur,Pisau & Gunting Dapur,18000,1,Komisi XTRA,,17242,,1.50%,258.63,6.50%,1120.73,1379.36,0,0,0,,0,0.00%,0,100.00%,0,Tertunda,Pesanan sedang diproses. Komisi akan dikonfirmasi setelah pesanan selesai.,Pesanan dari Toko yang tidak Dipromosikan,Ada,Atayasetelankaosanak,,,,,Others
260530Q4QMH448,Tertunda,233795362233581,2026-05-30 06:09:22,,2026-05-30 05:10:39,Money Tree,7828926,Preferred(Non-CB),22545253562,Kemoceng Microfiber 280cm Tarik Tekuk Panjang Alat Pembersih Langit-Langit Rumah,225308243498,Normal Product,,Perlengkapan Rumah,Perawatan Rumah,Kemoceng,20000,1,Komisi XTRA,,14820,,1.50%,222.3,0.50%,74.1,296.4,0,0,0,,0,0.00%,0,100.00%,0,Tertunda,Pesanan sedang diproses. Komisi akan dikonfirmasi setelah pesanan selesai.,Pesanan dari Toko yang tidak Dipromosikan,Ada,Atayasetelankaosanak,,,,,Others
260530Q4QMH448,Tertunda,233795362233581,2026-05-30 06:09:22,,2026-05-30 05:10:39,Money Tree,7828926,Preferred(Non-CB),24991739460,Gunting Dahan Ranting Pohon / Garden Scissors / Gunting Tanaman / Peralatan Berkebun Stainless Steel,168727892735,Normal Product,,Perlengkapan Rumah,Taman,Peralatan Berkebun,11000,1,Komisi XTRA,,10539,,1.50%,158.085,0.50%,52.695,210.78,0,0,0,,0,0.00%,0,100.00%,0,Tertunda,Pesanan sedang diproses. Komisi akan dikonfirmasi setelah pesanan selesai.,Pesanan dari Toko yang tidak Dipromosikan,Ada,Atayasetelankaosanak,,,,,Others
260530Q4QMH448,Tertunda,233795362233581,2026-05-30 06:09:22,,2026-05-30 05:10:39,Money Tree,7828926,Preferred(Non-CB),26160897425,Sarung Tangan Masak Oven Tebal Tahan Panas | Oven Hand Gloves Baking Microwave | Sarung Tangan Oven,197797413398,Normal Product,,Perlengkapan Rumah,Perlengkapan Dapur,Celemek & Pelindung Tangan,16800,2,Komisi XTRA,,32186,,1.50%,482.79,0.50%,160.93,643.72,0,0,0,,0,0.00%,0,100.00%,0,Tertunda,Pesanan sedang diproses. Komisi akan dikonfirmasi setelah pesanan selesai.,Pesanan dari Toko yang tidak Dipromosikan,Ada,Atayasetelankaosanak,,,,,Others
260530Q41QHV7D,Tertunda,233794627204312,2026-05-30 05:57:07,,2026-05-30 05:46:30,apotek Endah Farma,1081257286,C2C(Non-CB),22682474908,TIALYSIN KALK SIRUP 60ML vitamin anak,207082251086,Normal Product,,Kesehatan,Kesehatan Lainnya,,7173,3,Komisi Shopee,,21519,,0.00%,0,0.00%,0,0,0,0,0,,0,0.00%,0,100.00%,0,Tertunda,Pesanan sedang diproses. Komisi akan dikonfirmasi setelah pesanan selesai.,Pesanan dari Toko yang tidak Dipromosikan,Ada,rakdapur3,,,,,Facebook
260530Q2X13BS9,Tertunda,233793429259879,2026-05-30 05:37:09,,2026-05-29 05:11:38,RupaWastu.id,1651421788,C2C(Non-CB),40024583222,Pisau dapur baja super tajam ukuran kecil RUPAWASTU,266991573195,Normal Product,,Perlengkapan Rumah,Perlengkapan Dapur,Pisau & Gunting Dapur,2350,4,Komisi XTRA,,8707,,0.00%,0,2.50%,217.675,217.675,0,217.675,217.675,,0,0.00%,0,100.00%,217.675,Tertunda,Pesanan sedang diproses. Komisi akan dikonfirmasi setelah pesanan selesai.,Pesanan dari Toko yang tidak Dipromosikan,Ada,rakdapur3,,,,,Facebook
260530Q20A8GE6,Tertunda,233792432235339,2026-05-30 05:20:32,,2026-05-30 05:17:15,N2SHOP BABY KIDS,768272035,Preferred(Non-CB),24177234073,Set anak fernando,158607299629,Normal Product,,Fashion Bayi & Anak,Pakaian Anak Laki-Laki,Jas & Setelan,30500,1,Komisi Shopee,,28975,,1.50%,434.625,0.00%,0,434.625,434.625,0,434.625,,0,0.00%,0,100.00%,434.625,Tertunda,Pesanan sedang diproses. Komisi akan dikonfirmasi setelah pesanan selesai.,Pesanan Produk dari Toko yang Dipromosikan,Ada,setanakfernando,,,,,Facebook
260530Q1MEPG7U,Tertunda,233792034230236,2026-05-30 05:13:54,,2026-05-30 05:12:35,ziagirl_shop,201608204,Preferred(Non-CB),44802962567,Baju Setelan Bayi dan Anak Perempuan Alo Usia 0-5 Tahun,335284704291,Normal Product,,Fashion Bayi & Anak,Pakaian Anak Perempuan,Jas & Setelan,31125,1,Komisi XTRA,,31125,,1.50%,466.875,2.50%,778.125,1245,466.875,778.125,1245,,0,0.00%,0,100.00%,1245,Tertunda,Pesanan sedang diproses. Komisi akan dikonfirmasi setelah pesanan selesai.,Pesanan dari Toko yang tidak Dipromosikan,Ada,Atayasetelankaosanak,,,,,Facebook
260530PWPQ5D3X,Tertunda,233787815248511,2026-05-30 04:03:39,,2026-05-28 10:38:08,Babycolor Official Store,863147555,Shopee Mall(Non-CB),42156009333,BABYCOLOR 2KG Mainan Pasir Ajaib Set Lengkap Tanah Liat Plastisin Magic Sand + Box + Inflatable Pool,243558324936,Normal Product,,Ibu & Bayi,Mainan,Mainan Olahraga & Outdoor,209000,1,Komisi XTRA,,194672,,1.50%,2920.08,1.00%,1946.72,4866.8,2920.08,1946.72,4866.8,,0,0.00%,0,100.00%,4866.8,Tertunda,Pesanan sedang diproses. Komisi akan dikonfirmasi setelah pesanan selesai.,Pesanan dari Toko yang tidak Dipromosikan,Ada,rakdapur3,,,,,Others
260530PWPQ5D3W,Tertunda,233787815248511,2026-05-30 04:03:39,,2026-05-28 10:38:08,House of Peekaboo,938741785,Preferred(Non-CB),23371532386,Sensory Play Art Mat Playmat | Karpet/Matras/ Alas Main Sensory Kolam Renang Anak Bayi waterproof Playmate Bayi/ sensory mat kol,127617463312,Normal Product,,Ibu & Bayi,Mainan,Mainan Bayi & Anak,107000,1,Komisi XTRA,,100628,,1.50%,1509.42,1.50%,1509.42,3018.84,1509.42,1509.42,3018.84,,0,0.00%,0,100.00%,3018.84,Tertunda,Pesanan sedang diproses. Komisi akan dikonfirmasi setelah pesanan selesai.,Pesanan dari Toko yang tidak Dipromosikan,Ada,rakdapur3,,,,,Others
260529PC2UN6YQ,Tertunda,233768895261730,2026-05-29 22:48:16,,2026-05-28 15:59:58,Celve.Ofc,1389899889,Preferred(Non-CB),57255621095,CELVE - Skort Irish Rok Celana + Belt Wanita Korean Style Semiwol,325508001188,Normal Product,,Pakaian Wanita,Celana Pendek,Rok Celana,106603,1,Komisi XTRA,,94142,,1.50%,1412.13,4.00%,3765.68,5177.81,1412.13,3765.68,5177.81,,0,0.00%,0,100.00%,5177.81,Tertunda,Pesanan sedang diproses. Komisi akan dikonfirmasi setelah pesanan selesai.,Pesanan dari Toko yang tidak Dipromosikan,Ada,rakdapur3,,,,,Instagram
260529P9CSFA2R,Tertunda,233766007288729,2026-05-29 22:00:09,,2026-05-29 20:25:35,NOVA STORE,142190981,C2C(Non-CB),55853042481,Novastore- link co Dres 1kg,325294052759,Normal Product,,Pakaian Wanita,Dress,,13000,1,Komisi Shopee,,13000,,0.00%,0,0.00%,0,0,0,0,0,,0,0.00%,0,100.00%,0,Tertunda,Pesanan sedang diproses. Komisi akan dikonfirmasi setelah pesanan selesai.,Pesanan dari Toko yang tidak Dipromosikan,Ada,rakdapur3,,,,,Facebook
260529P7XYKX3Q,Tertunda,233764470226385,2026-05-29 21:34:30,,2026-05-29 21:29:06,jtkids,150922635,Preferred(Non-CB),27770049419,JTKIDS DRESS ANAK PEREMPUAN STACY SNI,266516291556,Normal Product,0_423135409356963_1,Fashion Bayi & Anak,Pakaian Anak Perempuan,Dress,19305,1,Komisi XTRA,,18340,,1.50%,275.1,10.00%,1834,2109.1,550.185,3667.9,4218.085,,0,0.00%,0,100.00%,4218.085,Tertunda,Pesanan sedang diproses. Komisi akan dikonfirmasi setelah pesanan selesai.,Pesanan Produk dari Toko yang Dipromosikan,Ada,dressanakperempuan,,,,,Threads
260529P7XYKX3Q,Tertunda,233764470226385,2026-05-29 21:34:30,,2026-05-29 21:29:06,jtkids,150922635,Preferred(Non-CB),27770049419,JTKIDS DRESS ANAK PEREMPUAN STACY SNI,266516291568,Normal Product,0_423135409356963_1,Fashion Bayi & Anak,Pakaian Anak Perempuan,Dress,19305,1,Komisi XTRA,,18339,,1.50%,275.085,10.00%,1833.9,2108.985,0,0,0,,0,0.00%,0,100.00%,0,Tertunda,Pesanan sedang diproses. Komisi akan dikonfirmasi setelah pesanan selesai.,Pesanan Produk dari Toko yang Dipromosikan,Ada,dressanakperempuan,,,,,Threads
260529P741FV2A,Tertunda,233763566222065,2026-05-29 21:19:26,,2026-05-28 11:08:27,SKINTIFIC_ID Authorize Store,1442199682,Preferred(Non-CB),25490087370,[SKINTIFIC AUTHORIZED] 5pcs Paket-Skincare Set | Serum Moisturizer Gel Toner Sunscreen Cleansing Mousse Facial Wash Day Night Cr,242392832699,Normal Product,,Perawatan & Kecantikan,Paket & Set Kecantikan,,441845,1,Komisi Shopee,,366648,,1.50%,5499.72,0.00%,0,5499.72,5499.72,0,5499.72,,0,0.00%,0,100.00%,5499.72,Tertunda,Pesanan sedang diproses. Komisi akan dikonfirmasi setelah pesanan selesai.,Pesanan dari Toko yang tidak Dipromosikan,Ada,rakdapur3,,,,,Facebook
260529P4X80UM7,Tertunda,233761224264210,2026-05-29 20:40:24,,2026-05-27 18:10:02,HugRug Ease Karpet,1660674054,Preferred(Non-CB),46154974826,HugRug Ease  160*210 Karpet Mewah Ruang Tamu Karpet Dalam Ruangan Karpet Motif Elegan Home Decor,310458276077,Normal Product,,Perlengkapan Rumah,Dekorasi,Karpet & Tikar,247480,1,Komisi XTRA,,229790,,1.50%,3446.85,2.50%,5744.75,9191.6,3446.85,5744.75,9191.6,,0,0.00%,0,100.00%,9191.6,Tertunda,Pesanan sedang diproses. Komisi akan dikonfirmasi setelah pesanan selesai.,Pesanan dari Toko yang tidak Dipromosikan,Ada,rakdapur3,,,,,Instagram
260529P3Y2FJH6,Tertunda,233760178265326,2026-05-29 20:22:59,,2026-05-29 13:02:54,SKO Store,131761600,Preferred(Non-CB),21525398450,Bearing 6301RS Federal Laher 6301 FP-6301 Original Murah,201318482963,Normal Product,,Sepeda Motor,Suku Cadang Motor,"Rantai, Transmisi, & Kopling",12897,10,Komisi Shopee,,128970,,1.50%,1934.55,0.00%,0,1934.55,1934.55,0,1934.55,,0,0.00%,0,100.00%,1934.55,Tertunda,Pesanan sedang diproses. Komisi akan dikonfirmasi setelah pesanan selesai.,Pesanan dari Toko yang tidak Dipromosikan,Ada,rakdapur3,,,,,Instagram
260529P2SFWFDG,Tertunda,233758917285419,2026-05-29 20:01:59,,2026-05-28 13:26:02,Kosong Official Store,868240641,Shopee Mall(Non-CB),19480421782,Kosong.Ltd Sandal Pria Wanita LUXE Suede - Black Grey Black,186785081949,Normal Product,,Sepatu Pria,Sandal,Sandal Slide,133900,1,Komisi XTRA,,131222,,1.50%,1968.33,3.50%,4592.77,6561.1,1968.33,4592.77,6561.1,,0,0.00%,0,100.00%,6561.1,Tertunda,Pesanan sedang diproses. Komisi akan dikonfirmasi setelah pesanan selesai.,Pesanan dari Toko yang tidak Dipromosikan,Ada,rakdapur3,,,,,Instagram
260529P2EGXBBA,Tertunda,233758549267603,2026-05-29 19:55:49,,2026-05-28 13:07:13,Liarymeory Stiker,647981735,Preferred(Non-CB),17601654576,Wallpaper Lantai Tempel Tahan Air 61x200cm Perekat Diri PVC Non-Slip Stiker Toilet Dapur Balkon Renovasi Dekoratif Kamar Mandi R,330427198189,Normal Product,,Perlengkapan Rumah,Alat Pertukangan & Renovasi Rumah,Atap & Lantai,55500,2,Komisi XTRA,,98100,,1.50%,1471.5,4.50%,4414.5,5886,1471.5,4414.5,5886,,0,0.00%,0,100.00%,5886,Tertunda,Pesanan sedang diproses. Komisi akan dikonfirmasi setelah pesanan selesai.,Pesanan dari Toko yang tidak Dipromosikan,Ada,rakdapur3,,,,,Facebook
260529P1QS9N90,Tertunda,233757786269872,2026-05-29 19:43:06,,2026-05-25 12:54:37,Bintangmaspku,23664699,Preferred(Non-CB),56703590064,susu evaporasi tiga sapi 500gram,415343094535,Normal Product,,Makanan & Minuman,Susu & Olahan,Susu,24617,1,Komisi Shopee,,22811,,1.50%,342.165,0.00%,0,342.165,342.165,0,342.165,,0,0.00%,0,100.00%,342.165,Tertunda,Pesanan sedang diproses. Komisi akan dikonfirmasi setelah pesanan selesai.,Pesanan dari Toko yang tidak Dipromosikan,Ada,rakdapur3,,,,,Instagram
260529NYVHCBJY,Tertunda,233755798251444,2026-05-29 19:09:58,,2026-05-28 15:50:37,FarmaskinBeauty,103326288,Preferred(Non-CB),51506392003,[SkinFarmaBeauty] HB DOSTING CL PEMUTIH BADAN ORIGINAL BPOM,267417760599,Normal Product,,Perawatan & Kecantikan,Perawatan Tubuh,"Body Cream, Body Lotion & Body Butter",85000,1,Komisi XTRA,,65436,,1.50%,981.54,13.50%,8833.86,9815.4,981.54,8833.86,9815.4,,0,0.00%,0,100.00%,9815.4,Tertunda,Pesanan sedang diproses. Komisi akan dikonfirmasi setelah pesanan selesai.,Pesanan dari Toko yang tidak Dipromosikan,Ada,rakdapur3,,,,,Facebook
260529NY7RMEXA,Dibatalkan,233755101216216,2026-05-29 18:58:21,--,2026-05-29 18:56:41,ozomi.id,703684547,Preferred(Non-CB),54809042766,OZOMI SETELAN BAJU ANAK LAKI-LAKI 0-4 TAHUN/SET BAJU ANAK COWOK (006),244212658934,Normal Product,,Fashion Bayi & Anak,Pakaian Anak Laki-Laki,Jas & Setelan,28500,0,Komisi XTRA,,0,24500,1.50%,0,10.00%,0,0,0,0,0,,0,0.00%,0,100.00%,0,Dibatalkan,Pembeli membatalkan pesanan.,Pesanan Produk dari Toko yang Dipromosikan,Ada,setanakfernando,,,,,Others
260529NXPCPUA7,Tertunda,233754518287992,2026-05-29 18:48:40,,2026-05-29 18:35:04,ARSYA GROSIR,274352085,C2C(Non-CB),3971700917,BAJU ATASAN WANITA PREMIUM TERBARU 2026,77980913849,Normal Product,,Pakaian Wanita,Atasan,Kemeja & Blouse,35000,1,Komisi XTRA,,33250,,0.00%,0,5.00%,1662.5,1662.5,0,1662.5,1662.5,,0,0.00%,0,100.00%,1662.5,Tertunda,Pesanan sedang diproses. Komisi akan dikonfirmasi setelah pesanan selesai.,Pesanan dari Toko yang tidak Dipromosikan,Ada,rakdapur3,,,,,Facebook
260529NVX36Y9K,Tertunda,233752629283304,2026-05-29 18:17:11,,2026-05-27 16:36:52,Modern_housewife Store,1197477005,Preferred(Non-CB),29274202547,Kotak pembagi penyimpanan laci kosmetik kotak penyimpanan transparan kotak pengorganisasian aneka persegi panjang,185741997333,Normal Product,,Perlengkapan Rumah,Organizer Rumah,"Box, Tas, & Keranjang Penyimpanan",13252,4,Komisi XTRA,,49783,,1.50%,746.745,1.50%,746.745,1493.49,1380.705,1380.705,2761.41,,0,0.00%,0,100.00%,2761.41,Tertunda,Pesanan sedang diproses. Komisi akan dikonfirmasi setelah pesanan selesai.,Pesanan dari Toko yang tidak Dipromosikan,Ada,rakdapur3,,,,,Others
260529NVX36Y9K,Tertunda,233752629283304,2026-05-29 18:17:11,,2026-05-27 16:36:52,Modern_housewife Store,1197477005,Preferred(Non-CB),29274202547,Kotak pembagi penyimpanan laci kosmetik kotak penyimpanan transparan kotak pengorganisasian aneka persegi panjang,185741997334,Normal Product,,Perlengkapan Rumah,Organizer Rumah,"Box, Tas, & Keranjang Penyimpanan",22500,2,Komisi XTRA,,42264,,1.50%,633.96,1.50%,633.96,1267.92,0,0,0,,0,0.00%,0,100.00%,0,Tertunda,Pesanan sedang diproses. Komisi akan dikonfirmasi setelah pesanan selesai.,Pesanan dari Toko yang tidak Dipromosikan,Ada,rakdapur3,,,,,Others
260529NVX1996D,Tertunda,233752627263819,2026-05-29 18:17:08,,2026-05-28 08:04:34,Shore Official Store,1007533573,Shopee Mall(Non-CB),42460558329,"S H R by SHORE - Premium Linen Spray, Room Spray, Bed Spray Antibacterial, Anti Tungau With Premium Essential Oil",258681293094,Normal Product,,Perlengkapan Rumah,Pengharum Ruangan & Aromaterapi,Pengharum Ruangan,41440,1,Komisi XTRA,,38898,,1.50%,583.47,6.00%,2333.88,2917.35,583.47,2333.88,2917.35,,0,0.00%,0,100.00%,2917.35,Tertunda,Pesanan sedang diproses. Komisi akan dikonfirmasi setelah pesanan selesai.,Pesanan dari Toko yang tidak Dipromosikan,Ada,rakdapur3,,,,,Instagram
260529NTMBRKJ9,Tertunda,233750155221025,2026-05-29 17:35:56,,2026-05-26 22:26:45,MKTRIZZ Official Store,1407288188,Shopee Mall(Non-CB),52907950125,MAKRIZZ Kacamata Wanita Cat Eye Anti Radiasi Photocromic Gaya Korea Mewah Stylish Minus Frame Anti UV400/HP,345706098661,Normal Product,,Aksesoris Fashion,Kacamata & Aksesoris,Frame & Lensa Kacamata,88200,1,Komisi XTRA,,83790,,1.50%,1256.85,6.00%,5027.4,6284.25,1256.85,5027.4,6284.25,,0,0.00%,0,100.00%,6284.25,Tertunda,Pesanan sedang diproses. Komisi akan dikonfirmasi setelah pesanan selesai.,Pesanan dari Toko yang tidak Dipromosikan,Ada,rakdapur3,,,,,Instagram
260529NTEHSGBA,Tertunda,233749960219883,2026-05-29 17:32:40,,2026-05-26 22:11:04,ledingdingtumbler store,1407839276,Preferred(Non-CB),24045065235,LDD-Dopamin Tumbler Pink Botol Minum Aesthetic Tumblr Stainless 750ML Termos Tahan Panas Dan Dingin,159178640876,Normal Product,,Perlengkapan Rumah,Peralatan Makan,Botol Minum & Aksesoris,99000,1,Komisi XTRA,,99000,,1.50%,1485,6.00%,5940,7425,1485,5940,7425,,0,0.00%,0,100.00%,7425,Tertunda,Pesanan sedang diproses. Komisi akan dikonfirmasi setelah pesanan selesai.,Pesanan Produk dari Toko yang Dipromosikan,Ada,rakdapur3,,,,,Others
260529NQW68WC8,Tertunda,233747230222085,2026-05-29 16:47:11,,2026-05-29 15:37:01,littleaaron.store,312949378,Preferred(Non-CB),21864796231,SALE 5.5 littleaaron -    HUGOO 629 Sepatu Anak Laki Laki Perempuan Sneakers Sekolah 1-6 Tahun sandal anak  lucu,137380078869,Normal Product,,Fashion Bayi & Anak,Sepatu Anak Laki-Laki,Sepatu Sneaker,113280,1,Komisi XTRA,,107616,,1.50%,1614.24,0.50%,538.08,2152.32,1614.24,538.08,2152.32,,0,0.00%,0,100.00%,2152.32,Tertunda,Pesanan sedang diproses. Komisi akan dikonfirmasi setelah pesanan selesai.,Pesanan dari Toko yang tidak Dipromosikan,Ada,rakdapur3,,,,,Facebook
260529NQGVDAAB,Tertunda,233746817237808,2026-05-29 16:40:17,,2026-05-23 14:45:18,dewangi1918 oficialstore,1792105926,C2C(Non-CB),45858265289,minyak misik cobra hitam original segel,282507131211,Normal Product,,Perawatan & Kecantikan,Parfum & Wewangian,,31500,1,Komisi Shopee,,31500,,0.00%,0,0.00%,0,0,0,0,0,,0,0.00%,0,100.00%,0,Tertunda,Pesanan sedang diproses. Komisi akan dikonfirmasi setelah pesanan selesai.,Pesanan dari Toko yang tidak Dipromosikan,Ada,rakdapur3,,,,,Facebook
260529NQ2MKGAU,Tertunda,233746339281107,2026-05-29 16:32:21,,2026-05-28 15:15:57,Belia Cosmetic,48382819,Preferred(Non-CB),29268474426,❤ BELIA ❤ NPURE Acne Power Clear Micellar Water 100ml 300ml | Pembersih Make Up | Untuk Kulit Sensitif dan Jerawat,257092658927,Normal Product,,Perawatan & Kecantikan,Kosmetik,Pembersih Make Up,46900,1,Komisi Shopee,,42210,,1.50%,633.15,0.00%,0,633.15,1482.3,283.05,1765.35,,0,0.00%,0,100.00%,1765.35,Tertunda,Pesanan sedang diproses. Komisi akan dikonfirmasi setelah pesanan selesai.,Pesanan dari Toko yang tidak Dipromosikan,Ada,rakdapur3,,,,,Others
260529NQ2MKGAU,Tertunda,233746339281107,2026-05-29 16:32:21,,2026-05-28 15:15:57,Belia Cosmetic,48382819,Preferred(Non-CB),1564659372,❤ BELIA ❤ 100% ORIGINAL Pensil Pencil Alis VIVA Queen Eyebrow Eye Brow Eyebrow Pencil 1.3 gram BPOM,2352197459,Normal Product,,Perawatan & Kecantikan,Kosmetik,Kosmetik Mata,36300,1,Komisi XTRA,,32670,,1.50%,490.05,0.50%,163.35,653.4,0,0,0,,0,0.00%,0,100.00%,0,Tertunda,Pesanan sedang diproses. Komisi akan dikonfirmasi setelah pesanan selesai.,Pesanan dari Toko yang tidak Dipromosikan,Ada,rakdapur3,,,,,Others
260529NQ2MKGAU,Tertunda,233746339281107,2026-05-29 16:32:21,,2026-05-28 15:15:57,Belia Cosmetic,48382819,Preferred(Non-CB),26859420530,❤ BELIA ❤ PIGEON TEENS Bright Heroes Micellar Water 100ml | Micellar Water Pembersih Wajah Double Cleansing | Skincare Infused,256481987728,Normal Product,,Perawatan & Kecantikan,Kosmetik,Pembersih Make Up,26600,1,Komisi XTRA,,23940,,1.50%,359.1,0.50%,119.7,478.8,0,0,0,,0,0.00%,0,100.00%,0,Tertunda,Pesanan sedang diproses. Komisi akan dikonfirmasi setelah pesanan selesai.,Pesanan dari Toko yang tidak Dipromosikan,Ada,rakdapur3,,,,,Others
260529NN5VXA48,Tertunda,233744301207806,2026-05-29 15:58:21,,2026-05-26 13:58:42,SIXSPACE Official Store,1246274923,Shopee Mall(Non-CB),27353976652,SIXSPACE Sepatu Poundfit Sepatu Pantai Sepatu Yoga Sepatu Hiking Pria Wanita Sepatu Sepeda Sepatu Pilates Sepatu Tracing Sepatu ,166547346212,Normal Product,,Olahraga & Outdoor,Sepatu Olahraga,Sepatu Olahraga Lainnya,213440,1,Komisi XTRA,,174472,,1.50%,2617.08,3.00%,5234.16,7851.24,2617.08,5234.16,7851.24,,0,0.00%,0,100.00%,7851.24,Tertunda,Pesanan sedang diproses. Komisi akan dikonfirmasi setelah pesanan selesai.,Pesanan dari Toko yang tidak Dipromosikan,Ada,rakdapur3,,,,,Others
260529NMX6WG91,Tertunda,233744043233107,2026-05-29 15:54:03,,2026-05-28 16:04:19,Vela mall,1563186862,Preferred(Non-CB),41905248659,"[2 PACK & 4 PACK] 3 PLY, 1280 SHEETS Tissue VELA GANTUNG Tissue Elegan Vela Tissu Tissue Minyak Tissue Serbaguna Tissue Mobil Wa",295442355660,Normal Product,,Perlengkapan Rumah,Perawatan Rumah,Tisu & Tisu Kertas,41900,1,Komisi XTRA,,39104,,1.50%,586.56,3.00%,1173.12,1759.68,586.56,1173.12,1759.68,,0,0.00%,0,100.00%,1759.68,Tertunda,Pesanan sedang diproses. Komisi akan dikonfirmasi setelah pesanan selesai.,Pesanan dari Toko yang tidak Dipromosikan,Ada,rakdapur3,,,,,Others
260529NKX2UCHK,Tertunda,233742965223411,2026-05-29 15:36:06,,2026-05-28 07:58:11,Marks and Spencer OfficialShop,255178178,Shopee Mall(Non-CB),26315879471,M&S - Sweater Wanita - Ribbed Funnel Neck Jumper,168504428078,Normal Product,,Pakaian Wanita,Sweater & Cardigan,,150000,1,Komisi XTRA,,135000,,1.50%,2025,2.50%,3375,5400,3240,5400,8640,,0,0.00%,0,100.00%,8640,Tertunda,Pesanan sedang diproses. Komisi akan dikonfirmasi setelah pesanan selesai.,Pesanan dari Toko yang tidak Dipromosikan,Ada,rakdapur3,,,,,Instagram
260529NKX2UCHK,Tertunda,233742965223411,2026-05-29 15:36:06,,2026-05-28 07:58:11,Marks and Spencer OfficialShop,255178178,Shopee Mall(Non-CB),29022942253,M&S - Topi Wanita - Pure Cotton Printed Bucket Hat,252425937155,Normal Product,,Aksesoris Fashion,Topi,,90000,1,Komisi XTRA,,81000,,1.50%,1215,2.50%,2025,3240,0,0,0,,0,0.00%,0,100.00%,0,Tertunda,Pesanan sedang diproses. Komisi akan dikonfirmasi setelah pesanan selesai.,Pesanan dari Toko yang tidak Dipromosikan,Ada,rakdapur3,,,,,Instagram
260529NKCM1H7Y,Tertunda,233742379274073,2026-05-29 15:26:26,,2026-05-29 15:18:06,olvist store,1465003416,Preferred(Non-CB),28175361227,Dispenser Sabun Cair 1 Tabung Dispenser Sabun Multi Type Manual Tempat Sabun Cair Terbaru ZK-18,330676481616,Normal Product,,Perlengkapan Rumah,Kamar Mandi,"Dispenser, Tempat, & Kotak Sabun",43974,2,Komisi XTRA,,74017,,1.50%,1110.255,4.00%,2960.68,4070.935,1110.255,2960.68,4070.935,,0,0.00%,0,100.00%,4070.935,Tertunda,Pesanan sedang diproses. Komisi akan dikonfirmasi setelah pesanan selesai.,Pesanan dari Toko yang tidak Dipromosikan,Ada,rakdapur3,,,,,Others
260529NJXVBGRX,Tertunda,233741918229723,2026-05-29 15:18:38,,2026-05-28 04:42:47,Wisuda Bookstore,83574156,C2C(Non-CB),7047612010,Buku Anak Islam Suka Membaca Jilid 1 2 3 4 5 6 Murah Best Seller Harga Grosir,30673773068,Normal Product,,Buku & Majalah,Buku Bacaan,Buku Anak-Anak,2800,1,Komisi Shopee,,2800,,0.00%,0,0.00%,0,0,0,0,0,,0,0.00%,0,100.00%,0,Tertunda,Pesanan sedang diproses. Komisi akan dikonfirmasi setelah pesanan selesai.,Pesanan dari Toko yang tidak Dipromosikan,Ada,WallpaperDindingVinyl,,,,,Facebook
260529NJXVBGRX,Tertunda,233741918229723,2026-05-29 15:18:38,,2026-05-28 04:42:47,Wisuda Bookstore,83574156,C2C(Non-CB),7047612010,Buku Anak Islam Suka Membaca Jilid 1 2 3 4 5 6 Murah Best Seller Harga Grosir,30673773069,Normal Product,,Buku & Majalah,Buku Bacaan,Buku Anak-Anak,3000,1,Komisi Shopee,,3000,,0.00%,0,0.00%,0,0,0,0,0,,0,0.00%,0,100.00%,0,Tertunda,Pesanan sedang diproses. Komisi akan dikonfirmasi setelah pesanan selesai.,Pesanan dari Toko yang tidak Dipromosikan,Ada,WallpaperDindingVinyl,,,,,Facebook
260529NJXVBGRX,Tertunda,233741918229723,2026-05-29 15:18:38,,2026-05-28 04:42:47,Wisuda Bookstore,83574156,C2C(Non-CB),7047612010,Buku Anak Islam Suka Membaca Jilid 1 2 3 4 5 6 Murah Best Seller Harga Grosir,30673773070,Normal Product,,Buku & Majalah,Buku Bacaan,Buku Anak-Anak,4950,1,Komisi Shopee,,4950,,0.00%,0,0.00%,0,0,0,0,0,,0,0.00%,0,100.00%,0,Tertunda,Pesanan sedang diproses. Komisi akan dikonfirmasi setelah pesanan selesai.,Pesanan dari Toko yang tidak Dipromosikan,Ada,WallpaperDindingVinyl,,,,,Facebook
260529NJXVBGRX,Tertunda,233741918229723,2026-05-29 15:18:38,,2026-05-28 04:42:47,Wisuda Bookstore,83574156,C2C(Non-CB),7047612010,Buku Anak Islam Suka Membaca Jilid 1 2 3 4 5 6 Murah Best Seller Harga Grosir,30673773071,Normal Product,,Buku & Majalah,Buku Bacaan,Buku Anak-Anak,2750,1,Komisi Shopee,,2750,,0.00%,0,0.00%,0,0,0,0,0,,0,0.00%,0,100.00%,0,Tertunda,Pesanan sedang diproses. Komisi akan dikonfirmasi setelah pesanan selesai.,Pesanan dari Toko yang tidak Dipromosikan,Ada,WallpaperDindingVinyl,,,,,Facebook
260529NJXVBGRX,Tertunda,233741918229723,2026-05-29 15:18:38,,2026-05-28 04:42:47,Wisuda Bookstore,83574156,C2C(Non-CB),7047612010,Buku Anak Islam Suka Membaca Jilid 1 2 3 4 5 6 Murah Best Seller Harga Grosir,30673773067,Normal Product,,Buku & Majalah,Buku Bacaan,Buku Anak-Anak,4950,1,Komisi Shopee,,4950,,0.00%,0,0.00%,0,0,0,0,0,,0,0.00%,0,100.00%,0,Tertunda,Pesanan sedang diproses. Komisi akan dikonfirmasi setelah pesanan selesai.,Pesanan dari Toko yang tidak Dipromosikan,Ada,WallpaperDindingVinyl,,,,,Facebook
260529NJWYSDPD,Selesai,233741888271099,2026-05-29 15:18:15,2026-05-31 14:51:14,2026-05-28 12:14:47,Faber-Castell Official Shop,42170420,Shopee Mall(Non-CB),45852464962,Alligator Pensil Menulis 2B 1box isi 12 pcs,129481598015,Normal Product,,Buku & Alat Tulis,Alat Tulis,Pensil,10000,1,Komisi XTRA,,9960,,1.50%,149.4,3.00%,298.8,448.2,149.4,298.8,448.2,,0,0.00%,0,100.00%,448.2,Selesai,,Pesanan dari Toko yang tidak Dipromosikan,Ada,rakdapur3,,,,,Instagram
260529NJWYSDPC,Selesai,233741888271099,2026-05-29 15:18:15,2026-05-30 14:47:39,2026-05-28 12:14:47,arssyla_store,135070524,Preferred(Non-CB),29323264534,Alas Tabung Gas LPG / Tatakan Karpet /  Taplak,176914852758,Normal Product,,Perlengkapan Rumah,Perlengkapan Dapur,Perlengkapan Dapur Lainnya,4737,1,Komisi XTRA,,4720,,1.50%,70.8,2.50%,118,188.8,70.8,118,188.8,,0,0.00%,0,100.00%,188.8,Selesai,,Pesanan dari Toko yang tidak Dipromosikan,Ada,rakdapur3,,,,,Instagram
260529NJWYSDPB,Tertunda,233741888271099,2026-05-29 15:18:15,,2026-05-28 12:14:47,QUAFF  Indonesia,1223896873,Preferred(Non-CB),28607348397,Push Eraser/Sliding Eraser / Penghapus Mekanik / Hapusan Mekanik Warna Lucu Tidak Meninggalkan Serpihan,166612667621,Normal Product,,Buku & Alat Tulis,Alat Tulis,Penghapus & Tipe X,8800,1,Komisi XTRA,,8765,,1.50%,131.475,5.00%,438.25,569.725,131.475,438.25,569.725,,0,0.00%,0,100.00%,569.725,Tertunda,Pesanan sedang diproses. Komisi akan dikonfirmasi setelah pesanan selesai.,Pesanan dari Toko yang tidak Dipromosikan,Ada,rakdapur3,,,,,Instagram
260529NJWYSDPA,Tertunda,233741888271099,2026-05-29 15:18:15,,2026-05-28 12:14:47,SUKACITA'S,1296389064,Preferred(Non-CB),26662872331,Kotak Pensil Anak Sekolah 6 Ruang / Kapasitas Besar Pencil Case / 3D Anak Perempuan Lucu Besar,227540555549,Normal Product,,Buku & Alat Tulis,Perlengkapan Sekolah & Kantor,Tempat Pensil,38870,1,Komisi Shopee,,38717,,1.50%,580.755,0.00%,0,580.755,580.755,0,580.755,,0,0.00%,0,100.00%,580.755,Tertunda,Pesanan sedang diproses. Komisi akan dikonfirmasi setelah pesanan selesai.,Pesanan dari Toko yang tidak Dipromosikan,Ada,rakdapur3,,,,,Instagram
260529NJJBUBTW,Tertunda,233741498261076,2026-05-29 15:11:38,,2026-05-28 09:20:15,Hijabiv,38831452,Preferred(Non-CB),11078832277,SEGI EMPAT PARIS PREMIUM FINISHING JAHIT TEPI ANTI LETOY (FREE POUCH),128385649652,Normal Product,457706586783880_0_0,Fashion Muslim,Pakaian Muslim Wanita,Hijab,21910,1,Komisi XTRA,,19410,,1.50%,291.15,2.50%,485.25,776.4,582.3,970.5,1552.8,,0,0.00%,0,100.00%,1552.8,Tertunda,Pesanan sedang diproses. Komisi akan dikonfirmasi setelah pesanan selesai.,Pesanan dari Toko yang tidak Dipromosikan,Ada,rakdapur3,,,,,Websites
260529NJJBUBTW,Tertunda,233741498261076,2026-05-29 15:11:38,,2026-05-28 09:20:15,Hijabiv,38831452,Preferred(Non-CB),11078832277,SEGI EMPAT PARIS PREMIUM FINISHING JAHIT TEPI ANTI LETOY (FREE POUCH),182077109653,Normal Product,457706586783880_0_0,Fashion Muslim,Pakaian Muslim Wanita,Hijab,21910,1,Komisi XTRA,,19410,,1.50%,291.15,2.50%,485.25,776.4,0,0,0,,0,0.00%,0,100.00%,0,Tertunda,Pesanan sedang diproses. Komisi akan dikonfirmasi setelah pesanan selesai.,Pesanan dari Toko yang tidak Dipromosikan,Ada,rakdapur3,,,,,Websites
260529NJJBUBTW,Tertunda,233741498261076,2026-05-29 15:11:38,,2026-05-28 09:20:15,Hijabiv,38831452,Preferred(Non-CB),40603337979,HIJABIV Pouch Anti Air Motif Random Souvenir Gift,285277309940,Normal Product,457706586783880_0_0,Koper & Tas Travel,Aksesoris Travel,Organizer Travel,0,1,Komisi XTRA,,0,,1.50%,0,2.50%,0,0,0,0,0,,0,0.00%,0,100.00%,0,Tertunda,Pesanan sedang diproses. Komisi akan dikonfirmasi setelah pesanan selesai.,Pesanan dari Toko yang tidak Dipromosikan,Ada,rakdapur3,,,,,Websites
260529NHFH0BAG,Tertunda,233740329273903,2026-05-29 14:52:16,,2026-05-23 14:54:59,Corolla Official Store,1069129432,Shopee Mall(Non-CB),40061197088,COROLLA Tiger-66 Sepatu Sneakers Wanita Sekolah Kuliah Main Outdoor Sepatu Tali Korean Style Multifungsi Ringan Biru Putih Cokla,290937235808,Normal Product,,Sepatu Wanita,Sneakers,,193882,1,Komisi XTRA,,167976,,1.50%,2519.64,4.00%,6719.04,9238.68,2519.64,6719.04,9238.68,,0,0.00%,0,100.00%,9238.68,Tertunda,Pesanan sedang diproses. Komisi akan dikonfirmasi setelah pesanan selesai.,Pesanan dari Toko yang tidak Dipromosikan,Ada,Rakaestethikkamar,iklan,nyamiresep,,,Others
260529NHFH0BAF,Tertunda,233740329273903,2026-05-29 14:52:16,,2026-05-23 14:54:59,Luck Wanita Official Shop,603966067,Preferred(Non-CB),22202309449,Korea Cutbray Jeans Highwaist Celana Jeans Wanita Kekinian Seksi,137764522773,Normal Product,,Pakaian Wanita,Celana Jeans,,167799,1,Komisi XTRA,,147663,,1.50%,2214.945,2.50%,3691.575,5906.52,2214.945,3691.575,5906.52,,0,0.00%,0,100.00%,5906.52,Tertunda,Pesanan sedang diproses. Komisi akan dikonfirmasi setelah pesanan selesai.,Pesanan dari Toko yang tidak Dipromosikan,Ada,Rakaestethikkamar,iklan,nyamiresep,,,Others
260529NHFH0BAE,Tertunda,233740329273903,2026-05-29 14:52:16,,2026-05-23 14:54:59,Ademin.Co Official Store,365845690,Shopee Mall(Non-CB),19792319844,Ademin.Co LOLY Set Piyama Wanita Kancing Rayon Reactive Premium | Setelan Baju Tidur Adem Lucu,315862244929,Normal Product,,Pakaian Wanita,Pakaian Tidur & Piyama,Piyama,93900,1,Komisi XTRA,,82632,,1.50%,1239.48,5.00%,4131.6,5371.08,2478.945,8263.15,10742.095,,0,0.00%,0,100.00%,10742.095,Tertunda,Pesanan sedang diproses. Komisi akan dikonfirmasi setelah pesanan selesai.,Pesanan dari Toko yang tidak Dipromosikan,Ada,Rakaestethikkamar,iklan,nyamiresep,,,Others
260529NHFH0BAE,Tertunda,233740329273903,2026-05-29 14:52:16,,2026-05-23 14:54:59,Ademin.Co Official Store,365845690,Shopee Mall(Non-CB),19792319844,Ademin.Co LOLY Set Piyama Wanita Kancing Rayon Reactive Premium | Setelan Baju Tidur Adem Lucu,395822663900,Normal Product,,Pakaian Wanita,Pakaian Tidur & Piyama,Piyama,93900,1,Komisi XTRA,,82631,,1.50%,1239.465,5.00%,4131.55,5371.015,0,0,0,,0,0.00%,0,100.00%,0,Tertunda,Pesanan sedang diproses. Komisi akan dikonfirmasi setelah pesanan selesai.,Pesanan dari Toko yang tidak Dipromosikan,Ada,Rakaestethikkamar,iklan,nyamiresep,,,Others
260529NHFH0BAD,Tertunda,233740329273903,2026-05-29 14:52:16,,2026-05-23 14:54:59,Citinova Official Shop,567784291,Shopee Mall(Non-CB),12035860090,Citinova Gelas / Glass Cup Vivian 380 ml x 6 pcs,27859871089,Normal Product,,Perlengkapan Rumah,Peralatan Makan,"Cangkir, Mug, & Gelas",49700,1,Komisi XTRA,,43737,,1.50%,656.055,7.50%,3280.275,3936.33,656.055,3280.275,3936.33,,0,0.00%,0,100.00%,3936.33,Tertunda,Pesanan sedang diproses. Komisi akan dikonfirmasi setelah pesanan selesai.,Pesanan dari Toko yang tidak Dipromosikan,Ada,Rakaestethikkamar,iklan,nyamiresep,,,Others
260529NGMWCRR3,Tertunda,233739437294142,2026-05-29 14:37:38,,2026-05-29 14:37:12,Orisama,178179176,Preferred(Non-CB),29411563099,Keran Cabang Shower ABS / Kran Air Double Plastik Kamar Mandi Toilet WC 1/2 Inch,246614528502,Normal Product,,Perlengkapan Rumah,Alat Pertukangan & Renovasi Rumah,Bak Cuci Piring & Kran Air,29999,1,Komisi XTRA,,29999,,1.50%,449.985,9.00%,2699.91,3149.895,449.985,2699.91,3149.895,,0,0.00%,0,100.00%,3149.895,Tertunda,Pesanan sedang diproses. Komisi akan dikonfirmasi setelah pesanan selesai.,Pesanan Produk dari Toko yang Dipromosikan,Ada,rakdapur3,,,,,Others
260529NG8DQ749,Tertunda,233739017201893,2026-05-29 14:30:18,,2026-05-23 14:42:57,Saharu.id,152165087,Preferred(Non-CB),40554625754,Sarung Tangan Paskibra Putih Polos SD SMP SMA,275392425384,Normal Product,,Fashion Bayi & Anak,Aksesoris Bayi & Anak,Sarung Tangan,6251,1,Komisi XTRA,,6251,,1.50%,93.765,2.50%,156.275,250.04,93.765,156.275,250.04,,0,0.00%,0,100.00%,250.04,Tertunda,Pesanan sedang diproses. Komisi akan dikonfirmasi setelah pesanan selesai.,Pesanan dari Toko yang tidak Dipromosikan,Ada,rakdapur3,,,,,Instagram
260529NG8DQ748,Tertunda,233739017201893,2026-05-29 14:30:18,,2026-05-23 14:42:57,hz_allshop (HijabZidny),339201321,Preferred(Non-CB),21110106452,HIjabZidny- ciput ninja dalaman hijab anak ninja bahan Jersey premium,190574527421,Normal Product,,Fashion Muslim,Pakaian Muslim Anak,Pakaian Muslim Anak Perempuan,13720,1,Komisi XTRA,,13720,,1.50%,205.8,5.00%,686,891.8,411.6,1372,1783.6,,0,0.00%,0,100.00%,1783.6,Tertunda,Pesanan sedang diproses. Komisi akan dikonfirmasi setelah pesanan selesai.,Pesanan dari Toko yang tidak Dipromosikan,Ada,rakdapur3,,,,,Instagram
260529NG8DQ748,Tertunda,233739017201893,2026-05-29 14:30:18,,2026-05-23 14:42:57,hz_allshop (HijabZidny),339201321,Preferred(Non-CB),21110106452,HIjabZidny- ciput ninja dalaman hijab anak ninja bahan Jersey premium,190574527416,Normal Product,,Fashion Muslim,Pakaian Muslim Anak,Pakaian Muslim Anak Perempuan,13720,1,Komisi XTRA,,13720,,1.50%,205.8,5.00%,686,891.8,0,0,0,,0,0.00%,0,100.00%,0,Tertunda,Pesanan sedang diproses. Komisi akan dikonfirmasi setelah pesanan selesai.,Pesanan dari Toko yang tidak Dipromosikan,Ada,rakdapur3,,,,,Instagram
260529NBV7N9MQ,Tertunda,233734313223473,2026-05-29 13:11:53,,2026-05-29 01:22:07,Edden ,538215853,Preferred(Non-CB),26184373716,Edden Gelas Takar Kopi 100ml Double Mouth Measuring Cup,258255799005,Normal Product,,Perlengkapan Rumah,Perlengkapan Dapur,"Peralatan Teh, Kopi, & Bartending",14900,1,Komisi XTRA,,14900,,1.50%,223.5,0.50%,74.5,298,463.5,154.5,618,,0,0.00%,0,100.00%,618,Tertunda,Pesanan sedang diproses. Komisi akan dikonfirmasi setelah pesanan selesai.,Pesanan dari Toko yang tidak Dipromosikan,Ada,rakdapur3,,,,,Facebook
260529NBV7N9MQ,Tertunda,233734313223473,2026-05-29 13:11:53,,2026-05-29 01:22:07,Edden ,538215853,Preferred(Non-CB),27119435040,Edden Tas Bekal Makanan Karakter  Lunch Cooler Bag Tahan Panas Tas Tempat Makan Pendingin Portabel ,119337447443,Normal Product,,Ibu & Bayi,Perlengkapan Makan Bayi,Peralatan Makan,16000,1,Komisi XTRA,,16000,,1.50%,240,0.50%,80,320,0,0,0,,0,0.00%,0,100.00%,0,Tertunda,Pesanan sedang diproses. Komisi akan dikonfirmasi setelah pesanan selesai.,Pesanan dari Toko yang tidak Dipromosikan,Ada,rakdapur3,,,,,Facebook
260529NBSC3NBK,Tertunda,233734217221215,2026-05-29 13:10:18,,2026-05-27 19:59:03,CK_Shoop,869310424,Preferred(Non-CB),26888692553,Kaos Wanita Oval Lengan Panjang Size M L XL XXL XXXL Premium / T-SHIRT Wanita CK-Original,275721025768,Normal Product,,Pakaian Wanita,Atasan,Kaos,64349,1,Komisi XTRA,,57576,,1.50%,863.64,2.00%,1151.52,2015.16,6111.585,8148.78,14260.365,,0,0.00%,0,100.00%,14260.365,Tertunda,Pesanan sedang diproses. Komisi akan dikonfirmasi setelah pesanan selesai.,Pesanan dari Toko yang tidak Dipromosikan,Ada,rakdapur3,,,,,Facebook
260529NBSC3NBK,Tertunda,233734217221215,2026-05-29 13:10:18,,2026-05-27 19:59:03,CK_Shoop,869310424,Preferred(Non-CB),26888692553,Kaos Wanita Oval Lengan Panjang Size M L XL XXL XXXL Premium / T-SHIRT Wanita CK-Original,275721025769,Normal Product,,Pakaian Wanita,Atasan,Kaos,64349,1,Komisi XTRA,,57573,,1.50%,863.595,2.00%,1151.46,2015.055,0,0,0,,0,0.00%,0,100.00%,0,Tertunda,Pesanan sedang diproses. Komisi akan dikonfirmasi setelah pesanan selesai.,Pesanan dari Toko yang tidak Dipromosikan,Ada,rakdapur3,,,,,Facebook
260529NBSC3NBK,Tertunda,233734217221215,2026-05-29 13:10:18,,2026-05-27 19:59:03,CK_Shoop,869310424,Preferred(Non-CB),26888692553,Kaos Wanita Oval Lengan Panjang Size M L XL XXL XXXL Premium / T-SHIRT Wanita CK-Original,275721025771,Normal Product,,Pakaian Wanita,Atasan,Kaos,65339,3,Komisi XTRA,,175374,,1.50%,2630.61,2.00%,3507.48,6138.09,0,0,0,,0,0.00%,0,100.00%,0,Tertunda,Pesanan sedang diproses. Komisi akan dikonfirmasi setelah pesanan selesai.,Pesanan dari Toko yang tidak Dipromosikan,Ada,rakdapur3,,,,,Facebook
260529NBSC3NBK,Tertunda,233734217221215,2026-05-29 13:10:18,,2026-05-27 19:59:03,CK_Shoop,869310424,Preferred(Non-CB),26888692553,Kaos Wanita Oval Lengan Panjang Size M L XL XXL XXXL Premium / T-SHIRT Wanita CK-Original,275721025772,Normal Product,,Pakaian Wanita,Atasan,Kaos,65339,2,Komisi XTRA,,116916,,1.50%,1753.74,2.00%,2338.32,4092.06,0,0,0,,0,0.00%,0,100.00%,0,Tertunda,Pesanan sedang diproses. Komisi akan dikonfirmasi setelah pesanan selesai.,Pesanan dari Toko yang tidak Dipromosikan,Ada,rakdapur3,,,,,Facebook
260529NABBPD0P,Tertunda,233732674299653,2026-05-29 12:44:55,,2026-05-29 11:26:58,MIA LIFE,1697646326,Preferred(Non-CB),50157801964,MIA LIFE 2PCS Sport Bra Tanpa Kawat Sport Bh Gym Bra Sport Bra Olahraga Wanita Yoga dan Sehari hari 2021,320693134825,Normal Product,,Olahraga & Outdoor,Pakaian Olahraga & Aktivitas Outdoor,Sports Bra,36999,1,Komisi XTRA,,26499,,1.50%,397.485,3.50%,927.465,1324.95,397.485,927.465,1324.95,,0,0.00%,0,100.00%,1324.95,Tertunda,Pesanan sedang diproses. Komisi akan dikonfirmasi setelah pesanan selesai.,Pesanan dari Toko yang tidak Dipromosikan,Ada,rakdapur3,,,,,Websites
260529N8SDA1X4,Tertunda,233730997267490,2026-05-29 12:16:38,,2026-05-29 09:41:37,selerafood.official,354219241,C2C(Non-CB),7268971678,Selera1 Barbeque Spicy Sauce - Saus Pedas BBQ Selerafood 500 gr/pack,23164618042,Normal Product,,Makanan & Minuman,Kebutuhan Memasak,Bumbu Masak,18500,1,Komisi XTRA,,18500,,0.00%,0,2.50%,462.5,462.5,0,462.5,462.5,,0,0.00%,0,100.00%,462.5,Tertunda,Pesanan sedang diproses. Komisi akan dikonfirmasi setelah pesanan selesai.,Pesanan dari Toko yang tidak Dipromosikan,Ada,rakdapur3,,,,,Facebook
260529N822J1PA,Tertunda,233730214237349,2026-05-29 12:03:34,,2026-05-28 13:45:01,AZICSCRAF,475637387,Preferred(Non-CB),14897080834,Paris Voal Premium I Paris Premium Lc Segiempat Tegak Dan Tidak Licin,204146789926,Normal Product,,Fashion Muslim,Pakaian Muslim Wanita,Hijab,28999,3,Komisi XTRA,,77988,,1.50%,1169.82,3.00%,2339.64,3509.46,1169.82,2339.64,3509.46,,0,0.00%,0,100.00%,3509.46,Tertunda,Pesanan sedang diproses. Komisi akan dikonfirmasi setelah pesanan selesai.,Pesanan dari Toko yang tidak Dipromosikan,Ada,rakdapur3,,,,,Facebook
260529N7VUN26J,Tertunda,233730039220108,2026-05-29 12:00:39,,2026-05-28 09:57:53,[  Toserba SIERRA  ],4363412,Preferred(Non-CB),1974207151,Panci Presto VICENZA 3 Liter V303 Pressure Cooker (18cm),112512255010,Normal Product,,Elektronik,Perangkat Dapur,Panci Presto,255231,1,Komisi Shopee,,250126,,0.50%,1250.63,0.00%,0,1250.63,1250.63,0,1250.63,,0,0.00%,0,100.00%,1250.63,Tertunda,Pesanan sedang diproses. Komisi akan dikonfirmasi setelah pesanan selesai.,Pesanan dari Toko yang tidak Dipromosikan,Ada,rakdapur3,,,,,Others
260529N7AM18CP,Tertunda,233729427252173,2026-05-29 11:50:28,,2026-05-28 13:03:08,Hersa_Store28,100788793,Preferred(Non-CB),28278077229,PAKET TERMURAH !!  ( 3 PASANG DAN 6 PASANG ) KAOS KAKI JEMPOL WANITA MUSLIMAH CREAM TELAPAK HITAM,252771913460,Normal Product,,Fashion Muslim,Pakaian Muslim Wanita,Aksesoris,14409,1,Komisi XTRA,,14409,,1.50%,216.135,5.00%,720.45,936.585,216.135,720.45,936.585,,0,0.00%,0,100.00%,936.585,Tertunda,Pesanan sedang diproses. Komisi akan dikonfirmasi setelah pesanan selesai.,Pesanan dari Toko yang tidak Dipromosikan,Ada,rakdapur3,,,,,Facebook
260529N6AA6UVE,Selesai,233728343214544,2026-05-29 11:32:23,2026-05-30 08:40:46,2026-05-29 09:03:40,Khalisa Frozen Surya Akbar A16,126758338,Preferred(Non-CB),49152127520,Kulit Lumpia isi 40 lembar,297201769677,Normal Product,,Makanan & Minuman,Roti & Kue,Roti & Kue Lainnya,11999,1,Komisi Shopee,,11999,,1.50%,179.985,0.00%,0,179.985,179.985,0,179.985,,0,0.00%,0,100.00%,179.985,Selesai,,Pesanan dari Toko yang tidak Dipromosikan,Ada,rakdapur3,,,,,Facebook
260529N6AA6UVD,Selesai,233728343214544,2026-05-29 11:32:23,2026-05-30 08:40:46,2026-05-29 09:03:40,Entik Frozen Mart,69744916,Preferred(Non-CB),21913467199,Mipao Coklat & Strawberry / Minipao Mini Bakpao Cokelat 510gram (30 pcs),128708478903,Normal Product,,Makanan & Minuman,Makanan Segar & Beku,Makanan Beku Olahan,19500,2,Komisi Shopee,,39000,,1.50%,585,0.00%,0,585,585,0,585,,0,0.00%,0,100.00%,585,Selesai,,Pesanan dari Toko yang tidak Dipromosikan,Ada,rakdapur3,,,,,Facebook
260529N61E39N0,Tertunda,233728046295819,2026-05-29 11:27:48,,2026-05-28 11:49:59,sunartobejo,144961698,C2C(Non-CB),7468288121,Tali Burung Dekukur Dekuku puter disangkar layang dan pikat,62338621130,Normal Product,,Hewan Peliharaan,Aksesoris Hewan Peliharaan,"Kalung, Tali, Harness & Brangus",9900,1,Komisi Shopee,,9900,,0.00%,0,0.00%,0,0,0,0,0,,0,0.00%,0,100.00%,0,Tertunda,Pesanan sedang diproses. Komisi akan dikonfirmasi setelah pesanan selesai.,Pesanan dari Toko yang tidak Dipromosikan,Ada,rakdapur3,,,,,Others
260529N5THQEDY,Selesai,233727814222595,2026-05-29 11:23:35,2026-05-31 17:00:43,2026-05-26 12:59:01,GB Electric,1733245336,Preferred(Non-CB),50605918861,PHILIPS LED Bulb 12W 12 Watt MULTIPACK MyCare Bohlam Beli 3 Gratis 1 ORIGINAL SNI,420536069533,Normal Product,,Perlengkapan Rumah,Lampu,,209000,1,Komisi Shopee,,188100,,1.50%,2821.5,0.00%,0,2821.5,2821.5,0,2821.5,,0,0.00%,0,100.00%,2821.5,Selesai,,Pesanan dari Toko yang tidak Dipromosikan,Ada,rakdapur3,,,,,Instagram
260529N5H2H20D,Tertunda,233727497294711,2026-05-29 11:18:38,,2026-05-24 14:50:29,DGC .Official Store,1291029960,Shopee Mall(Non-CB),26267904167,DGC Speaker Bluetooth Plus Mic Actual Bluetooth Mini Speaker Karaoke Speaker Portable with 2 MIC Bluetooth Karaoke,233474397103,Normal Product,,Audio,Perangkat Audio & Speaker,Speaker,71300,1,Komisi XTRA,,67735,,0.50%,338.675,3.50%,2370.725,2709.4,338.675,2370.725,2709.4,,0,0.00%,0,100.00%,2709.4,Tertunda,Pesanan sedang diproses. Komisi akan dikonfirmasi setelah pesanan selesai.,Pesanan dari Toko yang tidak Dipromosikan,Ada,rakdapur3,,,,,Others
260529N5EFHBAG,Selesai,233727409276433,2026-05-29 11:16:56,2026-05-30 08:40:46,2026-05-28 14:19:54,BUAH SEGAR JOGJA,469716476,Preferred(Non-CB),56252526297,Jeruk Jember A - Manis Segar & Kaya Vitamin C,440244450318,Normal Product,,Makanan & Minuman,Makanan Segar & Beku,Buah-buahan,14000,1,Komisi Shopee,,7000,,1.50%,105,0.00%,0,105,300,195,495,,0,0.00%,0,100.00%,495,Selesai,,Pesanan dari Toko yang tidak Dipromosikan,Ada,rakdapur3,,,,,Instagram
260529N5EFHBAG,Selesai,233727409276433,2026-05-29 11:16:56,2026-05-30 08:40:46,2026-05-28 14:19:54,BUAH SEGAR JOGJA,469716476,Preferred(Non-CB),12268222652,Pear Yalie 1 Kg - Manis Renyah & Aroma Khas Premium,430101273687,Normal Product,,Makanan & Minuman,Makanan Segar & Beku,Buah-buahan,26000,1,Komisi XTRA,,13000,,1.50%,195,1.50%,195,390,0,0,0,,0,0.00%,0,100.00%,0,Selesai,,Pesanan dari Toko yang tidak Dipromosikan,Ada,rakdapur3,,,,,Instagram
260529N4D0G3YK,Selesai,233726286206029,2026-05-29 10:58:07,2026-05-31 21:53:47,2026-05-28 12:04:20,NSM PART,86920277,Preferred(Non-CB),28062585560,PAKET 2ITEM SWITCH REM DEPAN VARIO 110 + SWITCH REM BELAKANG BEAT / SCOOPY / SPACY / BEAT FI / POP / ESP VARIO 125 150,233268696989,Normal Product,,Sepeda Motor,Suku Cadang Motor,Sistem Pengereman,14500,1,Komisi XTRA,,14500,,1.50%,217.5,1.50%,217.5,435,217.5,217.5,435,,0,0.00%,0,100.00%,435,Selesai,,Pesanan dari Toko yang tidak Dipromosikan,Ada,rakdapur3,,,,,Others
260529N41SXFN9,Selesai,233725910247846,2026-05-29 10:51:54,2026-05-31 18:14:57,2026-05-28 15:34:47,Rio Farm Bandung,28409620,Preferred(Non-CB),24233302312,ZUUMO Cooked Dog Food (Chicken),232984852917,Normal Product,,Hewan Peliharaan,Makanan Hewan,Makanan Anjing,82500,1,Komisi Shopee,,78375,,1.50%,1175.625,0.00%,0,1175.625,2899.875,0,2899.875,,0,0.00%,0,100.00%,2899.875,Selesai,,Pesanan dari Toko yang tidak Dipromosikan,Ada,katalog,rak,,,,Others
260529N41SXFN9,Selesai,233725910247846,2026-05-29 10:51:54,2026-05-31 18:14:57,2026-05-28 15:34:47,Rio Farm Bandung,28409620,Preferred(Non-CB),28105148301,ZUUMO Cooked Dog Food (Beef),236537925050,Normal Product,,Hewan Peliharaan,Makanan Hewan,Makanan Anjing,121000,1,Komisi Shopee,,114950,,1.50%,1724.25,0.00%,0,1724.25,0,0,0,,0,0.00%,0,100.00%,0,Selesai,,Pesanan dari Toko yang tidak Dipromosikan,Ada,katalog,rak,,,,Others
260529N2VFWH8T,Tertunda,233724658216471,2026-05-29 10:30:58,,2026-05-27 17:51:34,FurniMurah,52039662,Preferred(Non-CB),19467050108,AKAKO - BEST SELLER Lemari Pakaian Plastik ULTIMATE 4 Pintu Rotan (Kode LP4PUP-R),355445396179,Normal Product,,Perlengkapan Rumah,Furniture,Lemari Pakaian,805511,1,Komisi XTRA,,604401,,1.50%,9066.015,1.50%,9066.015,18132.03,9066.015,9066.015,18132.03,,0,0.00%,0,100.00%,18132.03,Tertunda,Pesanan sedang diproses. Komisi akan dikonfirmasi setelah pesanan selesai.,Pesanan dari Toko yang tidak Dipromosikan,Ada,rakdapur3,,,,,Instagram
260529N19NYNED,Selesai,233722954293852,2026-05-29 10:02:55,2026-05-31 05:15:41,2026-05-26 18:13:22,Nata Fleuriste,1003389017,Preferred(Non-CB),43200854639,Bunga Artificial - MAWAR / ROSE SINGLE AFFORDABLE VALENTINE - 1 TANGKAI,188518234363,Normal Product,,Perlengkapan Rumah,Dekorasi,Bunga,4990,17,Komisi XTRA,,80588,,1.50%,1208.82,1.00%,805.88,2014.7,1208.82,805.88,2014.7,,0,0.00%,0,100.00%,2014.7,Selesai,,Pesanan dari Toko yang tidak Dipromosikan,Ada,rakdapur3,,,,,Instagram
260529MY630QN6,Tertunda,233720685261369,2026-05-29 09:24:45,,2026-05-29 09:04:04,BRONSON E,953759799,Preferred(Non-CB),25006694538,"PAKET OMICKO KOMPOR PORTABLE / PAKET GAS,BBQ,GRILL PORTABLE HI-COOK 230 GRAM (1 TUNGKU)",232429332148,Normal Product,,Elektronik,Perangkat Dapur,Kompor & Regulator Gas,160000,1,Komisi XTRA,,153600,,0.50%,768,0.50%,768,1536,768,768,1536,,0,0.00%,0,100.00%,1536,Tertunda,Pesanan sedang diproses. Komisi akan dikonfirmasi setelah pesanan selesai.,Pesanan dari Toko yang tidak Dipromosikan,Ada,rakdapur3,,,,,Facebook
260529MXT1PKR0,Selesai,233720281229606,2026-05-29 09:18:01,2026-05-30 08:40:46,2026-05-28 09:40:13,Space Mobile Official Store,1053062682,Shopee Mall(Non-CB),42062299139,Infinix Hot 60 Pro+ Plus [8GB+256GB] - Garansi Resmi 1 Tahun,306029357553,Normal Product,,Handphone & Aksesoris,Handphone,,3499000,1,Komisi Shopee,,3289060,,0.50%,10000,0.00%,0,10000,10000,0,10000,,0,0.00%,0,100.00%,10000,Selesai,,Pesanan dari Toko yang tidak Dipromosikan,Ada,rakdapur3,,,,,Facebook
260529MWHW3570,Tertunda,233718934218059,2026-05-29 08:55:34,,2026-05-28 14:35:41,istana payet 77,628482026,Preferred(Non-CB),51453812434,Payet press mote gosok motif PITA isi 50 blinkblink hotfix tempel,355362217846,Normal Product,,Aksesoris Fashion,Aksesoris Tambahan,Aksesoris Tambahan Lainnya,10000,5,Komisi XTRA,,50000,,1.50%,750,5.00%,2500,3250,750,2500,3250,,0,0.00%,0,100.00%,3250,Tertunda,Pesanan sedang diproses. Komisi akan dikonfirmasi setelah pesanan selesai.,Pesanan dari Toko yang tidak Dipromosikan,Ada,rakdapur3,,,,,Facebook
260529MVSMV8QX,Tertunda,233718121298574,2026-05-29 08:42:22,,2026-05-27 15:06:50,Casual.co official,148476189,Preferred(Non-CB),43871418113,Skena Celana Kulot Jeans Anak Unisex 8-14 Tahun,281748112925,Normal Product,,Fashion Bayi & Anak,Pakaian Anak Perempuan,Bawahan,80932,1,Komisi XTRA,,76885,,1.50%,1153.275,0.50%,384.425,1537.7,1153.275,384.425,1537.7,,0,0.00%,0,100.00%,1537.7,Tertunda,Pesanan sedang diproses. Komisi akan dikonfirmasi setelah pesanan selesai.,Pesanan dari Toko yang tidak Dipromosikan,Ada,rakdapur3,,,,,Facebook
260529MVDV49W5,Tertunda,233717725242784,2026-05-29 08:35:29,,2026-05-27 19:16:06,GOGOBON,1030133191,Preferred(Non-CB),29531541507,GoGoBon Abon Halus Anak Premium Ayam Brokoli 50g – [REKOMENDASI MAMI LOUISSE] | MPASI 6m+ | Ayam Kampung Asli + Sayur Freeze Dri,234070076535,Normal Product,,Makanan & Minuman,Makanan Ringan,Makanan Ringan Kering,31025,1,Komisi XTRA,,21025,,1.50%,315.375,5.00%,1051.25,1366.625,315.375,1051.25,1366.625,,0,0.00%,0,100.00%,1366.625,Tertunda,Pesanan sedang diproses. Komisi akan dikonfirmasi setelah pesanan selesai.,Pesanan dari Toko yang tidak Dipromosikan,Ada,setanakfernando,,,,,Others
260529MVDV49W4,Tertunda,233717725242784,2026-05-29 08:35:29,,2026-05-27 19:16:06,herbal alami08,1021985133,Preferred(Non-CB),27240311870,RUMPUT LAUT TABUR NORIGO 1 RENCENG (12PCS),266193849164,Normal Product,,Makanan & Minuman,Makanan Ringan,Rumput Laut,11500,1,Komisi XTRA,,10767,,1.50%,161.505,1.00%,107.67,269.175,484.5,323,807.5,,0,0.00%,0,100.00%,807.5,Tertunda,Pesanan sedang diproses. Komisi akan dikonfirmasi setelah pesanan selesai.,Pesanan dari Toko yang tidak Dipromosikan,Ada,setanakfernando,,,,,Others
260529MVDV49W4,Tertunda,233717725242784,2026-05-29 08:35:29,,2026-05-27 19:16:06,herbal alami08,1021985133,Preferred(Non-CB),27240311870,RUMPUT LAUT TABUR NORIGO 1 RENCENG (12PCS),266193849165,Normal Product,,Makanan & Minuman,Makanan Ringan,Rumput Laut,11500,1,Komisi XTRA,,10767,,1.50%,161.505,1.00%,107.67,269.175,0,0,0,,0,0.00%,0,100.00%,0,Tertunda,Pesanan sedang diproses. Komisi akan dikonfirmasi setelah pesanan selesai.,Pesanan dari Toko yang tidak Dipromosikan,Ada,setanakfernando,,,,,Others
260529MVDV49W4,Tertunda,233717725242784,2026-05-29 08:35:29,,2026-05-27 19:16:06,herbal alami08,1021985133,Preferred(Non-CB),27240311870,RUMPUT LAUT TABUR NORIGO 1 RENCENG (12PCS),266193849166,Normal Product,,Makanan & Minuman,Makanan Ringan,Rumput Laut,11500,1,Komisi XTRA,,10766,,1.50%,161.49,1.00%,107.66,269.15,0,0,0,,0,0.00%,0,100.00%,0,Tertunda,Pesanan sedang diproses. Komisi akan dikonfirmasi setelah pesanan selesai.,Pesanan dari Toko yang tidak Dipromosikan,Ada,setanakfernando,,,,,Others
260529MUEW82E3,Tertunda,233716686233683,2026-05-29 08:18:06,,2026-05-29 08:15:26,GROSIR 24MALL,221321321,Preferred(Non-CB),29304254609,Setelan Sweater Anak Celana Joger Anak Laki Laki Motif Lion 1-5Tahun,222956859551,Normal Product,,Fashion Bayi & Anak,Pakaian Anak Laki-Laki,Jas & Setelan,35000,1,Komisi XTRA,,33250,,1.50%,498.75,9.00%,2992.5,3491.25,498.75,2992.5,3491.25,,0,0.00%,0,100.00%,3491.25,Tertunda,Pesanan sedang diproses. Komisi akan dikonfirmasi setelah pesanan selesai.,Pesanan Produk dari Toko yang Dipromosikan,Ada,setanakfernando,,,,,Others
260529MTGVV5D0,Selesai,233715679201814,2026-05-29 08:01:19,2026-05-31 11:42:47,2026-05-28 14:43:09,KSM.Snack,670747249,C2C(Non-CB),20685469709,BAL - KUPINGAN WARNA MINI / KUPING GAJAH MINI WARNA GROSIR KSM 5000gr (5kg),127738981191,Normal Product,,Makanan & Minuman,Makanan Ringan,Makanan Ringan Lainnya,154700,1,Komisi XTRA,,128041,,0.00%,0,1.50%,1920.615,1920.615,0,1920.615,1920.615,,0,0.00%,0,100.00%,1920.615,Selesai,,Pesanan dari Toko yang tidak Dipromosikan,Ada,rakdapur3,,,,,Others
260529MTG44K6B,Tertunda,233715653274337,2026-05-29 08:01:01,,2026-05-28 14:27:05,ITAKI NUSANTARA AGRO,1495668810,Preferred(Non-CB),29679698131,Ajir Tanaman Modern Takiron 11x1200 mm,185884473602,Normal Product,,Perlengkapan Rumah,Taman,Peralatan Berkebun,9400,5,Komisi XTRA,,42300,,1.50%,634.5,2.50%,1057.5,1692,1950.75,3251.25,5202,,0,0.00%,0,100.00%,5202,Tertunda,Pesanan sedang diproses. Komisi akan dikonfirmasi setelah pesanan selesai.,Pesanan dari Toko yang tidak Dipromosikan,Ada,rakdapur3,,,,,Instagram
260529MTG44K6B,Tertunda,233715653274337,2026-05-29 08:01:01,,2026-05-28 14:27:05,ITAKI NUSANTARA AGRO,1495668810,Preferred(Non-CB),40001303358,Ajir Lengkung Modern 11x1200 mm lebar 200 mm,270102986309,Normal Product,,Perlengkapan Rumah,Taman,Peralatan Berkebun,32500,3,Komisi XTRA,,87750,,1.50%,1316.25,2.50%,2193.75,3510,0,0,0,,0,0.00%,0,100.00%,0,Tertunda,Pesanan sedang diproses. Komisi akan dikonfirmasi setelah pesanan selesai.,Pesanan dari Toko yang tidak Dipromosikan,Ada,rakdapur3,,,,,Instagram
260529MRXK3NKN,Tertunda,233713991242796,2026-05-29 07:33:15,,2026-05-24 16:32:39,TENDBLANK Indonesia,1151736143,Preferred(Non-CB),52358338128,Kemeja Wanita | Kemeja Kotak Lengan 3/4 Motif Garis | Original By Tendblank.Indonesia | Gaya Kasual Elegan | Bahan Nyaman Adem |,355740860638,Normal Product,,Pakaian Wanita,Atasan,Kemeja & Blouse,79200,1,Komisi XTRA,,59360,,1.50%,890.4,0.50%,296.8,1187.2,890.4,296.8,1187.2,,0,0.00%,0,100.00%,1187.2,Tertunda,Pesanan sedang diproses. Komisi akan dikonfirmasi setelah pesanan selesai.,Pesanan dari Toko yang tidak Dipromosikan,Ada,rakdapur3,,,,,Others
260529MRXK3NKM,Tertunda,233713991242796,2026-05-29 07:33:15,,2026-05-24 16:32:39,JY Groceries,785669624,Preferred(Non-CB),27561399817,Selai Jam Blueberry Halal 150ml /250ml JY Groceries,251601872328,Normal Product,,Makanan & Minuman,Menu Sarapan,Selai & Olesan,27000,1,Komisi XTRA,,27000,,1.50%,405,4.00%,1080,1485,405,1080,1485,,0,0.00%,0,100.00%,1485,Tertunda,Pesanan sedang diproses. Komisi akan dikonfirmasi setelah pesanan selesai.,Pesanan dari Toko yang tidak Dipromosikan,Ada,rakdapur3,,,,,Others
260529MRWC1BWS,Tertunda,233713950274774,2026-05-29 07:32:38,,2026-05-28 11:22:57, Bunnyhope Official Store,1211783339,Shopee Mall(Non-CB),41520705660,Sarung Pelindung AC Outdoor Waterproof Anti Panas Hujan Debu Cover Air Conditioner Universal Premium,306690406620,Normal Product,,Elektronik,Peralatan Listrik Besar,Pendingin Ruangan,42500,3,Komisi XTRA,,114750,,0.50%,573.75,5.00%,5737.5,6311.25,573.75,5737.5,6311.25,,0,0.00%,0,100.00%,6311.25,Tertunda,Pesanan sedang diproses. Komisi akan dikonfirmasi setelah pesanan selesai.,Pesanan dari Toko yang tidak Dipromosikan,Ada,rakdapur3,,,,,Instagram
260529MPT3HUHD,Tertunda,233711693230748,2026-05-29 06:54:53,,2026-05-28 16:02:46,EELHOE Ayu Shop,1482394606,Preferred(Non-CB),50854959255,Dewy Eye Patches 3pasang Eye Patch Herbal Untuk Membantu Meredakan Lelah Mata Dan Menyegarkan Penglihatan Lutein Molekul Kecilme,375457605229,Normal Product,,Perawatan & Kecantikan,Perawatan Wajah,Treatment Mata,33525,1,Komisi XTRA,,32854,,1.50%,492.81,4.50%,1478.43,1971.24,492.81,1478.43,1971.24,,0,0.00%,0,100.00%,1971.24,Tertunda,Pesanan sedang diproses. Komisi akan dikonfirmasi setelah pesanan selesai.,Pesanan dari Toko yang tidak Dipromosikan,Ada,rakslidingkomen,,,,,Facebook
260529MNK27NF7,Tertunda,233710383220388,2026-05-29 06:33:03,,2026-05-29 06:32:02,FOODIESHOP Official Store,23312781,Shopee Mall(Non-CB),29480026125,"LIVELY Popok Perekat Dewasa Siang Malam M8/L7/XL6 - Adult Diapers Tape AM PM - Breathable, Daya Serap Tinggi, Anti Iritasi & Ant",49535584244,Normal Product,,Kesehatan,Perawatan Diri,Popok Dewasa,35500,2,Komisi XTRA,,61000,,1.50%,915,0.50%,305,1220,915,305,1220,,0,0.00%,0,100.00%,1220,Tertunda,Pesanan sedang diproses. Komisi akan dikonfirmasi setelah pesanan selesai.,Pesanan dari Toko yang tidak Dipromosikan,Ada,rakdapur3,,,,,Instagram
260529MMHN5KNR,Selesai,233709262239750,2026-05-29 06:14:22,2026-05-31 13:58:38,2026-05-28 10:07:53,Lilla Official,984539998,Shopee Mall(Non-CB),25520978505,"MOELL Nourish Hair Everyday Hair Lotion, Size - 100 ml",245541341371,Normal Product,,Ibu & Bayi,Perlengkapan Mandi,Perawatan Rambut & Sabun Mandi,57000,1,Komisi XTRA,,47000,,1.50%,705,1.00%,470,1175,705,470,1175,,0,0.00%,0,100.00%,1175,Selesai,,Pesanan dari Toko yang tidak Dipromosikan,Ada,rakdapur3,,,,,Instagram
260529MM4EQH7B,Tertunda,233708819274755,2026-05-29 06:07:06,,2026-05-28 09:58:54,Robot ChargeLab Store,1442500955,Shopee Mall(Non-CB),52354329934,ROBOT Mouse USB 2.4G Wireless & Bluetooth 5.0 Dual Mode Connection Wireless Silent Click  M360 Black 18000 DPI Original - Garans,380407388052,Normal Product,,Komputer & Aksesoris,Keyboard & Mouse,Mouse,136999,1,Komisi XTRA,,133866,,0.50%,669.33,2.50%,3346.65,4015.98,669.33,3346.65,4015.98,,0,0.00%,0,100.00%,4015.98,Tertunda,Pesanan sedang diproses. Komisi akan dikonfirmasi setelah pesanan selesai.,Pesanan dari Toko yang tidak Dipromosikan,Ada,rakdapur3,,,,,Websites
260529MKJWY5FK,Tertunda,233708231279788,2026-05-29 05:57:19,,2026-05-28 10:47:44,hirecosmetic,590423042,Preferred(Non-CB),23249400345,Parfum Misk Thaharah 3ml | Musk Taharah | Parfum Miss V,184460380179,Normal Product,454473969582265_0_0,Perawatan & Kecantikan,Parfum & Wewangian,,0,1,Tawaran dari Penjual,,0,,1.50%,0,6.00%,0,0,1642.2,5474,7116.2,,0,0.00%,0,100.00%,7116.2,Tertunda,Pesanan sedang diproses. Komisi akan dikonfirmasi setelah pesanan selesai.,Pesanan dari Toko yang tidak Dipromosikan,Ada,rakdapur3,,,,,Facebook
260529MKJWY5FK,Tertunda,233708231279788,2026-05-29 05:57:19,,2026-05-28 10:47:44,hirecosmetic,590423042,Preferred(Non-CB),43076071883,Parfum Bibit Murni 100ml Kualitas Super Premium Platinum,254074536968,Normal Product,454473969582265_0_0,Perawatan & Kecantikan,Parfum & Wewangian,,59500,1,Komisi XTRA,,54740,,1.50%,821.1,5.00%,2737,3558.1,0,0,0,,0,0.00%,0,100.00%,0,Tertunda,Pesanan sedang diproses. Komisi akan dikonfirmasi setelah pesanan selesai.,Pesanan dari Toko yang tidak Dipromosikan,Ada,rakdapur3,,,,,Facebook
260529MKJWY5FK,Tertunda,233708231279788,2026-05-29 05:57:19,,2026-05-28 10:47:44,hirecosmetic,590423042,Preferred(Non-CB),43076071883,Parfum Bibit Murni 100ml Kualitas Super Premium Platinum,254074536982,Normal Product,454473969582265_0_0,Perawatan & Kecantikan,Parfum & Wewangian,,59500,1,Komisi XTRA,,54740,,1.50%,821.1,5.00%,2737,3558.1,0,0,0,,0,0.00%,0,100.00%,0,Tertunda,Pesanan sedang diproses. Komisi akan dikonfirmasi setelah pesanan selesai.,Pesanan dari Toko yang tidak Dipromosikan,Ada,rakdapur3,,,,,Facebook
260529MKJWY5FJ,Tertunda,233708231279788,2026-05-29 05:57:19,,2026-05-28 10:47:44,Unilever Beauty Shop,932470899,Shopee Mall(Non-CB),16492974875,Ponds Bright Miracle Day Serum 30G Triple Pack,203918350039,Normal Product,,Perawatan & Kecantikan,Perawatan Wajah,Serum & Essence Wajah,243700,1,Komisi Shopee,,215004,,1.50%,3225.06,0.00%,0,3225.06,3225.06,0,3225.06,,0,0.00%,0,100.00%,3225.06,Tertunda,Pesanan sedang diproses. Komisi akan dikonfirmasi setelah pesanan selesai.,Pesanan dari Toko yang tidak Dipromosikan,Ada,rakdapur3,,,,,Facebook
260529MJKPF32M,Tertunda,233707183211621,2026-05-29 05:39:43,,2026-05-27 16:32:17,zain garage19,1086080323,Preferred(Non-CB),29134186554,SET BAUT titanium disk+baut kaliper +breket selang rem honda vario 125/150 beat scopy (isi7baut),243238715527,Normal Product,,Sepeda Motor,Suku Cadang Motor,Sistem Pengereman,104000,1,Komisi XTRA,,54000,,0.00%,50000,2.00%,1080,51080,50000,1080,51080,,0,0.00%,0,100.00%,51080,Tertunda,Pesanan sedang diproses. Komisi akan dikonfirmasi setelah pesanan selesai.,Pesanan dari Toko yang tidak Dipromosikan,Baru,rakdapur3,,,,,Facebook
260529MHRB2CAY,Tertunda,233706266292345,2026-05-29 05:24:46,,2026-05-28 12:01:48,Maybelline Indonesia Official Store,62582411,Shopee Mall(Non-CB),1835009883,[SHOPEE BEAUTY AWARDS - BEST LIP MAKEUP] MAYBELLINE OFFICIAL Superstay Matte Ink Liquid Long Lasting Waterproof Matte Lipstick L,5159338473,Normal Product,,Perawatan & Kecantikan,Kosmetik,Kosmetik Bibir,71900,1,Komisi XTRA,,63416,,1.50%,951.24,2.50%,1585.4,2536.64,2227.92,3713.2,5941.12,,0,0.00%,0,100.00%,5941.12,Tertunda,Pesanan sedang diproses. Komisi akan dikonfirmasi setelah pesanan selesai.,Pesanan dari Toko yang tidak Dipromosikan,Ada,rakdapur3,,,,,Facebook
260529MHRB2CAY,Tertunda,233706266292345,2026-05-29 05:24:46,,2026-05-28 12:01:48,Maybelline Indonesia Official Store,62582411,Shopee Mall(Non-CB),1835009883,[SHOPEE BEAUTY AWARDS - BEST LIP MAKEUP] MAYBELLINE OFFICIAL Superstay Matte Ink Liquid Long Lasting Waterproof Matte Lipstick L,34223290065,Normal Product,,Perawatan & Kecantikan,Kosmetik,Kosmetik Bibir,96500,1,Komisi XTRA,,85112,,1.50%,1276.68,2.50%,2127.8,3404.48,0,0,0,,0,0.00%,0,100.00%,0,Tertunda,Pesanan sedang diproses. Komisi akan dikonfirmasi setelah pesanan selesai.,Pesanan dari Toko yang tidak Dipromosikan,Ada,rakdapur3,,,,,Facebook
260529MF1MR2XE,Selesai,233703356219696,2026-05-29 04:35:56,2026-05-31 11:54:27,2026-05-26 13:34:10,Toko Kain Afkar Textile,129771525,Preferred(Non-CB),20291645851,Kain Seragam Muslimat NU Nasional & Fatayat NU Original Semi Sutra - Lebar 1.15 Meter,187006689715,Normal Product,,Pakaian Wanita,Kain,Batik,14250,3,Komisi XTRA,,42750,,1.50%,641.25,0.50%,213.75,855,641.25,213.75,855,,0,0.00%,0,100.00%,855,Selesai,,Pesanan dari Toko yang tidak Dipromosikan,Ada,WallpaperDindingVinyl,,,,,Others
260529M9P4BQVX,Tertunda,233697601225351,2026-05-29 03:00:01,,2026-05-28 14:26:20,PUTRA AMANAH TEKNIK,357013998,Preferred(Non-CB),22984478146,Kipas Blower Plat N50 / N70/ N120 Poliser Ichi Daichi Dan Ichi Series,127753628736,Normal Product,,Mobil,Perkakas & Perlengkapan Kendaraan,Perkakas & Perlengkapan Kendaraan Lainnya,189999,1,Komisi Shopee,,167200,,1.50%,2508,0.00%,0,2508,5679.285,0,5679.285,,0,0.00%,0,100.00%,5679.285,Tertunda,Pesanan sedang diproses. Komisi akan dikonfirmasi setelah pesanan selesai.,Pesanan dari Toko yang tidak Dipromosikan,Ada,rakdapur3,,,,,Threads
260529M9P4BQVX,Tertunda,233697601225351,2026-05-29 03:00:01,,2026-05-28 14:26:20,PUTRA AMANAH TEKNIK,357013998,Preferred(Non-CB),50358757605,Pully Poli Polley Utama LM 24 Original tebal Uk L27mm D158mm  / Puli Molen Yanmar LM24,375778263108,Normal Product,,Mobil,Suku Cadang Mobil,"Fan Belt, Selang, & Pulley Mobil",240250,1,Komisi Shopee,,211419,,1.50%,3171.285,0.00%,0,3171.285,0,0,0,,0,0.00%,0,100.00%,0,Tertunda,Pesanan sedang diproses. Komisi akan dikonfirmasi setelah pesanan selesai.,Pesanan dari Toko yang tidak Dipromosikan,Ada,rakdapur3,,,,,Threads
260529M7JEJ0VH,Dibatalkan,233695330218750,2026-05-29 02:22:10,--,2026-05-28 12:13:12,furni_online Official Store,95719812,Shopee Mall(Non-CB),16521711058,"AKAKO - Lemari Laci Plastik Motif Rotan Susun 3, 4, dan 5 ANTI RAYAP KUAT TAHAN LAMA",163598791917,Normal Product,,Perlengkapan Rumah,Furniture,Lemari & Kabinet,392030,0,Komisi XTRA,,0,290845,1.50%,0,1.50%,0,0,0,0,0,,0,0.00%,0,100.00%,0,Dibatalkan,Pembeli membatalkan pesanan.,Pesanan dari Toko yang tidak Dipromosikan,Ada,rakdapur3,,,,,Instagram
260529M4450WRF,Tertunda,233691629225342,2026-05-29 01:20:29,,2026-05-28 14:39:36,PT Sparepart,1104208493,Preferred(Non-CB),28290523039,YCS Soldering Paste Custom 138C 150C 183C 199C 215C - Solder Pasta 50g Low Medium High Temperatur,301264493119,Normal Product,,Perlengkapan Rumah,Alat Pertukangan & Renovasi Rumah,Perkakas,75000,1,Komisi Shopee,,75000,,1.50%,1125,0.00%,0,1125,1125,0,1125,,0,0.00%,0,100.00%,1125,Tertunda,Pesanan sedang diproses. Komisi akan dikonfirmasi setelah pesanan selesai.,Pesanan dari Toko yang tidak Dipromosikan,Ada,rakdapur3,,,,,Facebook
260529KY2GB3D2,Tertunda,233686205274910,2026-05-28 23:50:13,,2026-05-26 09:49:25,spartanhardware,637843797,Preferred(Non-CB),27188377847,Plastik Penutup Makanan ada Karet isi 100 pcs Simpan Kulkas Cocok Semua Bentuk Piring Mangkuk 2954,300630931903,Normal Product,,Perlengkapan Rumah,Peralatan Makan,Tudung Saji & Penutup Makanan,9200,1,Komisi XTRA,,9200,,1.50%,138,4.00%,368,506,138,368,506,,0,0.00%,0,100.00%,506,Tertunda,Pesanan sedang diproses. Komisi akan dikonfirmasi setelah pesanan selesai.,Pesanan dari Toko yang tidak Dipromosikan,Ada,rakdapur3,,,,,Others
260529KVY8SKGX,Tertunda,233683949218237,2026-05-28 23:12:29,,2026-05-28 13:39:11,gng_store,4462773,Preferred(Non-CB),23400021950,Batik Anak WIB/ Hem Batik Anak /Seragam Batik/ Dress Batik Anak,88350579344,Normal Product,,Fashion Bayi & Anak,Pakaian Anak Laki-Laki,Atasan,164900,1,Komisi XTRA,,138516,,1.50%,2077.74,1.50%,2077.74,4155.48,4786.74,4786.74,9573.48,,0,0.00%,0,100.00%,9573.48,Tertunda,Pesanan sedang diproses. Komisi akan dikonfirmasi setelah pesanan selesai.,Pesanan dari Toko yang tidak Dipromosikan,Ada,rakdapur3,,,,,Instagram
260529KVY8SKGX,Tertunda,233683949218237,2026-05-28 23:12:29,,2026-05-28 13:39:11,gng_store,4462773,Preferred(Non-CB),23400021950,Batik Anak WIB/ Hem Batik Anak /Seragam Batik/ Dress Batik Anak,117678717590,Normal Product,,Fashion Bayi & Anak,Pakaian Anak Laki-Laki,Atasan,215000,1,Komisi XTRA,,180600,,1.50%,2709,1.50%,2709,5418,0,0,0,,0,0.00%,0,100.00%,0,Tertunda,Pesanan sedang diproses. Komisi akan dikonfirmasi setelah pesanan selesai.,Pesanan dari Toko yang tidak Dipromosikan,Ada,rakdapur3,,,,,Instagram
260529KVTYF20P,Selesai,233683805210840,2026-05-28 23:10:05,2026-05-30 22:12:33,2026-05-28 14:03:04,Toko Pojok Perabot,1589899658,Preferred(Non-CB),24496524880,Food Container Kulkas Kotak Penyimpanan Kulkas Buah Sayur Bumbu Sekat Food Prep Kontainer,301189256024,Normal Product,,Perlengkapan Rumah,Perlengkapan Dapur,Tempat Penyimpanan Makanan,57500,1,Komisi XTRA,,36225,,1.50%,543.375,2.50%,905.625,1449,543.375,905.625,1449,,0,0.00%,0,100.00%,1449,Selesai,,Pesanan dari Toko yang tidak Dipromosikan,Ada,rakdapur3,,,,,Instagram
260529KVTYF20N,Selesai,233683805210840,2026-05-28 23:10:05,2026-05-30 22:13:10,2026-05-28 14:03:04,LOVE LIFE HOME,1001966107,Preferred(Non-CB),23351311818,Lipat Storage Box 66L/110L tahan lembab Kotak Penyimpanan Serbaguna Organizer Kotak Mainan Perlengkapan Rumah Double Zipper Larg,221913062125,Normal Product,,Perlengkapan Rumah,Organizer Rumah,"Box, Tas, & Keranjang Penyimpanan",79500,1,Komisi XTRA,,71550,,1.50%,1073.25,3.00%,2146.5,3219.75,1073.25,2146.5,3219.75,,0,0.00%,0,100.00%,3219.75,Selesai,,Pesanan dari Toko yang tidak Dipromosikan,Ada,rakdapur3,,,,,Instagram
260529KVS5BFBH,Tertunda,233683744272907,2026-05-28 23:09:11,,2026-05-28 12:43:13,COCOUNDER Official Store,1513215778,Shopee Mall(Non-CB),42301381703,COCOUNDER Masker Pelindung Olahraga Wajah Penuh UPF50+ Anti Sinar UV Dengan Bahan Bernapas Motor Buff,270111641502,Normal Product,,Olahraga & Outdoor,Alat Rekreasi Olahraga & Aktivitas Outdoor,Alat Rekreasi Olahraga & Aktivitas Outdoor Lainnya,18539,1,Komisi XTRA,,18539,,1.50%,278.085,5.00%,926.95,1205.035,278.085,926.95,1205.035,,0,0.00%,0,100.00%,1205.035,Tertunda,Pesanan sedang diproses. Komisi akan dikonfirmasi setelah pesanan selesai.,Pesanan dari Toko yang tidak Dipromosikan,Ada,katalog,rak,,,,Others
260528KU0UV6M2,Tertunda,233681856296196,2026-05-28 22:37:57,,2026-05-28 08:37:55,AA BONEKA,1527888945,C2C(Non-CB),27892545607,Boneka Guling Jumbo Fox Lying Serigala Rebah 95cm Bahan Plush Hadiah Ulang Tahun Lucu Empuk,253986850885,Normal Product,,Ibu & Bayi,Mainan,Boneka & Mainan Boneka,90000,1,Komisi XTRA,,85500,,0.00%,0,3.50%,2992.5,2992.5,0,2992.5,2992.5,,0,0.00%,0,100.00%,2992.5,Tertunda,Pesanan sedang diproses. Komisi akan dikonfirmasi setelah pesanan selesai.,Pesanan dari Toko yang tidak Dipromosikan,Ada,rakdapur3,,,,,Facebook
260528KSQH1QRJ,Tertunda,233680468204444,2026-05-28 22:14:28,,2026-05-26 20:32:25,leni cotangen,324677480,Preferred(Non-CB),27567057072,OUTER Vest BRUKAT KONDANGAN simple elegant,195562481633,Normal Product,,Fashion Muslim,Outerwear,Rompi,61305,1,Komisi XTRA,,58239,,1.50%,873.585,3.50%,2038.365,2911.95,873.585,2038.365,2911.95,,0,0.00%,0,100.00%,2911.95,Tertunda,Pesanan sedang diproses. Komisi akan dikonfirmasi setelah pesanan selesai.,Pesanan dari Toko yang tidak Dipromosikan,Ada,rakdapur3,,,,,Websites
260528KSFXTBBQ,Tertunda,233680214216196,2026-05-28 22:10:14,,2026-05-28 11:30:26,salwaassyifa812,1031255024,C2C(Non-CB),50952186259,link co 1kg,440211964715,Normal Product,,Perlengkapan Rumah,Taman,Tanaman,10000,1,Komisi Shopee,,9978,,0.00%,0,0.00%,0,0,0,0,0,,0,0.00%,0,100.00%,0,Tertunda,Pesanan sedang diproses. Komisi akan dikonfirmasi setelah pesanan selesai.,Pesanan dari Toko yang tidak Dipromosikan,Ada,rakdapur3,,,,,Facebook
260528KSFXTBBQ,Tertunda,233680214216196,2026-05-28 22:10:14,,2026-05-28 11:30:26,salwaassyifa812,1031255024,C2C(Non-CB),50952186259,link co 1kg,440211964720,Normal Product,,Perlengkapan Rumah,Taman,Tanaman,35000,1,Komisi Shopee,,34922,,0.00%,0,0.00%,0,0,0,0,0,,0,0.00%,0,100.00%,0,Tertunda,Pesanan sedang diproses. Komisi akan dikonfirmasi setelah pesanan selesai.,Pesanan dari Toko yang tidak Dipromosikan,Ada,rakdapur3,,,,,Facebook
260528KS40EFA7,Tertunda,233679813266835,2026-05-28 22:03:33,,2026-05-26 00:55:54,tmd.id,1086015520,Preferred(Non-CB),27223473318,High Power LED Senter Swat Police Terbaik / Senter Led Rechargeable / Senter Cas Usb Zoom Jarak Jauh Senter 90000 Lumens Sorot S,247465600998,Normal Product,,Olahraga & Outdoor,Alat Rekreasi Olahraga & Aktivitas Outdoor,Camping & Hiking,41566,1,Komisi XTRA,,41566,,1.50%,623.49,2.50%,1039.15,1662.64,623.49,1039.15,1662.64,,0,0.00%,0,100.00%,1662.64,Tertunda,Pesanan sedang diproses. Komisi akan dikonfirmasi setelah pesanan selesai.,Pesanan dari Toko yang tidak Dipromosikan,Ada,rakdapur3,,,,,Others
260528KRMXS4V9,Tertunda,233679308200161,2026-05-28 21:55:08,,2026-05-28 15:31:31,Grosir_Kosmetik21,1172959988,Preferred(Non-CB),24894611121,Wardah White Secret Night Cream 15ml,243302610840,Normal Product,,Perawatan & Kecantikan,Perawatan Wajah,Pelembab Wajah,32000,1,Komisi Shopee,,29440,,1.50%,441.6,0.00%,0,441.6,1980.3,0,1980.3,,0,0.00%,0,100.00%,1980.3,Tertunda,Pesanan sedang diproses. Komisi akan dikonfirmasi setelah pesanan selesai.,Pesanan dari Toko yang tidak Dipromosikan,Ada,rakdapur3,,,,,Facebook
260528KRMXS4V9,Tertunda,233679308200161,2026-05-28 21:55:08,,2026-05-28 15:31:31,Grosir_Kosmetik21,1172959988,Preferred(Non-CB),24961575191,[12Pcs] Pensil Alis MYB 2in1 + Sikat + Serutan / Hitam + Coklat,360248383251,Normal Product,,Perawatan & Kecantikan,Kosmetik,Kosmetik Mata,27000,1,Komisi Shopee,,24840,,1.50%,372.6,0.00%,0,372.6,0,0,0,,0,0.00%,0,100.00%,0,Tertunda,Pesanan sedang diproses. Komisi akan dikonfirmasi setelah pesanan selesai.,Pesanan dari Toko yang tidak Dipromosikan,Ada,rakdapur3,,,,,Facebook
260528KRMXS4V9,Tertunda,233679308200161,2026-05-28 21:55:08,,2026-05-28 15:31:31,Grosir_Kosmetik21,1172959988,Preferred(Non-CB),24094608933,Wardah Crystal Secret Brightening Day Cream 15ml,237752470918,Normal Product,,Perawatan & Kecantikan,Perawatan Wajah,Pelembab Wajah,31000,2,Komisi Shopee,,57040,,1.50%,855.6,0.00%,0,855.6,0,0,0,,0,0.00%,0,100.00%,0,Tertunda,Pesanan sedang diproses. Komisi akan dikonfirmasi setelah pesanan selesai.,Pesanan dari Toko yang tidak Dipromosikan,Ada,rakdapur3,,,,,Facebook
260528KRMXS4V9,Tertunda,233679308200161,2026-05-28 21:55:08,,2026-05-28 15:31:31,Grosir_Kosmetik21,1172959988,Preferred(Non-CB),24161504590,Bedak Revlon 2in1 / Bedak Revlon Basah + Kering 8902,194899218063,Normal Product,,Perawatan & Kecantikan,Kosmetik,Kosmetik Wajah,22500,1,Komisi Shopee,,20700,,1.50%,310.5,0.00%,0,310.5,0,0,0,,0,0.00%,0,100.00%,0,Tertunda,Pesanan sedang diproses. Komisi akan dikonfirmasi setelah pesanan selesai.,Pesanan dari Toko yang tidak Dipromosikan,Ada,rakdapur3,,,,,Facebook
260528KRG847R3,Tertunda,233679150232713,2026-05-28 21:52:30,,2026-05-28 14:43:09,Pusatbaranguniq225,54111993,C2C(Non-CB),50661101963,Tumbler Crok,370984318196,Normal Product,,Perlengkapan Rumah,Peralatan Makan,Botol Minum & Aksesoris,69999,1,Komisi Shopee,,66499,,0.00%,0,0.00%,0,0,0,0,0,,0,0.00%,0,100.00%,0,Tertunda,Pesanan sedang diproses. Komisi akan dikonfirmasi setelah pesanan selesai.,Pesanan dari Toko yang tidak Dipromosikan,Ada,rakdapur3,,,,,Facebook
260528KRDXP4PU,Tertunda,233679073220482,2026-05-28 21:51:14,,2026-05-28 21:50:19,Biowaste Official Store,42610020,Preferred(Non-CB),20030613432,Biowaste Septic Tank Bakteri Pengurai Limbah IPAL MBG Organik Tinja Anti Bau & WC Mampet 100 gram,197768811439,Normal Product,,Perlengkapan Rumah,Perawatan Rumah,Pembersih,47405,1,Komisi XTRA,,45048,,1.50%,675.72,7.50%,3378.6,4054.32,675.72,3378.6,4054.32,,0,0.00%,0,100.00%,4054.32,Tertunda,Pesanan sedang diproses. Komisi akan dikonfirmasi setelah pesanan selesai.,Pesanan dari Toko yang tidak Dipromosikan,Ada,rakdapur3,,,,,Facebook
260528KR2VUR1Q,Dibatalkan,233678702212338,2026-05-28 21:45:03,--,2026-05-25 12:13:30,hellobrandholic,156726663,C2C(Non-CB),27638315365,AMBYARAN MALAM HELLO PART 2,350984294276,Normal Product,,Pakaian Wanita,Pakaian Wanita Lainnya,,199000,0,Komisi Shopee,,0,159200,0.00%,0,0.00%,0,0,0,0,0,,0,0.00%,0,100.00%,0,Dibatalkan,Pembeli membatalkan pesanan.,Pesanan dari Toko yang tidak Dipromosikan,Ada,rakdapur3,,,,,Websites
260528KQ60RE63,Tertunda,233677733219078,2026-05-28 21:28:53,,2026-05-28 11:38:14,Flimty Official Shop,283260334,Shopee Mall(Non-CB),17620751188,Flimburn by Flimty | 1 botol isi 60 tablet,170793609251,Normal Product,,Kesehatan,Suplemen Makanan,Diet & Detoks,275500,1,Komisi XTRA,,204547,,1.50%,3068.205,3.00%,6136.41,9204.615,3068.205,6136.41,9204.615,,0,0.00%,0,100.00%,9204.615,Tertunda,Pesanan sedang diproses. Komisi akan dikonfirmasi setelah pesanan selesai.,Pesanan dari Toko yang tidak Dipromosikan,Ada,rakdapur3,,,,,Others
260528KPKV0GSC,Selesai,233677124268214,2026-05-28 21:18:44,2026-05-31 16:07:12,2026-05-28 14:03:14,Linggapram.shop,1807822935,Preferred(Non-CB),49759658181,Rak cobek dan telenan,149353038827,Normal Product,,Perlengkapan Rumah,Perlengkapan Dapur,Rak Dapur,14200,1,Komisi XTRA,,14200,,1.50%,213,5.00%,710,923,213,710,923,,0,0.00%,0,100.00%,923,Selesai,,Pesanan dari Toko yang tidak Dipromosikan,Ada,rakdapur3,,,,,Instagram
260528KPKV0GSB,Tertunda,233677124268214,2026-05-28 21:18:44,,2026-05-28 14:03:14,Goldii Indonesia,1543475949,Preferred(Non-CB),26586942278,GOLDII - Rak Spons Cuci Piring Rak Westafel Estetik Wadah Tempat Penyimpanan Sabun Kain Lap Cuci Piring Plastik Anti Karat,280179581040,Normal Product,,Perlengkapan Rumah,Perlengkapan Dapur,Rak Dapur,14504,1,Komisi XTRA,,11593,,1.50%,173.895,2.50%,289.825,463.72,173.895,289.825,463.72,,0,0.00%,0,100.00%,463.72,Tertunda,Pesanan sedang diproses. Komisi akan dikonfirmasi setelah pesanan selesai.,Pesanan dari Toko yang tidak Dipromosikan,Ada,rakdapur3,,,,,Instagram
260528KP9BCPX2,Tertunda,233676772298344,2026-05-28 21:13:13,,2026-05-26 12:21:55,Pompa asi,12152243,Preferred(Non-CB),20186895373,[Grow Baby] Valve Termurah Untuk Pompa Asi,194811141908,Normal Product,,Ibu & Bayi,Perlengkapan Makan Bayi,Perlengkapan Menyusui,7900,2,Komisi XTRA,,15300,,1.50%,229.5,4.50%,688.5,918,229.5,688.5,918,,0,0.00%,0,100.00%,918,Tertunda,Pesanan sedang diproses. Komisi akan dikonfirmasi setelah pesanan selesai.,Pesanan dari Toko yang tidak Dipromosikan,Ada,rakdapur3,,,,,Instagram
260528KMV6G73J,Selesai,233675256213626,2026-05-28 20:47:36,2026-05-31 16:07:40,2026-05-27 14:46:59,Kalabahi Store,315475064,Preferred(Non-CB),22708747149,Sandal Jepit Sun Swallow Polkadot Wanita / Sandal Swallow,127208853214,Normal Product,0_423425713913977_1,Sepatu Wanita,Sandal Jepit & Sandal Lainnya,Sandal Jepit,13718.36393,1,Komisi XTRA,,13032.36394,,1.50%,195.48545,1.00%,130.32363,325.80908,665.47499,443.64999,1109.12498,,0,0.00%,0,100.00%,1109.12498,Selesai,,Pesanan dari Toko yang tidak Dipromosikan,Ada,rakdapur3,,,,,Instagram
260528KMV6G73J,Selesai,233675256213626,2026-05-28 20:47:36,2026-05-31 16:07:40,2026-05-27 14:46:59,Kalabahi Store,315475064,Preferred(Non-CB),3467331724,Sandal Japit SunSwallow Tokyo / Sandal Japit Wanita Sun Swallow,183736115675,Normal Product,0_423425713913977_1,Sepatu Wanita,Sandal Jepit & Sandal Lainnya,Sandal Jepit,14231.63606,1,Komisi XTRA,,13519.63606,,1.50%,202.79454,1.00%,135.19636,337.9909,0,0,0,,0,0.00%,0,100.00%,0,Selesai,,Pesanan dari Toko yang tidak Dipromosikan,Ada,rakdapur3,,,,,Instagram
260528KMV6G73J,Selesai,233675256213626,2026-05-28 20:47:36,2026-05-31 16:07:40,2026-05-27 14:46:59,Kalabahi Store,315475064,Preferred(Non-CB),4571048407,Sandal Japit Wanita Sun Swallow Crystal / Sandal Japit Cewek Terkini,42743258574,Normal Product,,Sepatu Wanita,Sandal Jepit & Sandal Lainnya,Sandal Jepit,18750,1,Komisi XTRA,,17813,,1.50%,267.195,1.00%,178.13,445.325,0,0,0,,0,0.00%,0,100.00%,0,Selesai,,Pesanan dari Toko yang tidak Dipromosikan,Ada,rakdapur3,,,,,Instagram
260528KMNB6UP3,Tertunda,233675026262844,2026-05-28 20:43:46,,2026-05-28 12:55:39,pesta hidup,691812429,Preferred(Non-CB),46951709406,100 Pcs Pipe Cleaner Kawat Bulu 30cm/ Bahan Kraf DIY Manua/ Anak & Dewasa / Bendung Mudah,310156604780,Normal Product,,Ibu & Bayi,Mainan,Mainan Edukatif,12999,2,Komisi XTRA,,25998,,1.50%,389.97,0.50%,129.99,519.96,389.97,129.99,519.96,,0,0.00%,0,100.00%,519.96,Tertunda,Pesanan sedang diproses. Komisi akan dikonfirmasi setelah pesanan selesai.,Pesanan dari Toko yang tidak Dipromosikan,Ada,rakdapur3,,,,,Facebook
260528KMGNF679,Tertunda,233674869254943,2026-05-28 20:41:09,,2026-05-26 23:05:57,Benih Lighting Official Store,502343523,Shopee Mall(Non-CB),29934427656,Garansi 5 tahun Lemon Home UFO Lampu Emergency Gantung Camping Solar Panel Lampu Darurat Multifungsi LH,206021731737,Normal Product,,Perlengkapan Rumah,Lampu,,59900,1,Komisi XTRA,,56195,,1.50%,842.925,1.50%,842.925,1685.85,842.925,842.925,1685.85,,0,0.00%,0,100.00%,1685.85,Tertunda,Pesanan sedang diproses. Komisi akan dikonfirmasi setelah pesanan selesai.,Pesanan dari Toko yang tidak Dipromosikan,Ada,rakdapur3,,,,,Instagram
260528KKYUJRAW,Selesai,233674305235471,2026-05-28 20:31:45,2026-05-31 14:13:23,2026-05-27 20:12:28,akulacabangjakarta,976455353,Preferred(Non-CB),44757952888,AKULA Jas Hujan Setelan PVC Anti Rembes Pria Wanita Biru Muda L XL XXL XXXL XXXXL,335705256118,Normal Product,,Olahraga & Outdoor,Aksesoris Olahraga & Aktivitas Outdoor,Jas Hujan,79200,1,Komisi XTRA,,61689,,1.50%,925.335,2.50%,1542.225,2467.56,925.335,1542.225,2467.56,,0,0.00%,0,100.00%,2467.56,Selesai,,Pesanan dari Toko yang tidak Dipromosikan,Ada,rakdapur3,,,,,Instagram
260528KJW2MH4N,Tertunda,233673138233151,2026-05-28 20:12:18,,2026-05-24 14:46:20,A-Grade Specialist,1105575176,Preferred(Non-CB),22761310098,Rumput Sintetis Ukuran 2m X 3m Utuh (tanpa Putus) Tipe Swiss (full Hijau) Tebal 3cm (30mm),290945235264,Normal Product,,Perlengkapan Rumah,Taman,Dekorasi Taman,424710,1,Komisi XTRA,,420710,,1.50%,6310.65,3.00%,12621.3,18931.95,6310.65,12621.3,18931.95,,0,0.00%,0,100.00%,18931.95,Tertunda,Pesanan sedang diproses. Komisi akan dikonfirmasi setelah pesanan selesai.,Pesanan dari Toko yang tidak Dipromosikan,Ada,rakdapur3,,,,,Others
260528KJ21PT5R,Tertunda,233672231288246,2026-05-28 19:57:12,,2026-05-28 12:34:47,newsasumbing.com,6809250,C2C(Non-CB),33346717,DIJAMIN ORI! NEW SASUMBING Sabun susu kambing,50283176752,Normal Product,,Perawatan & Kecantikan,Perawatan Tubuh,Sabun Mandi,44550,1,Komisi XTRA,,42322,,0.00%,0,5.00%,2116.1,2116.1,0,2116.1,2116.1,,0,0.00%,0,100.00%,2116.1,Tertunda,Pesanan sedang diproses. Komisi akan dikonfirmasi setelah pesanan selesai.,Pesanan dari Toko yang tidak Dipromosikan,Ada,rakdapur3,,,,,Instagram
260528KHPJFBCD,Dibatalkan,233671846214650,2026-05-28 19:50:46,--,2026-05-28 12:21:00,Alfa Bunayya,203186484,Preferred(Non-CB),19751558139,3 Celana Dalam Wanita GN 928 - WARNA MUDA - GOLDEN NICK - CD GN - Pakaian Dalam - Underwear,222949830812,Normal Product,,Pakaian Wanita,Pakaian Dalam,Celana Dalam,29999,0,Komisi XTRA,,0,29399,1.50%,0,2.50%,0,0,0,0,0,,0,0.00%,0,100.00%,0,Dibatalkan,Pembeli membatalkan pesanan.,Pesanan dari Toko yang tidak Dipromosikan,Ada,rakdapur3,,,,,Others
260528KGPH9HW3,Tertunda,233670771231625,2026-05-28 19:32:51,,2026-05-28 15:25:48,BABYBROWN.ID,10092937,C2C(Non-CB),53658735375,KAOS ANAK PREMIUM BAJU ANAK DISTRO UNISEX 1-10TAHUN TSHIRT 24S COMBED MOTIF NEW ZOOTOPIA SUSUN BEBE,365775392984,Normal Product,,Fashion Bayi & Anak,Pakaian Anak Laki-Laki,Atasan,40000,1,Komisi XTRA,,36552,,0.00%,0,4.00%,1462.08,1462.08,0,1462.08,1462.08,,0,0.00%,0,100.00%,1462.08,Tertunda,Pesanan sedang diproses. Komisi akan dikonfirmasi setelah pesanan selesai.,Pesanan dari Toko yang tidak Dipromosikan,Ada,rakdapur3,,,,,Facebook
260528KGPH9HW2,Selesai,233670771231625,2026-05-28 19:32:51,2026-05-31 14:44:08,2026-05-28 15:25:48,Hanalisa Jeans Official Store,1679151327,Shopee Mall(Non-CB),52208606172,Hanalisa Jeans - Skirt Audy Rok Maxy Wanita Bahan Scuba Strech Loose Anti Kusut Flare Polos Panjang,340762585791,Normal Product,,Pakaian Wanita,Rok,,79999,1,Komisi XTRA,,73012,,1.50%,1095.18,2.50%,1825.3,2920.48,1095.18,1825.3,2920.48,,0,0.00%,0,100.00%,2920.48,Selesai,,Pesanan dari Toko yang tidak Dipromosikan,Ada,rakdapur3,,,,,Facebook
260528KGPH9HW0,Selesai,233670771231625,2026-05-28 19:32:51,2026-05-30 11:04:11,2026-05-28 15:25:48,sisipets88,1730465330,Preferred(Non-CB),43780204193,Alat Pembersih Kaca Mini Teleskopik Wiper Aquarium & Spion Mobil Multifungsi,177395296909,Normal Product,,Hewan Peliharaan,Aksesoris Hewan Peliharaan,Kebutuhan Akuarium,13365,1,Komisi XTRA,,11302,,1.50%,169.53,3.00%,339.06,508.59,169.53,339.06,508.59,,0,0.00%,0,100.00%,508.59,Selesai,,Pesanan dari Toko yang tidak Dipromosikan,Ada,rakdapur3,,,,,Facebook
260528KGPH9HVY,Selesai,233670771231625,2026-05-28 19:32:51,2026-05-31 15:53:18,2026-05-28 15:25:48,Benedeto Official Store,1420690646,Shopee Mall(Non-CB),43326991847,Benedeto - Kaos Anak Premium 1-12 Tahun 100% Katun Tebal 24s Baju Anak Laki Laki Perempuan - BEND38,440249362055,Normal Product,,Fashion Bayi & Anak,Pakaian Anak Laki-Laki,Atasan,58900,1,Komisi XTRA,,43895,,1.50%,658.425,2.50%,1097.375,1755.8,658.425,1097.375,1755.8,,0,0.00%,0,100.00%,1755.8,Selesai,,Pesanan dari Toko yang tidak Dipromosikan,Ada,rakdapur3,,,,,Facebook
260528KGPH9HVX,Selesai,233670771231625,2026-05-28 19:32:51,2026-05-30 16:43:35,2026-05-28 15:25:48,xingpayu,477500775,Preferred(Non-CB),29627825720,Water Dispenser ADVANCE DS GALON BAWAH DS 308 408 GALON ATAS DS 208,310853984682,Normal Product,,Elektronik,Perangkat Dapur,Dispenser & Filter Air,825000,1,Komisi XTRA,,752070,,0.50%,3760.35,0.25%,1880.175,5640.525,3760.35,1880.175,5640.525,,0,0.00%,0,100.00%,5640.525,Selesai,,Pesanan dari Toko yang tidak Dipromosikan,Ada,rakdapur3,,,,,Facebook
260528KGPH9HVW,Selesai,233670771231625,2026-05-28 19:32:51,2026-05-29 16:40:30,2026-05-28 15:25:48,Uplu Official Store,1240930676,Shopee Mall(Non-CB),29577874248,UPLU Lampu Tidur LED Light Bar Sensor Magnetic Portable Rechargable USB 3 Color With Remote Control,247756517935,Normal Product,,Perlengkapan Rumah,Lampu,,75900,1,Komisi XTRA,,69358,,1.50%,1040.37,3.00%,2080.74,3121.11,1040.37,2080.74,3121.11,,0,0.00%,0,100.00%,3121.11,Selesai,,Pesanan dari Toko yang tidak Dipromosikan,Ada,rakdapur3,,,,,Facebook
260528KGPH9HVV,Selesai,233670771231625,2026-05-28 19:32:51,2026-05-31 14:43:53,2026-05-28 15:25:48,AL ATSARY INTI SUKOWATI,1423703367,Preferred(Non-CB),28026148677,Minyak Rambut Gatsby Pomade Oil Base 30gr Premium Slick,129239346887,Normal Product,,Perawatan & Kecantikan,Perawatan Rambut,Hair Styling,22999,1,Komisi XTRA,,22996,,1.50%,344.94,2.50%,574.9,919.84,344.94,574.9,919.84,,0,0.00%,0,100.00%,919.84,Selesai,,Pesanan dari Toko yang tidak Dipromosikan,Ada,rakdapur3,,,,,Facebook
260528KGPH9HVS,Dibatalkan,233670771231625,2026-05-28 19:32:51,--,2026-05-28 15:25:48,Izan_yugure,150727819,Preferred(Non-CB),22964760961,Kacamata Hitam Riben Anti UV NS114 Elegan Unisex Pria wanita,251254881137,Normal Product,,Aksesoris Fashion,Kacamata & Aksesoris,Kacamata Hitam,27500,0,Komisi XTRA,,0,25129,1.50%,0,2.50%,0,0,0,0,0,,0,0.00%,0,100.00%,0,Dibatalkan,Pesanan tidak memenuhi S&K.,Pesanan dari Toko yang tidak Dipromosikan,Ada,rakdapur3,,,,,Facebook
260528KGPH9HVQ,Selesai,233670771231625,2026-05-28 19:32:51,2026-05-30 16:43:55,2026-05-28 15:25:48,Izan_id,117229139,C2C(Non-CB),15878763087,Kacamata hitam anak sky X anti UV ( COD),172197071149,Normal Product,,Fashion Bayi & Anak,Aksesoris Bayi & Anak,Kacamata,20000,1,Komisi XTRA,,18278,,0.00%,0,2.50%,456.95,456.95,0,456.95,456.95,,0,0.00%,0,100.00%,456.95,Selesai,,Pesanan dari Toko yang tidak Dipromosikan,Ada,rakdapur3,,,,,Facebook
260528KGPH9HVP,Dibatalkan,233670771231625,2026-05-28 19:32:51,--,2026-05-28 15:25:48,Best Furniture Official,740995,Preferred(Non-CB),3351872218,Best Nakas Meja Samping Nakas Minimalis,162154818399,Normal Product,,Perlengkapan Rumah,Furniture,Meja & Meja Tulis,271200,0,Komisi XTRA,,0,271174,1.50%,0,1.50%,0,0,0,0,0,,0,0.00%,0,100.00%,0,Dibatalkan,Pesanan tidak memenuhi S&K.,Pesanan dari Toko yang tidak Dipromosikan,Ada,rakdapur3,,,,,Facebook
260528KGPH9HVP,Dibatalkan,233670771231625,2026-05-28 19:32:51,--,2026-05-28 15:25:48,Best Furniture Official,740995,Preferred(Non-CB),3480076747,Extra Packing Safety BubbleWrap,73798041044,Normal Product,,Buku & Alat Tulis,Pembungkus Kado & Kemasan,Bubble Wrap,15000,0,Komisi XTRA,,0,15000,1.50%,0,1.50%,0,0,0,0,0,,0,0.00%,0,100.00%,0,Dibatalkan,Pesanan tidak memenuhi S&K.,Pesanan dari Toko yang tidak Dipromosikan,Ada,rakdapur3,,,,,Facebook
260528KGP4WGBV,Dibatalkan,233670758256814,2026-05-28 19:32:39,--,2026-05-28 15:22:23,AL_BARIQI,1119036908,Preferred(Non-CB),22686623212,MULTI CLEANER BUBUK PEMBERSIH KERAK KERAMIK Kloset toilet Syower Kran Pembersih Serbaguna Peralatan Dapur Rumah Tangga WC,217154673663,Normal Product,,Perlengkapan Rumah,Perawatan Rumah,Pembersih,7552,0,Komisi XTRA,,0,6907,1.50%,0,10.00%,0,0,0,0,0,,0,0.00%,0,100.00%,0,Dibatalkan,Pembeli membatalkan pesanan.,Pesanan dari Toko yang tidak Dipromosikan,Ada,rakdapur3,,,,,Others
260528KGP3Y3UG,Tertunda,233670757268155,2026-05-28 19:32:38,,2026-05-28 11:28:13,PECY GOWEST SPREI,221976258,Preferred(Non-CB),7050148777,GORDEN PINTU JENDELA SMOKERING 12 LUBANG GORDEN JENDELA KORDEN MOTIF KARAKTER,33722577260,Normal Product,,Perlengkapan Rumah,Dekorasi,Tirai & Tirai Gulung,43000,1,Komisi XTRA,,43000,,1.50%,645,3.50%,1505,2150,645,1505,2150,,0,0.00%,0,100.00%,2150,Tertunda,Pesanan sedang diproses. Komisi akan dikonfirmasi setelah pesanan selesai.,Pesanan dari Toko yang tidak Dipromosikan,Ada,rakdapur3,,,,,Facebook
260528KEJKUG9T,Tertunda,233668492212623,2026-05-28 18:54:52,,2026-05-28 15:08:22,FADFAD Indonesia,1086259327,Preferred(Non-CB),47060358789,Setelan Wanita Polos Lengan Bell Resleting Handmade Minimalis | Outfit Cewek Kekinian Model Simpel Elegan | Original By FadFad.I,340907772441,Normal Product,,Pakaian Wanita,Set,Set Wanita,145000,1,Komisi XTRA,,100000,,1.50%,1500,2.00%,2000,3500,1500,2000,3500,,0,0.00%,0,100.00%,3500,Tertunda,Pesanan sedang diproses. Komisi akan dikonfirmasi setelah pesanan selesai.,Pesanan dari Toko yang tidak Dipromosikan,Ada,rakdapur3,,,,,Instagram
260528KDCF4RSU,Tertunda,233667212210273,2026-05-28 18:33:32,,2026-05-28 10:32:09,elplast,956443973,C2C(Non-CB),21273797664,Botol Plastik 330ml / Botol Pristine 330ml / Botol Almond / Botol AMDK / Botol Jamu,39785246185,Normal Product,,Koper & Tas Travel,Aksesoris Travel,Botol & Wadah Isi Ulang,979,150,Komisi XTRA,,146850,,0.00%,0,0.50%,734.25,734.25,0,734.25,734.25,,0,0.00%,0,100.00%,734.25,Tertunda,Pesanan sedang diproses. Komisi akan dikonfirmasi setelah pesanan selesai.,Pesanan dari Toko yang tidak Dipromosikan,Ada,rakdapur3,,,,,Instagram
260528KCX3GVS5,Tertunda,233666730267905,2026-05-28 18:25:30,,2026-05-28 13:56:59,Kaeggie Official Store,987809861,Shopee Mall(Non-CB),24227318015,KAEGGIE - Signature Hugging Pillow Size Medium (M) - Bantal Bayi Anak - FoodGrade,240735453142,Normal Product,,Ibu & Bayi,Kamar Bayi,Matras & Sprei,350000,1,Komisi XTRA,,307544,,1.50%,4613.16,10.00%,30754.4,35367.56,4613.16,30754.4,35367.56,,0,0.00%,0,100.00%,35367.56,Tertunda,Pesanan sedang diproses. Komisi akan dikonfirmasi setelah pesanan selesai.,Pesanan dari Toko yang tidak Dipromosikan,Ada,rakdapur3,,,,,Instagram
260528KCX3GVS4,Tertunda,233666730267905,2026-05-28 18:25:30,,2026-05-28 13:56:59,GrosirLucky,937061707,Preferred(Non-CB),23576492680,(GROSIR LUCKY LINGERIE 126) Sleepwear Lingerie Dress Satin Baju Tidur Lingerie Sexy Wanita,233605257776,Normal Product,,Pakaian Wanita,Pakaian Dalam,Sexy Lingerie,135000,1,Komisi XTRA,,128250,,1.50%,1923.75,5.00%,6412.5,8336.25,1923.75,6412.5,8336.25,,0,0.00%,0,100.00%,8336.25,Tertunda,Pesanan sedang diproses. Komisi akan dikonfirmasi setelah pesanan selesai.,Pesanan dari Toko yang tidak Dipromosikan,Ada,rakdapur3,,,,,Instagram
260528KCSEP8P4,Selesai,233666574209857,2026-05-28 18:22:55,2026-05-31 15:06:04,2026-05-28 15:25:44,HERMANCOLLECTION,26177891,Preferred(Non-CB),19170476572,HC Plastik Wrap Pembungkus Makanan 30cm x 10mtr Food Wrapping Roll Food Grade Plastik Buah Sayur Makanan Food Wrap Clip Roll,230686781455,Normal Product,,Perlengkapan Rumah,Perlengkapan Dapur,Cling Wrap,7621,2,Komisi XTRA,,12193,,1.50%,182.895,1.00%,121.93,304.825,182.895,121.93,304.825,,0,0.00%,0,100.00%,304.825,Selesai,,Pesanan dari Toko yang tidak Dipromosikan,Ada,rakdapur3,,,,,Instagram
260528KCNKR2UT,Tertunda,233666445285724,2026-05-28 18:20:46,,2026-05-28 15:05:04,Wode indonesia,1118916795,Preferred(Non-CB),40902429040,Wode Kotak penyimpanan makanan kulkas Laci Penyimpanan Makanan Bening Container Serbaguna Transparan LIANA,218534379645,Normal Product,,Perlengkapan Rumah,Perlengkapan Dapur,Tempat Penyimpanan Makanan,35789,4,Komisi XTRA,,130637,,1.50%,1959.555,3.00%,3919.11,5878.665,1959.555,3919.11,5878.665,,0,0.00%,0,100.00%,5878.665,Tertunda,Pesanan sedang diproses. Komisi akan dikonfirmasi setelah pesanan selesai.,Pesanan dari Toko yang tidak Dipromosikan,Ada,rakdapur3,,,,,Facebook
260528KAY79SFX,Tertunda,233664621294959,2026-05-28 17:50:42,,2026-05-27 20:19:19,Mitra Plastik,34710714,Preferred(Non-CB),9995604964,"Kertas Nasi Motif 25x27,5 cm Paper Wrap 100 pcs Printing Laminasi Food Grade Burger Kebab Dragon Pack Koran Roti Yellow Love",121454869354,Normal Product,,Perlengkapan Rumah,Perlengkapan Pesta,Peralatan Makan Sekali Pakai,26200,3,Komisi XTRA,,71103,,1.50%,1066.545,1.00%,711.03,1777.575,1066.545,711.03,1777.575,,0,0.00%,0,100.00%,1777.575,Tertunda,Pesanan sedang diproses. Komisi akan dikonfirmasi setelah pesanan selesai.,Pesanan dari Toko yang tidak Dipromosikan,Ada,rakdapur3,,,,,Others
260528KAB7A7E9,Tertunda,233663949225066,2026-05-28 17:39:09,,2026-05-28 14:24:21,HEPIMI STORE,1162835853,Preferred(Non-CB),25011493544,Tempat Minyak Goreng 2 Liter Anti Tumpah Kimplast Sally Oil Jug Plastik Tahan Panas BPA Free - HM,292370527915,Normal Product,,Perlengkapan Rumah,Perlengkapan Dapur,Perlengkapan Dapur Lainnya,21900,1,Komisi XTRA,,20958,,1.50%,314.37,1.50%,314.37,628.74,314.37,314.37,628.74,,0,0.00%,0,100.00%,628.74,Tertunda,Pesanan sedang diproses. Komisi akan dikonfirmasi setelah pesanan selesai.,Pesanan dari Toko yang tidak Dipromosikan,Ada,rakdapur3,,,,,Others
260528K935JNWD,Tertunda,233662605229633,2026-05-28 17:16:46,,2026-05-28 14:37:53,megascarletshop,260976217,Preferred(Non-CB),27537492747,Oppo A5 Pro 4G 5G - CardX Flip Lens Card Ring Armor Case Shockproof,253511008506,Normal Product,,Handphone & Aksesoris,Aksesoris,Casing & Skin,53000,1,Komisi XTRA,,49850,,0.50%,249.25,5.00%,2492.5,2741.75,249.25,2492.5,2741.75,,0,0.00%,0,100.00%,2741.75,Tertunda,Pesanan sedang diproses. Komisi akan dikonfirmasi setelah pesanan selesai.,Pesanan dari Toko yang tidak Dipromosikan,Ada,rakdapur3,,,,,Instagram
260528K8AD3DNU,Tertunda,233661774250150,2026-05-28 17:02:55,,2026-05-27 18:16:37,AGEN SEMUA OFFICIAL,256364012,Preferred(Non-CB),41967695196,[ PAKET ISI 5 ] Tisu Tissue PASEO 540 helai facial tissue PROMO !!!,248863134549,Normal Product,,Perlengkapan Rumah,Perawatan Rumah,Tisu & Tisu Kertas,53750,1,Komisi XTRA,,53750,,1.50%,806.25,0.50%,268.75,1075,806.25,268.75,1075,,0,0.00%,0,100.00%,1075,Tertunda,Pesanan sedang diproses. Komisi akan dikonfirmasi setelah pesanan selesai.,Pesanan dari Toko yang tidak Dipromosikan,Ada,wooristoragebox,,,,,Instagram
260528K82N69W7,Tertunda,233661515295943,2026-05-28 16:58:56,,2026-05-28 11:47:39,VOOVA Official Shop,513462614,Shopee Mall(Non-CB),29772611086,VOOVA Sandal Selop Wanita Karet Sol Lembut Bahan EVA Sandal Selop Pria Sandal Karet Wanita Empuk,405585719588,Normal Product,,Sepatu Pria,Sandal,Sandal Slide,29900,1,Komisi XTRA,,8970,,0.00%,50000,2.50%,224.25,50224.25,50000,224.25,50224.25,,0,0.00%,0,100.00%,50224.25,Tertunda,Pesanan sedang diproses. Komisi akan dikonfirmasi setelah pesanan selesai.,Pesanan dari Toko yang tidak Dipromosikan,Baru,rakdapur3,,,,,Facebook
260528K7V3A077,Tertunda,233661294219581,2026-05-28 16:54:54,,2026-05-28 13:02:53,Sasaka by Aini,349710393,Preferred(Non-CB),57957852061,"Ramuan Minuman Herbal SAVANA Menjaga Berat Badan, SASAKA by Aini",340698442811,Normal Product,,Makanan & Minuman,Minuman,Minuman Tradisional & Herbal,38000,1,Komisi XTRA,,38000,,1.50%,570,3.50%,1330,1900,570,1330,1900,,0,0.00%,0,100.00%,1900,Tertunda,Pesanan sedang diproses. Komisi akan dikonfirmasi setelah pesanan selesai.,Pesanan dari Toko yang tidak Dipromosikan,Ada,rakdapur3,,,,,Others
260528K7RC3UAA,Selesai,233661169239556,2026-05-28 16:52:49,2026-05-31 19:27:15,2026-05-27 20:36:36,GLAMGORGEOUS OFFICIAL SHOP,20111850,Preferred(Non-CB),29784393934,Celengan Anak Rocket Space Kotak Tempat Penyimpanan Uang Kertas Dan Koin Edukasi Menabung - MB014,119479704485,Normal Product,,Hobi & Koleksi,Souvenir & Hadiah,Celengan,56900,1,Komisi Shopee,,48401,,1.50%,726.015,0.00%,0,726.015,726.015,0,726.015,,0,0.00%,0,100.00%,726.015,Selesai,,Pesanan dari Toko yang tidak Dipromosikan,Ada,rakdapur3,,,,,Instagram
260528K7DD7200,Tertunda,233660802295655,2026-05-28 16:47:03,,2026-05-23 14:16:18,distributor.cream.ori,6080165,Preferred(Non-CB),1766702392,SCARLETT BRIGHTLY EVER AFTER DAY CREAM / NIght CREAM/ Acne Day Cream original dan BPOM,63654080603,Normal Product,,Perawatan & Kecantikan,Perawatan Wajah,Pelembab Wajah,57750,1,Komisi Shopee,,54857,,1.50%,822.855,0.00%,0,822.855,822.855,0,822.855,,0,0.00%,0,100.00%,822.855,Tertunda,Pesanan sedang diproses. Komisi akan dikonfirmasi setelah pesanan selesai.,Pesanan dari Toko yang tidak Dipromosikan,Ada,rakdapur3,,,,,Instagram
260528K71NDQAK,Tertunda,233660407242941,2026-05-28 16:40:11,,2026-05-28 15:25:39,AIZE Gudang Besi,124124308,C2C(Non-CB),54459657524,"GARUK SAMPAH CONTONG CAP JAGO - GIGI 8, 6, 4 BAHAN BAJA ASLI ANTI KARAT TEBAL",282578189982,Normal Product,,Perlengkapan Rumah,Taman,Peralatan Berkebun,27000,1,Komisi Shopee,,27000,,0.00%,0,0.00%,0,0,0,0,0,,0,0.00%,0,100.00%,0,Tertunda,Pesanan sedang diproses. Komisi akan dikonfirmasi setelah pesanan selesai.,Pesanan dari Toko yang tidak Dipromosikan,Ada,rakdapur3,,,,,Facebook
260528K6GTKEWJ,Tertunda,233659842257496,2026-05-28 16:30:43,,2026-05-28 14:03:45,Classy Fashion ID,631846627,Preferred(Non-CB),25005891835,Kode angka [COD] branded import,207246513309,Normal Product,,Aksesoris Fashion,Topi,,148999,1,Komisi Shopee,,129629,,1.50%,1944.435,0.00%,0,1944.435,3888.87,0,3888.87,,0,0.00%,0,100.00%,3888.87,Tertunda,Pesanan sedang diproses. Komisi akan dikonfirmasi setelah pesanan selesai.,Pesanan dari Toko yang tidak Dipromosikan,Ada,rakdapur3,,,,,Others
260528K6GTKEWJ,Tertunda,233659842257496,2026-05-28 16:30:43,,2026-05-28 14:03:45,Classy Fashion ID,631846627,Preferred(Non-CB),25005891835,Kode angka [COD] branded import,207246513333,Normal Product,,Aksesoris Fashion,Topi,,148999,1,Komisi Shopee,,129629,,1.50%,1944.435,0.00%,0,1944.435,0,0,0,,0,0.00%,0,100.00%,0,Tertunda,Pesanan sedang diproses. Komisi akan dikonfirmasi setelah pesanan selesai.,Pesanan dari Toko yang tidak Dipromosikan,Ada,rakdapur3,,,,,Others
260528K6BFWPTE,Tertunda,233659663289204,2026-05-28 16:27:44,,2026-05-23 12:30:05,GiantMeng Official Store,1559347904,Shopee Mall(Non-CB),52450061992,GiantMeng - Lemari Plastik Sempit Lipat 5 Laci 23cm Multifungsi Rak Penyimpanan Kamar Mandi & Dapur,320005169487,Normal Product,,Perlengkapan Rumah,Furniture,Lemari & Kabinet,248790,1,Komisi XTRA,,216306,,1.50%,3244.59,2.50%,5407.65,8652.24,3244.59,5407.65,8652.24,,0,0.00%,0,100.00%,8652.24,Tertunda,Pesanan sedang diproses. Komisi akan dikonfirmasi setelah pesanan selesai.,Pesanan dari Toko yang tidak Dipromosikan,Ada,rakdapur3,,,,,Instagram
260528K5Q3KS2N,Dibatalkan,233658979289911,2026-05-28 16:16:20,--,2026-05-28 15:04:56,Anoda Teknik Klt,1172267771,Preferred(Non-CB),40659212143,Rak panci Rak wajan Susun Rak Dapur serbaguna Home organaizer anti karat besi,280771448607,Normal Product,,Perlengkapan Rumah,Perlengkapan Dapur,Rak Dapur,69999,0,Komisi XTRA,,0,69999,1.50%,0,5.00%,0,0,0,0,0,,0,0.00%,0,100.00%,0,Dibatalkan,Pembeli membatalkan pesanan.,Pesanan dari Toko yang tidak Dipromosikan,Ada,rakdapur3,,,,,Facebook
260528K5GFVRDM,Tertunda,233658757284994,2026-05-28 16:12:38,,2026-05-27 17:30:39,Noura Muslim Store,66592705,C2C(Non-CB),24142090722,Lurea Khimar by Sofni | Arabian Chiffon,138236813517,Normal Product,,Fashion Muslim,Pakaian Muslim Wanita,Dress,399000,1,Komisi XTRA,,379050,,0.00%,0,0.50%,1895.25,1895.25,0,1895.25,1895.25,,0,0.00%,0,100.00%,1895.25,Tertunda,Pesanan sedang diproses. Komisi akan dikonfirmasi setelah pesanan selesai.,Pesanan dari Toko yang tidak Dipromosikan,Ada,rakdapur3,,,,,Websites
260528K4RG4EUE,Tertunda,233657952227284,2026-05-28 15:59:12,,2026-05-28 12:34:43,Flusso Official Shop,27123114,Shopee Mall(Non-CB),55855620305,Gembok Pagar Gerbang Anti Maling Leher Panjang Pendek 40mm 50mm 60mm Anti Maling,370507670186,Normal Product,,Perlengkapan Rumah,Alat Pengaman,Perangkat Pintu & Gembok,100900,1,Komisi XTRA,,100400,,1.50%,1506,4.00%,4016,5522,1506,4016,5522,,0,0.00%,0,100.00%,5522,Tertunda,Pesanan sedang diproses. Komisi akan dikonfirmasi setelah pesanan selesai.,Pesanan dari Toko yang tidak Dipromosikan,Ada,rakdapur3,,,,,Threads
260528K4RG4EUC,Selesai,233657952227284,2026-05-28 15:59:12,2026-05-31 07:55:48,2026-05-28 12:34:43,Army 86 Official Store,27317642,Shopee Mall(Non-CB),24730103481,Army86 Hunter Sepatu PDL Tactical TNI POLRI Full Kulit Sapi Asli Premium Anti Slip,197502023608,Normal Product,,Sepatu Pria,Boot,Safety Boot,625000,1,Komisi XTRA,,545599,,1.50%,8183.985,1.00%,5455.99,13639.975,8183.985,5455.99,13639.975,,0,0.00%,0,100.00%,13639.975,Selesai,,Pesanan dari Toko yang tidak Dipromosikan,Ada,rakdapur3,,,,,Threads
260528K4RG4EUB,Selesai,233657952227284,2026-05-28 15:59:12,2026-05-31 12:35:45,2026-05-28 12:34:43,Sinar Jaya Kebayoran,175970385,Preferred(Non-CB),14640652728,RINNAI RI-202 S Kompor Gas 2 Tungku Sun Burner,96668696975,Normal Product,,Elektronik,Perangkat Dapur,Kompor & Regulator Gas,360872,1,Komisi Shopee,,317567,,0.50%,1587.835,0.00%,0,1587.835,1587.835,0,1587.835,,0,0.00%,0,100.00%,1587.835,Selesai,,Pesanan dari Toko yang tidak Dipromosikan,Ada,rakdapur3,,,,,Threads
260528K4RG4EUA,Selesai,233657952227284,2026-05-28 15:59:12,2026-05-31 12:35:38,2026-05-28 12:34:43,Jawa Electrik Official Store,26098630,Shopee Mall(Non-CB),13515333321,Winn Gas Regulator gas W900M + Selang Gas - Double Lock System - Garansi 5 Tahun W-900M/W-900-M,223305607537,Normal Product,,Elektronik,Perangkat Dapur,Kompor & Regulator Gas,183150,1,Komisi XTRA,,161171,,0.50%,805.855,0.50%,805.855,1611.71,805.855,805.855,1611.71,,0,0.00%,0,100.00%,1611.71,Selesai,,Pesanan dari Toko yang tidak Dipromosikan,Ada,rakdapur3,,,,,Threads
260528K40T0F3K,Tertunda,233657157275314,2026-05-28 15:46:05,,2026-05-27 20:09:02,Fleco Acc Official Store,405694627,Preferred(Non-CB),24792393344,Kabel Data FLECO F-28 Type C to C Kabel Fast Charging Panjang 1 meter,223905896766,Normal Product,,Handphone & Aksesoris,Aksesoris,"Kabel, Charger, & Konverter",13500,2,Komisi XTRA,,27000,,0.50%,135,4.00%,1080,1215,135,1080,1215,,0,0.00%,0,100.00%,1215,Tertunda,Pesanan sedang diproses. Komisi akan dikonfirmasi setelah pesanan selesai.,Pesanan dari Toko yang tidak Dipromosikan,Ada,WallpaperDindingVinyl,,,,,Facebook
260528K3TFTU1F,Tertunda,233656945270207,2026-05-28 15:42:32,,2026-05-28 13:18:29,YUMI toko resmi,1419158048,Preferred(Non-CB),28189767415,Square rak dapur putih rak kamar mandi rak troli rak susun serbaguna rak dorong 5 tingkat dengan roda,271486262946,Normal Product,,Perlengkapan Rumah,Perlengkapan Dapur,Rak Dapur,47322,1,Komisi Shopee,,34552,,1.50%,518.28,0.00%,0,518.28,518.28,0,518.28,,0,0.00%,0,100.00%,518.28,Tertunda,Pesanan sedang diproses. Komisi akan dikonfirmasi setelah pesanan selesai.,Pesanan dari Toko yang tidak Dipromosikan,Ada,rakdapur3,,,,,Instagram
260528K3T0HTVN,Tertunda,233656929259159,2026-05-28 15:42:10,,2026-05-28 14:22:56,Takako Official Store,190534497,Shopee Mall(Non-CB),3952472161,Takako - Boxer Pria Wanita Dewasa Bahan Katun Motif Printing Variant,27216431320,Normal Product,,Pakaian Pria,Celana Pendek,,37500,1,Komisi XTRA,,31050,,1.50%,465.75,2.50%,776.25,1242,1437.75,2396.25,3834,,0,0.00%,0,100.00%,3834,Tertunda,Pesanan sedang diproses. Komisi akan dikonfirmasi setelah pesanan selesai.,Pesanan dari Toko yang tidak Dipromosikan,Ada,rakdapur3,,,,,Facebook
260528K3T0HTVN,Tertunda,233656929259159,2026-05-28 15:42:10,,2026-05-28 14:22:56,Takako Official Store,190534497,Shopee Mall(Non-CB),3952472161,Takako - Boxer Pria Wanita Dewasa Bahan Katun Motif Printing Variant,111415080906,Normal Product,,Pakaian Pria,Celana Pendek,,37500,1,Komisi XTRA,,31050,,1.50%,465.75,2.50%,776.25,1242,0,0,0,,0,0.00%,0,100.00%,0,Tertunda,Pesanan sedang diproses. Komisi akan dikonfirmasi setelah pesanan selesai.,Pesanan dari Toko yang tidak Dipromosikan,Ada,rakdapur3,,,,,Facebook
260528K3T0HTVN,Tertunda,233656929259159,2026-05-28 15:42:10,,2026-05-28 14:22:56,Takako Official Store,190534497,Shopee Mall(Non-CB),6539538583,Takako - Boxer Pria Wanita Dewasa Bahan Katun Motif Printing Complete Variant,90833544496,Normal Product,,Pakaian Pria,Celana Pendek,,37500,1,Komisi XTRA,,33750,,1.50%,506.25,2.50%,843.75,1350,0,0,0,,0,0.00%,0,100.00%,0,Tertunda,Pesanan sedang diproses. Komisi akan dikonfirmasi setelah pesanan selesai.,Pesanan dari Toko yang tidak Dipromosikan,Ada,rakdapur3,,,,,Facebook
260528K3S7SAM3,Tertunda,233656903287161,2026-05-28 15:41:44,,2026-05-28 08:37:13,Bloomify Official Store,1415093966,Shopee Mall(Non-CB),26572067404,BLOOMIFY Nano Spray Face Mist Botol Portable Sprayer Disinfektan Semprotan Wajah Facial Disinfectant,237215246467,Normal Product,,Perawatan & Kecantikan,Alat Kecantikan,Alat Perawatan Wajah,43361,1,Komisi XTRA,,41192,,1.50%,617.88,4.00%,1647.68,2265.56,617.88,1647.68,2265.56,,0,0.00%,0,100.00%,2265.56,Tertunda,Pesanan sedang diproses. Komisi akan dikonfirmasi setelah pesanan selesai.,Pesanan dari Toko yang tidak Dipromosikan,Ada,rakdapur3,,,,,Instagram
260528K3KX1D7N,Tertunda,233656726297105,2026-05-28 15:39:07,,2026-05-28 15:26:57,Kitchen Stuff EBOX,1389632865,Preferred(Non-CB),49155862236,Blender Chopper 2 Liter  Penggiling Daging Sayur Buah KITCHEN STUFF,370528100512,Normal Product,,Elektronik,Perangkat Dapur,Food Processor & Penggiling Daging,146500,1,Komisi XTRA,,131850,,0.50%,659.25,1.00%,1318.5,1977.75,659.25,1318.5,1977.75,,0,0.00%,0,100.00%,1977.75,Tertunda,Pesanan sedang diproses. Komisi akan dikonfirmasi setelah pesanan selesai.,Pesanan dari Toko yang tidak Dipromosikan,Ada,rakslidingkomen,,,,,Facebook
260528K3CEKAU7,Tertunda,233656474226942,2026-05-28 15:34:34,,2026-05-27 22:27:42,Rumah Sanjai Official,49964479,Preferred(Non-CB),4731430627,"Aneka Bumbu Tumis Khas Minang Cap ETI STR, rendang, soto, sup, cincang, sate, asam pedas, Sambalado, ikan bakar, ayam kecap, Sam",260859326565,Normal Product,,Makanan & Minuman,Kebutuhan Memasak,Bumbu Masak Instan,30800,2,Komisi XTRA,,58520,,1.50%,877.8,3.00%,1755.6,2633.4,877.8,1755.6,2633.4,,0,0.00%,0,100.00%,2633.4,Tertunda,Pesanan sedang diproses. Komisi akan dikonfirmasi setelah pesanan selesai.,Pesanan dari Toko yang tidak Dipromosikan,Ada,rakdapur3,,,,,Instagram
260528K3A0EKJV,Dibatalkan,233656392279159,2026-05-28 15:33:19,--,2026-05-28 14:36:25,Bangunan Abadi Makmur,1071641572,C2C(Non-CB),23855809986,Nippon Elastex Cat Tembok Anti Bocor Waterproof Aquaproof 1 PAIL 20 KG KARGO,285421264962,Normal Product,,Perlengkapan Rumah,Alat Pertukangan & Renovasi Rumah,Cat & Pelapis Dinding,950000,0,Komisi Shopee,,0,950000,0.00%,0,0.00%,0,0,0,0,0,,0,0.00%,0,100.00%,0,Dibatalkan,Pembeli membatalkan pesanan.,Pesanan dari Toko yang tidak Dipromosikan,Ada,rakdapur3,,,,,Facebook
260528K2S7GDUV,Tertunda,233655829258135,2026-05-28 15:23:49,,2026-05-28 14:16:41,valenchstore02,301893072,Preferred(Non-CB),21910232416,RAK PIRING EKONOMI SUSUN 4 / RAK PIRING EKONOMI VALENCHSTORE / RAK PIRING SUSUN 4 / RAK PIRING / RAK DRAGON SUSUN 4,125995872693,Normal Product,,Perlengkapan Rumah,Perlengkapan Dapur,Rak Dapur,116900,2,Komisi Shopee,,210420,,1.50%,3156.3,0.00%,0,3156.3,3156.3,0,3156.3,,0,0.00%,0,100.00%,3156.3,Tertunda,Pesanan sedang diproses. Komisi akan dikonfirmasi setelah pesanan selesai.,Pesanan dari Toko yang tidak Dipromosikan,Ada,rakdapur3,,,,,Facebook
260528K2RKFTEH,Tertunda,233655808261051,2026-05-28 15:23:29,,2026-05-28 15:11:56,DONY STYLE,1689955219,Preferred(Non-CB),55157730709,"Rak Cobek dan Telenan Serbaguna - Desain Multifungsi, Tahan Lama, Praktis",345687164122,Normal Product,,Perlengkapan Rumah,Perlengkapan Dapur,Rak Dapur,14999,1,Komisi XTRA,,11895,,1.50%,178.425,5.00%,594.75,773.175,178.425,594.75,773.175,,0,0.00%,0,100.00%,773.175,Tertunda,Pesanan sedang diproses. Komisi akan dikonfirmasi setelah pesanan selesai.,Pesanan dari Toko yang tidak Dipromosikan,Ada,rakdapur3,,,,,Others
260528K2M1JH2G,Tertunda,233655655250228,2026-05-28 15:20:55,,2026-05-28 14:35:30,Allegiant Store,668086076,Preferred(Non-CB),20793756957,Sepatu Safety Pria Wanita Low Boots Ujung Besi Baja SI13 Kerja Outdoor Model Sneakers Anti Slip,167893513268,Normal Product,,Sepatu Pria,Boot,Safety Boot,261818,1,Komisi XTRA,,235186,,1.50%,3527.79,5.50%,12935.23,16463.02,3527.79,12935.23,16463.02,,0,0.00%,0,100.00%,16463.02,Tertunda,Pesanan sedang diproses. Komisi akan dikonfirmasi setelah pesanan selesai.,Pesanan dari Toko yang tidak Dipromosikan,Ada,rakdapur3,,,,,Instagram
260528K28WSUFQ,Tertunda,233655282200515,2026-05-28 15:14:43,,2026-05-28 11:43:13,healthcare doctor,172245282,Preferred(Non-CB),26653608697,cream penghilang flek hitam salep melasma flek hitam membandel 50g cream flek dan kusam Bintik Penghapusan Whitening Cream Makeu,256076361257,Normal Product,,Perawatan & Kecantikan,Perawatan Wajah,Pelembab Wajah,19900,1,Komisi XTRA,,19900,,1.50%,298.5,3.00%,597,895.5,298.5,597,895.5,,0,0.00%,0,100.00%,895.5,Tertunda,Pesanan sedang diproses. Komisi akan dikonfirmasi setelah pesanan selesai.,Pesanan dari Toko yang tidak Dipromosikan,Ada,rakdapur3,,,,,Facebook
260528K1XG1AY0,Tertunda,233654932225498,2026-05-28 15:08:52,,2026-05-28 14:34:24,BeautyLiner,377001007,C2C(Non-CB),29490308598,POPFEEL PF-01 40 color Matte Eyeshadow Palatte shimmer ORI!,291195749680,Normal Product,,Perawatan & Kecantikan,Kosmetik,Kosmetik Mata,32800,1,Komisi Shopee,,31049,,0.00%,0,0.00%,0,0,0,0,0,,0,0.00%,0,100.00%,0,Tertunda,Pesanan sedang diproses. Komisi akan dikonfirmasi setelah pesanan selesai.,Pesanan dari Toko yang tidak Dipromosikan,Ada,rakdapur3,,,,,Instagram
260528K1XG1AXY,Tertunda,233654932225498,2026-05-28 15:08:52,,2026-05-28 14:34:24,Eason balon,574901756,Preferred(Non-CB),29513550218,isi 100 kawat bulu / Pipe cleaner / bulu mercy,260571328357,Normal Product,,Ibu & Bayi,Mainan,Mainan Edukatif,12999,2,Komisi XTRA,,25906,,1.50%,388.59,1.50%,388.59,777.18,1225.53,1225.53,2451.06,,0,0.00%,0,100.00%,2451.06,Tertunda,Pesanan sedang diproses. Komisi akan dikonfirmasi setelah pesanan selesai.,Pesanan dari Toko yang tidak Dipromosikan,Ada,rakdapur3,,,,,Instagram
260528K1XG1AXY,Tertunda,233654932225498,2026-05-28 15:08:52,,2026-05-28 14:34:24,Eason balon,574901756,Preferred(Non-CB),25209809662,1 meter Lampu tumblr Tirai / tumblr lamp tirai / lampu LED Tirai balon ulang tahun,240930570583,Normal Product,,Perlengkapan Rumah,Lampu,,1999,2,Komisi XTRA,,3984,,1.50%,59.76,1.50%,59.76,119.52,0,0,0,,0,0.00%,0,100.00%,0,Tertunda,Pesanan sedang diproses. Komisi akan dikonfirmasi setelah pesanan selesai.,Pesanan dari Toko yang tidak Dipromosikan,Ada,rakdapur3,,,,,Instagram
260528K1XG1AXY,Tertunda,233654932225498,2026-05-28 15:08:52,,2026-05-28 14:34:24,Eason balon,574901756,Preferred(Non-CB),29513550218,isi 100 kawat bulu / Pipe cleaner / bulu mercy,233302848859,Normal Product,,Ibu & Bayi,Mainan,Mainan Edukatif,12999,1,Komisi XTRA,,12953,,1.50%,194.295,1.50%,194.295,388.59,0,0,0,,0,0.00%,0,100.00%,0,Tertunda,Pesanan sedang diproses. Komisi akan dikonfirmasi setelah pesanan selesai.,Pesanan dari Toko yang tidak Dipromosikan,Ada,rakdapur3,,,,,Instagram
260528K1XG1AXY,Tertunda,233654932225498,2026-05-28 15:08:52,,2026-05-28 14:34:24,Eason balon,574901756,Preferred(Non-CB),29513550218,isi 100 kawat bulu / Pipe cleaner / bulu mercy,233302848865,Normal Product,,Ibu & Bayi,Mainan,Mainan Edukatif,12999,1,Komisi XTRA,,12953,,1.50%,194.295,1.50%,194.295,388.59,0,0,0,,0,0.00%,0,100.00%,0,Tertunda,Pesanan sedang diproses. Komisi akan dikonfirmasi setelah pesanan selesai.,Pesanan dari Toko yang tidak Dipromosikan,Ada,rakdapur3,,,,,Instagram
260528K1XG1AXY,Tertunda,233654932225498,2026-05-28 15:08:52,,2026-05-28 14:34:24,Eason balon,574901756,Preferred(Non-CB),29513550218,isi 100 kawat bulu / Pipe cleaner / bulu mercy,233302848866,Normal Product,,Ibu & Bayi,Mainan,Mainan Edukatif,12999,1,Komisi XTRA,,12953,,1.50%,194.295,1.50%,194.295,388.59,0,0,0,,0,0.00%,0,100.00%,0,Tertunda,Pesanan sedang diproses. Komisi akan dikonfirmasi setelah pesanan selesai.,Pesanan dari Toko yang tidak Dipromosikan,Ada,rakdapur3,,,,,Instagram
260528K1XG1AXY,Tertunda,233654932225498,2026-05-28 15:08:52,,2026-05-28 14:34:24,Eason balon,574901756,Preferred(Non-CB),29513550218,isi 100 kawat bulu / Pipe cleaner / bulu mercy,260571328356,Normal Product,,Ibu & Bayi,Mainan,Mainan Edukatif,12999,1,Komisi XTRA,,12953,,1.50%,194.295,1.50%,194.295,388.59,0,0,0,,0,0.00%,0,100.00%,0,Tertunda,Pesanan sedang diproses. Komisi akan dikonfirmasi setelah pesanan selesai.,Pesanan dari Toko yang tidak Dipromosikan,Ada,rakdapur3,,,,,Instagram
260528K1XG1AXX,Tertunda,233654932225498,2026-05-28 15:08:52,,2026-05-28 14:34:24,Uniqone,97793347,C2C(Non-CB),1974569418,"Floral Tape 20 Yard / Selotip Bunga / Tape Bunga / Flower Tape (1,2 cm)",77585912090,Normal Product,,Buku & Alat Tulis,Perlengkapan Sekolah & Kantor,Tali & Selotip,4300,1,Komisi Shopee,,4286,,0.00%,0,0.00%,0,0,0,0,0,,0,0.00%,0,100.00%,0,Tertunda,Pesanan sedang diproses. Komisi akan dikonfirmasi setelah pesanan selesai.,Pesanan dari Toko yang tidak Dipromosikan,Ada,rakdapur3,,,,,Instagram
260528K1XG1AXX,Tertunda,233654932225498,2026-05-28 15:08:52,,2026-05-28 14:34:24,Uniqone,97793347,C2C(Non-CB),1974569418,"Floral Tape 20 Yard / Selotip Bunga / Tape Bunga / Flower Tape (1,2 cm)",77585912094,Normal Product,,Buku & Alat Tulis,Perlengkapan Sekolah & Kantor,Tali & Selotip,4300,1,Komisi Shopee,,4285,,0.00%,0,0.00%,0,0,0,0,0,,0,0.00%,0,100.00%,0,Tertunda,Pesanan sedang diproses. Komisi akan dikonfirmasi setelah pesanan selesai.,Pesanan dari Toko yang tidak Dipromosikan,Ada,rakdapur3,,,,,Instagram
260528K1XG1AXX,Tertunda,233654932225498,2026-05-28 15:08:52,,2026-05-28 14:34:24,Uniqone,97793347,C2C(Non-CB),6519394490,30 pcs Kawat Tangkai Bunga / Kawat Batang Bunga / Kawat Bunga / Kawat Batang Lilin / Kawat Hijau,296228903192,Normal Product,,Perlengkapan Rumah,Dekorasi,Bunga,4950,4,Komisi Shopee,,19730,,0.00%,0,0.00%,0,0,0,0,0,,0,0.00%,0,100.00%,0,Tertunda,Pesanan sedang diproses. Komisi akan dikonfirmasi setelah pesanan selesai.,Pesanan dari Toko yang tidak Dipromosikan,Ada,rakdapur3,,,,,Instagram
260528K1HWMQDS,Tertunda,233654510282674,2026-05-28 15:01:51,,2026-05-26 11:37:58,Jiayoule Mall,1130933948,Preferred(Non-CB),57755654633,Jaring Paranet 99% Anti UV Kuning Kepadatan Tinggi  Manual Tilt Tahan Lama Ntuk 4-30 Meter Persegi,380512584322,Normal Product,,Perlengkapan Rumah,Alat Pertukangan & Renovasi Rumah,Tenda & Terpal,192059,2,Komisi XTRA,,293850,,1.50%,4407.75,6.50%,19100.25,23508,4407.75,19100.25,23508,,0,0.00%,0,100.00%,23508,Tertunda,Pesanan sedang diproses. Komisi akan dikonfirmasi setelah pesanan selesai.,Pesanan dari Toko yang tidak Dipromosikan,Ada,rakdapur3,,,,,Instagram
260528K1AUKFQY,Tertunda,233654273261676,2026-05-28 14:57:53,,2026-05-28 14:51:11,mdika.store,882589494,Preferred(Non-CB),57802956906,TURBAN BAYI PEREMPUAN MOTIF KUPU-KUPU 0-1 TAHUN KNITE RIB PREMIUM,128450573711,Normal Product,,Fashion Bayi & Anak,Aksesoris Bayi & Anak,Aksesoris Rambut,17500,1,Komisi XTRA,,17500,,1.50%,262.5,3.50%,612.5,875,262.5,612.5,875,,0,0.00%,0,100.00%,875,Tertunda,Pesanan sedang diproses. Komisi akan dikonfirmasi setelah pesanan selesai.,Pesanan dari Toko yang tidak Dipromosikan,Ada,rakdapur3,,,,,Others
260528K0NS9T0W,Selesai,233653566206837,2026-05-28 14:46:06,2026-05-31 17:41:45,2026-05-28 14:41:55,RENELLE,1192986729,C2C(Non-CB),42152106531,RENELLE Baju Kaos Oversize Pria | Logo Kecil Trendi Huruf Putih | Kaos Pria Distro Original | Baju Kaos Pria | Kaos Cowok Distro,139375054186,Normal Product,,Pakaian Pria,Atasan,Kaos,69000,1,Komisi XTRA,,62100,,0.00%,0,2.50%,1552.5,1552.5,0,3127.5,3127.5,,0,0.00%,0,100.00%,3127.5,Selesai,,Pesanan dari Toko yang tidak Dipromosikan,Ada,rakdapur3,,,,,Instagram
260528K0NS9T0W,Selesai,233653566206837,2026-05-28 14:46:06,2026-05-31 17:41:45,2026-05-28 14:41:55,RENELLE,1192986729,C2C(Non-CB),43203315254,RENELLE T Shirt baju oversize pria premium Kaos pola T-Shirt Pria Kaos Cowok Distro Original 100% | Kaos khaki Pria Wanita Kekin,206107274858,Normal Product,,Pakaian Pria,Atasan,Kaos,70000,1,Komisi XTRA,,63000,,0.00%,0,2.50%,1575,1575,0,0,0,,0,0.00%,0,100.00%,0,Selesai,,Pesanan dari Toko yang tidak Dipromosikan,Ada,rakdapur3,,,,,Instagram
260528K0BK6ET6,Tertunda,233653224260357,2026-05-28 14:40:24,,2026-05-28 14:18:06,ToolVerveShop,1485059088,Preferred(Non-CB),29833549317,7M/6M 5in1 Tongkat Panjang Untuk Petik Buah metal fruit picker Alat Petik Buah Tongkat Pemetik Buah Teleskopik 6Meter Tiang Tele,118658669692,Normal Product,,Perlengkapan Rumah,Taman,Peralatan Berkebun,154900,1,Komisi XTRA,,138910,,1.50%,2083.65,0.50%,694.55,2778.2,2083.65,694.55,2778.2,,0,0.00%,0,100.00%,2778.2,Tertunda,Pesanan sedang diproses. Komisi akan dikonfirmasi setelah pesanan selesai.,Pesanan dari Toko yang tidak Dipromosikan,Ada,rakdapur3,,,,,Facebook
260528JYY5GVFJ,Tertunda,233652860210237,2026-05-28 14:33:34,,2026-05-28 14:18:30,Lucky Star Plastic Official,40499293,Preferred(Non-CB),22112097375,Lucky Star - TEMPAT SENDOK HANDLE FELICIA JUMBO / PERLENGKAPAN DAPUR + SENDOK NASI NEO,147070780796,Normal Product,,Perlengkapan Rumah,Perlengkapan Dapur,Perlengkapan Dapur Lainnya,61405,1,Komisi XTRA,,58334,,1.50%,875.01,3.00%,1750.02,2625.03,875.01,1750.02,2625.03,,0,0.00%,0,100.00%,2625.03,Tertunda,Pesanan sedang diproses. Komisi akan dikonfirmasi setelah pesanan selesai.,Pesanan dari Toko yang tidak Dipromosikan,Ada,rakdapur3,,,,,Facebook
260528JYPEYN4P,Tertunda,233652515204589,2026-05-28 14:28:35,,2026-05-28 14:07:41,UNITWO Home Official,1202879812,Shopee Mall(Non-CB),27053660426,"UNITWO [BED COVER+SPREI SET] Bed Cover Set Dengan Sprei Set, Sarung Bantal dan Sarung Guling Full Pressing Karet Keliling Lembut",251080038226,Normal Product,,Perlengkapan Rumah,Kamar Tidur,"Sprei, Sarung Bantal, & Sarung Guling",189905,1,Komisi Shopee,,161914,,1.50%,2428.71,0.00%,0,2428.71,2428.71,0,2428.71,,0,0.00%,0,100.00%,2428.71,Tertunda,Pesanan sedang diproses. Komisi akan dikonfirmasi setelah pesanan selesai.,Pesanan dari Toko yang tidak Dipromosikan,Ada,rakdapur3,,,,,Websites
260528JYHQBBK2,Tertunda,233652356207429,2026-05-28 14:25:56,,2026-05-28 14:07:19,MAXRO Official Store,574221239,Shopee Mall(Non-CB),15512529291,Maxro - Mop / Pel Lantai Karet / Pel lantai peras / Pel Spons / Sponge,222780160873,Normal Product,,Perlengkapan Rumah,Perawatan Rumah,Kain Pel,36900,1,Komisi XTRA,,31583,,1.50%,473.745,2.50%,789.575,1263.32,473.745,789.575,1263.32,,0,0.00%,0,100.00%,1263.32,Tertunda,Pesanan sedang diproses. Komisi akan dikonfirmasi setelah pesanan selesai.,Pesanan dari Toko yang tidak Dipromosikan,Ada,rakdapur3,,,,,Facebook
260528JYESXWYM,Selesai,233652258276537,2026-05-28 14:24:25,2026-05-30 14:09:55,2026-05-27 17:26:57,Infarm.id Official Shop,93053250,Shopee Mall(Non-CB),23226887067,INFARM - Pupuk Organik Guano 1000 gram 1kg Pupuk Penyubur Tanah Organik Pupuk Alami Penyubur Tanah Kaya Unsur Hara NPK Organik u,203919498040,Normal Product,,Perlengkapan Rumah,Taman,Pupuk,38000,1,Komisi XTRA,,30400,,1.50%,456,2.50%,760,1216,456,760,1216,,0,0.00%,0,100.00%,1216,Selesai,,Pesanan dari Toko yang tidak Dipromosikan,Ada,rakdapur3,,,,,Instagram
260528JYE05SP7,Tertunda,233652231235001,2026-05-28 14:23:51,,2026-05-28 14:23:46,PIOnurrahman,1517207829,Preferred(Non-CB),42452991055,GOSLAP Pembersih Kulkas dan Kompor Cairan serbaguna 250ml Anti Bakteri untuk Bagian Dalam dan Luar,305246595240,Normal Product,,Perlengkapan Rumah,Perawatan Rumah,Pembersih,10900,1,Komisi XTRA,,10900,,1.50%,163.5,4.00%,436,599.5,163.5,436,599.5,,0,0.00%,0,100.00%,599.5,Tertunda,Pesanan sedang diproses. Komisi akan dikonfirmasi setelah pesanan selesai.,Pesanan dari Toko yang tidak Dipromosikan,Ada,rakdapur3,,,,,Others
260528JY9YCQR5,Tertunda,233652096207870,2026-05-28 14:21:37,,2026-05-28 14:17:57,STEEL GREESANDA,83592247,C2C(Non-CB),29134976054,Rak Ambalan Gantung Besi 3 Susun  Panjang 30 Cm  Penyimpanan Rak Gantung Serbaguna ambalan kamar warung jajanan ringan,297559291159,Normal Product,,Perlengkapan Rumah,Furniture,Rak & Rak Gantung,23999,1,Komisi XTRA,,22999,,0.00%,0,1.50%,344.985,344.985,0,344.985,344.985,,0,0.00%,0,100.00%,344.985,Tertunda,Pesanan sedang diproses. Komisi akan dikonfirmasi setelah pesanan selesai.,Pesanan dari Toko yang tidak Dipromosikan,Ada,rakdapur3,,,,,Others
260528JXTYSDT4,Tertunda,233651594294824,2026-05-28 14:13:35,,2026-05-28 12:47:04,Jhob Sport,861825064,Preferred(Non-CB),17599675497,Shot Wanita Zumba/shot Yoga wanita /sot Pilates/sot Senam/Olahraga,157135460441,Normal Product,,Olahraga & Outdoor,Pakaian Olahraga & Aktivitas Outdoor,Bawahan Olahraga,39999,1,Komisi XTRA,,39999,,1.50%,599.985,5.00%,1999.95,2599.935,2849.985,9499.95,12349.935,,0,0.00%,0,100.00%,12349.935,Tertunda,Pesanan sedang diproses. Komisi akan dikonfirmasi setelah pesanan selesai.,Pesanan dari Toko yang tidak Dipromosikan,Ada,rakdapur3,,,,,Facebook
260528JXTYSDT4,Tertunda,233651594294824,2026-05-28 14:13:35,,2026-05-28 12:47:04,Jhob Sport,861825064,Preferred(Non-CB),27015467489,150 JHOB SPORT Celana Legging Flare Yoga Sport Gym Celana Cutbray Basic Wide Leg Highwaist Yoga Flare Pants,119332121377,Normal Product,,Olahraga & Outdoor,Pakaian Olahraga & Aktivitas Outdoor,Bawahan Olahraga,75000,1,Komisi XTRA,,75000,,1.50%,1125,5.00%,3750,4875,0,0,0,,0,0.00%,0,100.00%,0,Tertunda,Pesanan sedang diproses. Komisi akan dikonfirmasi setelah pesanan selesai.,Pesanan dari Toko yang tidak Dipromosikan,Ada,rakdapur3,,,,,Facebook
260528JXTYSDT4,Tertunda,233651594294824,2026-05-28 14:13:35,,2026-05-28 12:47:04,Jhob Sport,861825064,Preferred(Non-CB),27015467489,150 JHOB SPORT Celana Legging Flare Yoga Sport Gym Celana Cutbray Basic Wide Leg Highwaist Yoga Flare Pants,233707366468,Normal Product,,Olahraga & Outdoor,Pakaian Olahraga & Aktivitas Outdoor,Bawahan Olahraga,75000,1,Komisi XTRA,,75000,,1.50%,1125,5.00%,3750,4875,0,0,0,,0,0.00%,0,100.00%,0,Tertunda,Pesanan sedang diproses. Komisi akan dikonfirmasi setelah pesanan selesai.,Pesanan dari Toko yang tidak Dipromosikan,Ada,rakdapur3,,,,,Facebook
260528JXTYSDT3,Tertunda,233651594294824,2026-05-28 14:13:35,,2026-05-28 12:47:04,TIGOSPORT,319635900,Preferred(Non-CB),41553032112,[ MOA SERIES ] BAJU OLAHRAGA WANITA BAJU BADMINTON PEREMPUAN WANITA LENGAN PENDEK | BADMINTON OUTFIT FEMALE,248477786088,Normal Product,,Olahraga & Outdoor,Pakaian Olahraga & Aktivitas Outdoor,Atasan Olahraga,49500,1,Komisi XTRA,,42502,,1.50%,637.53,2.50%,1062.55,1700.08,2802.6,5179.77,7982.37,,0,0.00%,0,100.00%,7982.37,Tertunda,Pesanan sedang diproses. Komisi akan dikonfirmasi setelah pesanan selesai.,Pesanan dari Toko yang tidak Dipromosikan,Ada,rakdapur3,,,,,Facebook
260528JXTYSDT3,Tertunda,233651594294824,2026-05-28 14:13:35,,2026-05-28 12:47:04,TIGOSPORT,319635900,Preferred(Non-CB),5177890442,"[ BAJU KEATON POLOS ] RUNNING, GYM, SENAM, FUTSAL, BADMINTON, VOLLY",176488550207,Normal Product,,Olahraga & Outdoor,Pakaian Olahraga & Aktivitas Outdoor,Jersey,39500,1,Komisi XTRA,,33918,,1.50%,508.77,4.00%,1356.72,1865.49,0,0,0,,0,0.00%,0,100.00%,0,Tertunda,Pesanan sedang diproses. Komisi akan dikonfirmasi setelah pesanan selesai.,Pesanan dari Toko yang tidak Dipromosikan,Ada,rakdapur3,,,,,Facebook
260528JXTYSDT3,Tertunda,233651594294824,2026-05-28 14:13:35,,2026-05-28 12:47:04,TIGOSPORT,319635900,Preferred(Non-CB),26234392132,[ CTK VOLLY ] CELANA OLAHRAGA VOLLY PENDEK PRIA WANITA  BAHAN LOTTO PREMIUM NYAMAN HARGA TERMURAH,147810695260,Normal Product,,Pakaian Pria,Celana Pendek,,39500,1,Komisi XTRA,,33918,,1.50%,508.77,2.50%,847.95,1356.72,0,0,0,,0,0.00%,0,100.00%,0,Tertunda,Pesanan sedang diproses. Komisi akan dikonfirmasi setelah pesanan selesai.,Pesanan dari Toko yang tidak Dipromosikan,Ada,rakdapur3,,,,,Facebook
260528JXTYSDT3,Tertunda,233651594294824,2026-05-28 14:13:35,,2026-05-28 12:47:04,TIGOSPORT,319635900,Preferred(Non-CB),27026634283,[ MOA ] BAJU OLAHRAGA CEWE KAOS RUNNING JERSEY GYM BAJU SPORT WANITA  BAJU OLAHRAGA RUNNING SENAM GYM YOGA WANITA,242670132094,Normal Product,,Olahraga & Outdoor,Pakaian Olahraga & Aktivitas Outdoor,Jersey,44550,1,Komisi XTRA,,38251,,1.50%,573.765,2.50%,956.275,1530.04,0,0,0,,0,0.00%,0,100.00%,0,Tertunda,Pesanan sedang diproses. Komisi akan dikonfirmasi setelah pesanan selesai.,Pesanan dari Toko yang tidak Dipromosikan,Ada,rakdapur3,,,,,Facebook
260528JXTYSDT3,Tertunda,233651594294824,2026-05-28 14:13:35,,2026-05-28 12:47:04,TIGOSPORT,319635900,Preferred(Non-CB),27274725565,JERSEY RUNNING DRY FIT BAHAN PREMIUM BAJU OLAHRAGA LARI WANITA KAOS GYM PAKAIAN SPORT LENGAN PENDEK CEWEK,129350022708,Normal Product,,Olahraga & Outdoor,Pakaian Olahraga & Aktivitas Outdoor,Jersey,44550,1,Komisi XTRA,,38251,,1.50%,573.765,2.50%,956.275,1530.04,0,0,0,,0,0.00%,0,100.00%,0,Tertunda,Pesanan sedang diproses. Komisi akan dikonfirmasi setelah pesanan selesai.,Pesanan dari Toko yang tidak Dipromosikan,Ada,rakdapur3,,,,,Facebook
260528JXDV4NEC,Tertunda,233651153260884,2026-05-28 14:05:53,,2026-05-26 20:20:52,Finest Supplement Official Store,1080077767,Shopee Mall(Non-CB),29471083931,Herwell Herslim Minuman Sereal Coklat Meal Replacement Rendah Kalori (20 sachet),89774177805,Normal Product,,Kesehatan,Suplemen Makanan,Diet & Detoks,268500,1,Komisi Shopee,,228225,,1.50%,3423.375,0.00%,0,3423.375,3423.375,0,3423.375,,0,0.00%,0,100.00%,3423.375,Tertunda,Pesanan sedang diproses. Komisi akan dikonfirmasi setelah pesanan selesai.,Pesanan dari Toko yang tidak Dipromosikan,Ada,WallpaperDindingVinyl,,,,,Instagram
260528JWFDDQPW,Tertunda,233650131205685,2026-05-28 13:48:52,,2026-05-28 13:28:01,Qillashop.Branded,80386271,Preferred(Non-CB),28661122501,SIAP KIRIMM Celana Polos Cutbray Wanita!!KAMIS MALAM28/5,330982384114,Normal Product,,Pakaian Wanita,Celana Panjang & Legging,Celana Panjang,100999,1,Komisi Shopee,,80799,,1.50%,1211.985,0.00%,0,1211.985,1211.985,0,1211.985,,0,0.00%,0,100.00%,1211.985,Tertunda,Pesanan sedang diproses. Komisi akan dikonfirmasi setelah pesanan selesai.,Pesanan dari Toko yang tidak Dipromosikan,Ada,rakdapur3,,,,,Instagram
260528JWAQQRD4,Tertunda,233649974244174,2026-05-28 13:46:18,,2026-05-28 11:45:11,COMFORT LIFE ,1376901907,Preferred(Non-CB),53207265154,Mesin Jahit Portable 202 Mini Portable,365646259870,Normal Product,,Elektronik,Peralatan Listrik Kecil,Mesin Jahit & Aksesoris,103400,1,Komisi XTRA,,70926,,0.50%,354.63,0.50%,354.63,709.26,354.63,354.63,709.26,,0,0.00%,0,100.00%,709.26,Tertunda,Pesanan sedang diproses. Komisi akan dikonfirmasi setelah pesanan selesai.,Pesanan dari Toko yang tidak Dipromosikan,Ada,rakdapur3,,,,,Facebook
260528JVARENN6,Tertunda,233648901252531,2026-05-28 13:28:22,,2026-05-28 13:23:53,Abadijayakosmetik,67078140,Preferred(Non-CB),1270032439,TONER MAXI-FEEL / Maxipel,52502717693,Normal Product,,Perawatan & Kecantikan,Perawatan Wajah,Toner,40000,2,Komisi Shopee,,76000,,1.50%,1140,0.00%,0,1140,1140,0,1140,,0,0.00%,0,100.00%,1140,Tertunda,Pesanan sedang diproses. Komisi akan dikonfirmasi setelah pesanan selesai.,Pesanan dari Toko yang tidak Dipromosikan,Ada,rakdapur3,,,,,Instagram
260528JUSM24S2,Tertunda,233648326220826,2026-05-28 13:18:46,,2026-05-28 10:27:17,Satelit Konveksi,98216018,Preferred(Non-CB),55301064627,CELEMEK SPPG BGN ANTI AIR DAN MINYAK PENUTUP KEPALA SPPG BGN BADAN GIZI NASIONAL BAHAN TASLAN ANTI AIR TIDAK MUDAH KOTOR PREMIUM,380096909594,Normal Product,,Perlengkapan Rumah,Perlengkapan Dapur,Celemek & Pelindung Tangan,16000,50,Komisi Shopee,,679500,,1.50%,10000,0.00%,0,10000,10000,0,10000,,0,0.00%,0,100.00%,10000,Tertunda,Pesanan sedang diproses. Komisi akan dikonfirmasi setelah pesanan selesai.,Pesanan dari Toko yang tidak Dipromosikan,Ada,rakdapur3,,,,,Instagram
260528JUPRJDWN,Tertunda,233648230280260,2026-05-28 13:17:11,,2026-05-28 04:53:14,Elbuza.id,1729556965,Preferred(Non-CB),45505101088,PROMO PAKET 100 RIBU DAPAT CELANA 7 PCS TRAINING JOGGER MIZUNO PRIA WANITA UNISEX DEWASA OLAHRAGA,287354248307,Normal Product,,Olahraga & Outdoor,Pakaian Olahraga & Aktivitas Outdoor,Bawahan Olahraga,99000,1,Komisi XTRA,,93100,,1.50%,1396.5,4.50%,4189.5,5586,1396.5,4189.5,5586,,0,0.00%,0,100.00%,5586,Tertunda,Pesanan sedang diproses. Komisi akan dikonfirmasi setelah pesanan selesai.,Pesanan dari Toko yang tidak Dipromosikan,Ada,rakdapur3,,,,,Facebook
260528JUMHXTGS,Selesai,233648156241052,2026-05-28 13:16:00,2026-05-31 10:55:32,2026-05-28 10:30:27,NURUL_GALLERY,1065394387,C2C(Non-CB),48257685317,GULA SJP KEMASAN 800 GRAM,420963917166,Normal Product,,Makanan & Minuman,Kebutuhan Memasak,Gula,18900,1,Komisi XTRA,,15120,,0.00%,0,2.00%,302.4,302.4,0,302.4,302.4,,0,0.00%,0,100.00%,302.4,Selesai,,Pesanan dari Toko yang tidak Dipromosikan,Ada,rakdapur3,,,,,Facebook
260528JTY1DWY5,Tertunda,233647434276671,2026-05-28 13:04:01,,2026-05-28 12:27:21,Segelo,282089030,Preferred(Non-CB),40678943832,Rak Aqua Botol Tempat Aqua Glas Tempat Tisu untuk ruang tamu bahan besi Minimalise,272424820423,Normal Product,,Perlengkapan Rumah,Organizer Rumah,Tempat Tisu,67000,1,Komisi XTRA,,61500,,1.50%,922.5,2.50%,1537.5,2460,922.5,1537.5,2460,,0,0.00%,0,100.00%,2460,Tertunda,Pesanan sedang diproses. Komisi akan dikonfirmasi setelah pesanan selesai.,Pesanan dari Toko yang tidak Dipromosikan,Ada,rakdapur3,,,,,Facebook
260528JTU3GJDH,Tertunda,233647302239464,2026-05-28 13:01:42,,2026-05-28 12:45:08,HanyaBeli,193099445,Preferred(Non-CB),24895365720,Rak Bawang Rak Bumbu Rak Keranjang Tempel Dinding Rak Dapur Anti karat,275211248729,Normal Product,,Perlengkapan Rumah,Perlengkapan Dapur,Rak Dapur,51888,1,Komisi XTRA,,39242,,1.50%,588.63,1.00%,392.42,981.05,588.63,392.42,981.05,,0,0.00%,0,100.00%,981.05,Tertunda,Pesanan sedang diproses. Komisi akan dikonfirmasi setelah pesanan selesai.,Pesanan dari Toko yang tidak Dipromosikan,Ada,rakdapur3,,,,,Others
260528JT4R9RVW,Selesai,233646552287503,2026-05-28 12:49:13,2026-05-31 10:37:32,2026-05-28 12:42:45,BEAUTY.ORIGINAL,1533080078,Preferred(Non-CB),53952828825,LSG Salep Flek Cream Siang Malam Day Cream Lsg Sunscreen Ampuh Menghilangkan Flek,445273684182,Normal Product,,Perawatan & Kecantikan,Perawatan Wajah,Pelembab Wajah,15216,1,Komisi XTRA,,15216,,1.50%,228.24,5.00%,760.8,989.04,228.24,760.8,989.04,,0,0.00%,0,100.00%,989.04,Selesai,,Pesanan dari Toko yang tidak Dipromosikan,Ada,rakdapur3,,,,,Others
260528JSU915P4,Tertunda,233646234286939,2026-05-28 12:43:55,,2026-05-28 12:38:53,Suka living,1480196515,Preferred(Non-CB),28692170071,"COD-Penahan Pintu & Bantalan Pelindung: Karet Silikon untuk Pintu, Dinding, Lemari 1PCS",228126355836,Normal Product,,Perlengkapan Rumah,Furniture,Penahan Pintu,2950,10,Komisi XTRA,,28025,,1.50%,420.375,6.50%,1821.625,2242,420.375,1821.625,2242,,0,0.00%,0,100.00%,2242,Tertunda,Pesanan sedang diproses. Komisi akan dikonfirmasi setelah pesanan selesai.,Pesanan dari Toko yang tidak Dipromosikan,Ada,rakdapur3,,,,,Facebook
260528JSU915P3,Selesai,233646234286939,2026-05-28 12:43:55,2026-05-31 13:41:29,2026-05-28 12:38:53,chachaolshopp,14002696,Preferred(Non-CB),12499169374,Roda Lemari Portable Roda kulkas/Tatakan mesin cuci /Tatakan kulkas/Kaki kulkas,225616248869,Normal Product,,Elektronik,Peralatan Listrik Besar,Mesin Cuci & Pengering,56900,1,Komisi XTRA,,53105,,0.50%,265.525,2.00%,1062.1,1327.625,265.525,1062.1,1327.625,,0,0.00%,0,100.00%,1327.625,Selesai,,Pesanan dari Toko yang tidak Dipromosikan,Ada,rakdapur3,,,,,Facebook
260528JS63X85H,Tertunda,233645525297985,2026-05-28 12:32:26,,2026-05-27 17:03:36,dafabisnis,181994770,C2C(Non-CB),23579748832,KASET VCD DVD MP3 TEMBANG KENANGAN KERETA SENJA,167852686747,Normal Product,,Hobi & Koleksi,"CD, DVD & Bluray",,15000,1,Komisi XTRA,,15000,,0.00%,0,3.00%,450,450,0,450,450,,0,0.00%,0,100.00%,450,Tertunda,Pesanan sedang diproses. Komisi akan dikonfirmasi setelah pesanan selesai.,Pesanan dari Toko yang tidak Dipromosikan,Ada,rakdapur3,,,,,Instagram
260528JRSTY08A,Tertunda,233645112237632,2026-05-28 12:25:12,,2026-05-28 12:02:43,DOUBLE FORTUNE,145157471,C2C(Non-CB),28505818820,KONGBAP SHIRATAKI MULTI GRAIN MIX FOR RICE 25gr ISI 6,241989434834,Normal Product,,Makanan & Minuman,Bahan Pokok,Beras,12950,3,Komisi Shopee,,34965,,0.00%,0,0.00%,0,0,0,0,0,,0,0.00%,0,100.00%,0,Tertunda,Pesanan sedang diproses. Komisi akan dikonfirmasi setelah pesanan selesai.,Pesanan dari Toko yang tidak Dipromosikan,Ada,rakdapur3,,,,,Others
260528JRSTY08A,Tertunda,233645112237632,2026-05-28 12:25:12,,2026-05-28 12:02:43,DOUBLE FORTUNE,145157471,C2C(Non-CB),28505818820,KONGBAP SHIRATAKI MULTI GRAIN MIX FOR RICE 25gr ISI 6,241989434835,Normal Product,,Makanan & Minuman,Bahan Pokok,Beras,12950,3,Komisi Shopee,,34965,,0.00%,0,0.00%,0,0,0,0,0,,0,0.00%,0,100.00%,0,Tertunda,Pesanan sedang diproses. Komisi akan dikonfirmasi setelah pesanan selesai.,Pesanan dari Toko yang tidak Dipromosikan,Ada,rakdapur3,,,,,Others
260528JRSTY08A,Tertunda,233645112237632,2026-05-28 12:25:12,,2026-05-28 12:02:43,DOUBLE FORTUNE,145157471,C2C(Non-CB),28505818820,KONGBAP SHIRATAKI MULTI GRAIN MIX FOR RICE 25gr ISI 6,241989434836,Normal Product,,Makanan & Minuman,Bahan Pokok,Beras,12950,3,Komisi Shopee,,34965,,0.00%,0,0.00%,0,0,0,0,0,,0,0.00%,0,100.00%,0,Tertunda,Pesanan sedang diproses. Komisi akan dikonfirmasi setelah pesanan selesai.,Pesanan dari Toko yang tidak Dipromosikan,Ada,rakdapur3,,,,,Others
260528JRSTY089,Tertunda,233645112237632,2026-05-28 12:25:12,,2026-05-28 12:02:43,GadFan99,325825890,Preferred(Non-CB),24755696256,Kongbap Multigrain mix Beras Sehat Korea Halal 150 gr (6pcs x 25gr),232414318101,Normal Product,,Makanan & Minuman,Bahan Pokok,Beras,14400,3,Komisi Shopee,,43200,,1.50%,648,0.00%,0,648,648,0,648,,0,0.00%,0,100.00%,648,Tertunda,Pesanan sedang diproses. Komisi akan dikonfirmasi setelah pesanan selesai.,Pesanan dari Toko yang tidak Dipromosikan,Ada,rakdapur3,,,,,Others
260528JRB0YPJD,Tertunda,233644615233541,2026-05-28 12:16:55,,2026-05-27 19:18:48,Oriani Official,15091287,Preferred(Non-CB),40908718692,Set Tania Setelan JUMBO SIZE Celana LD 120 LD 130 LD 140 BuMiL Freindly Oriani Julia OneSet Baju Tidur Nyaman Adem,360969417553,Normal Product,,Pakaian Wanita,Set,Set Wanita,115500,1,Komisi Shopee,,107986,,1.50%,1619.79,0.00%,0,1619.79,1619.79,0,1619.79,,0,0.00%,0,100.00%,1619.79,Tertunda,Pesanan sedang diproses. Komisi akan dikonfirmasi setelah pesanan selesai.,Pesanan dari Toko yang tidak Dipromosikan,Ada,Onesetanak,,,,,Facebook
260528JR5KCPRU,Tertunda,233644433201468,2026-05-28 12:13:53,,2026-05-24 09:44:13,Yoora Sarah Official,20590772,Preferred(Non-CB),40751100521,Madiha Square Ban – [Free Cadar] by Yoora Sarah,149247795880,Normal Product,,Fashion Muslim,Pakaian Muslim Wanita,Hijab,112000,1,Komisi XTRA,,93580,,1.50%,1403.7,4.00%,3743.2,5146.9,1403.7,3743.2,5146.9,,0,0.00%,0,100.00%,5146.9,Tertunda,Pesanan sedang diproses. Komisi akan dikonfirmasi setelah pesanan selesai.,Pesanan dari Toko yang tidak Dipromosikan,Ada,rakdapur3,,,,,Others
260528JR3FPWWC,Selesai,233644362235390,2026-05-28 12:12:42,2026-05-31 19:58:28,2026-05-28 12:10:46,PolosMu,1256942450,Preferred(Non-CB),25632424089,Kaos Polos Lengan Panjang Cotton Combed 24s,246048335592,Normal Product,,Pakaian Wanita,Atasan,Kaos,34650,1,Komisi XTRA,,28851,,1.50%,432.765,4.00%,1154.04,1586.805,432.765,1154.04,1586.805,,0,0.00%,0,100.00%,1586.805,Selesai,,Pesanan dari Toko yang tidak Dipromosikan,Ada,rakdapur3,,,,,Instagram
260528JQUXDNYE,Selesai,233644109228634,2026-05-28 12:08:29,2026-05-30 23:26:52,2026-05-26 11:20:31,TOPPAS BEKASI,304666401,Preferred(Non-CB),26041106137,Hand Shop Toppas 5L,271424381096,Normal Product,,Perawatan & Kecantikan,"Perawatan Tangan, Kaki & Kuku",Perawatan Tangan,45000,1,Komisi Shopee,,41000,,1.50%,615,0.00%,0,615,615,0,615,,0,0.00%,0,100.00%,615,Selesai,,Pesanan dari Toko yang tidak Dipromosikan,Ada,rakdapur3,,,,,Instagram
260528JQMY93WM,Tertunda,233643875243589,2026-05-28 12:04:39,,2026-05-28 10:38:50,zeka_shop.123,1031902189,C2C(Non-CB),24992334792,tusukan stic sate lilit bali termurah 15cm isi100pcs,233899164379,Normal Product,,Perlengkapan Rumah,Peralatan Makan,Peralatan Makan Lainnya,8800,1,Komisi Shopee,,3800,,0.00%,0,0.00%,0,0,0,0,0,,0,0.00%,0,100.00%,0,Tertunda,Pesanan sedang diproses. Komisi akan dikonfirmasi setelah pesanan selesai.,Pesanan dari Toko yang tidak Dipromosikan,Ada,rakdapur3,,,,,Websites
260528JQM2PA5H,Selesai,233643845269812,2026-05-28 12:04:05,2026-05-31 13:36:20,2026-05-27 20:07:52,Godrej Indonesia Official Shop,73266191,Shopee Mall(Non-CB),27951838902,Bundle Special Stella Air Freshener Electric Device Set + Refill Lavender + Refill Jasmine,240960479502,Normal Product,,Perlengkapan Rumah,Pengharum Ruangan & Aromaterapi,Pengharum Ruangan,55300,1,Komisi XTRA,,42149,,1.50%,632.235,5.00%,2107.45,2739.685,632.235,2107.45,2739.685,,0,0.00%,0,100.00%,2739.685,Selesai,,Pesanan dari Toko yang tidak Dipromosikan,Ada,rakdapur3,,,,,Instagram
260528JQK62QPR,Tertunda,233643815269896,2026-05-28 12:03:35,,2026-05-27 09:27:32,Jam tangan fashion jakarta,182286375,Preferred(Non-CB),28591412340,DGC Jam Tangan Wanita Vintage Strap Stainless Steel Dial Kotak Kecil Jam Tangan Korea Elegant murah cod,307212527967,Normal Product,,Jam Tangan,Jam Tangan Wanita,,32900,1,Komisi XTRA,,31255,,1.50%,468.825,4.00%,1250.2,1719.025,468.825,1250.2,1719.025,,0,0.00%,0,100.00%,1719.025,Tertunda,Pesanan sedang diproses. Komisi akan dikonfirmasi setelah pesanan selesai.,Pesanan dari Toko yang tidak Dipromosikan,Ada,rakdapur3,,,,,Others
260528JQJ6KCXP,Selesai,233643782251155,2026-05-28 12:03:02,2026-05-29 08:46:08,2026-05-27 21:13:14,Lesso Tianma,1691422956,Preferred(Non-CB),40927009010,Lem Silent / Silikon / Sealant Raysign sosis 590 ml (netral),425252782805,Normal Product,,Perlengkapan Rumah,Alat Pertukangan & Renovasi Rumah,Perekat & Tape,34264,2,Komisi XTRA,,68528,,1.50%,1027.92,0.50%,342.64,1370.56,1027.92,342.64,1370.56,,0,0.00%,0,100.00%,1370.56,Selesai,,Pesanan dari Toko yang tidak Dipromosikan,Ada,rakdapur3,,,,,Instagram
260528JQDA5KNV,Selesai,233643618223633,2026-05-28 12:00:18,2026-05-30 06:51:46,2026-05-26 12:59:09,Paus Biru Official Shop,521149963,Shopee Mall(Non-CB),16186219022,Paus Biru - Wallpaper Dinding Linen Roll Wallpaper foam Dekorasi Kamar wallpaper coral A12,207499449452,Normal Product,,Perlengkapan Rumah,Dekorasi,Wallpaper & Stiker Dinding,24500,4,Komisi XTRA,,96500,,1.50%,1447.5,1.50%,1447.5,2895,1447.5,1447.5,2895,,0,0.00%,0,100.00%,2895,Selesai,,Pesanan dari Toko yang tidak Dipromosikan,Ada,rakdapur3,,,,,Instagram
260528JQBVE4SK,Tertunda,233643570279573,2026-05-28 11:59:37,,2026-05-24 12:29:23,PANDA99🐼,1432115885,Preferred(Non-CB),25642803249,Kandang Besi Lipat 60×42×40 Umbaran Kandang Kucing Kelinci Hamster Burung Musang Anjing ¥3,257918934752,Normal Product,,Hewan Peliharaan,Aksesoris Hewan Peliharaan,Furniture Hewan,88998,1,Komisi Shopee,,80098,,1.50%,1201.47,0.00%,0,1201.47,1201.47,0,1201.47,,0,0.00%,0,100.00%,1201.47,Tertunda,Pesanan sedang diproses. Komisi akan dikonfirmasi setelah pesanan selesai.,Pesanan dari Toko yang tidak Dipromosikan,Ada,rakdapur3,,,,,Instagram
260528JPSKU38T,Dibatalkan,233642957284378,2026-05-28 11:49:18,--,2026-05-28 11:45:31,Payless Official Shop,272753148,Shopee Mall(Non-CB),43828852334,Nabila Ishma's Pick - Payless Chrissie Womens Noura Sling Bag - Brown_16,292416446425,Normal Product,,Tas Wanita,Tas Selempang & Bahu Wanita,,459000,0,Komisi XTRA,,0,337824,1.50%,0,3.00%,0,0,0,0,0,,0,0.00%,0,100.00%,0,Dibatalkan,Pembeli membatalkan pesanan.,Pesanan dari Toko yang tidak Dipromosikan,Ada,rakdapur3,,,,,Others
260528JPNSRBGT,Tertunda,233642829268659,2026-05-28 11:47:10,,2026-05-28 11:44:44,HanyaBeli Store,991696713,Preferred(Non-CB),44252564095,HBS Rak Bawang Rak Bumbu Rak Keranjang Serbaguna Tempel Dinding Rak Dapur Anti karat,300211466152,Normal Product,,Perlengkapan Rumah,Perlengkapan Dapur,Rak Dapur,51888,1,Komisi XTRA,,51888,,1.50%,778.32,2.00%,1037.76,1816.08,778.32,1037.76,1816.08,,0,0.00%,0,100.00%,1816.08,Tertunda,Pesanan sedang diproses. Komisi akan dikonfirmasi setelah pesanan selesai.,Pesanan Produk dari Toko yang Dipromosikan,Ada,rakdapur3,,,,,Others
260528JNVD6EQQ,Tertunda,233641977230295,2026-05-28 11:32:57,,2026-05-28 10:53:42,SHOP AYU,72557599,Preferred(Non-CB),1910227280,Bubble Wrap Extra Packing / Tambahan Bubble Wrap,102552025777,Normal Product,,Buku & Alat Tulis,Pembungkus Kado & Kemasan,Bubble Wrap,3000,1,Komisi XTRA,,3000,,1.50%,45,2.50%,75,120,45,75,120,,0,0.00%,0,100.00%,120,Tertunda,Pesanan sedang diproses. Komisi akan dikonfirmasi setelah pesanan selesai.,Pesanan dari Toko yang tidak Dipromosikan,Ada,rakdapur3,,,,,Facebook
260528JMEV0XYQ,Tertunda,233640449281734,2026-05-28 11:07:30,,2026-05-28 11:06:51,Korden_beken,197394737,Preferred(Non-CB),44758009655,Rak Cobek dan Telenan Estetik,415710023602,Normal Product,,Perlengkapan Rumah,Perlengkapan Dapur,Rak Dapur,14400,1,Komisi XTRA,,14400,,1.50%,216,15.00%,2160,2376,216,2160,2376,,0,0.00%,0,100.00%,2376,Tertunda,Pesanan sedang diproses. Komisi akan dikonfirmasi setelah pesanan selesai.,Pesanan Produk dari Toko yang Dipromosikan,Ada,rakdapur3,,,,,Others
260528JME380GM,Tertunda,233640424298026,2026-05-28 11:07:25,,2026-05-27 18:34:40,OKURA MALL,1123571484,Preferred(Non-CB),43313273075,Rak Desktop Storage Rak Buku Minimalis Rak Serbaguna Desktop Rak Buku Desktop Rak Serbaguna Desktop Rak Dapur Desktop Meja Compu,301103669757,Normal Product,,Perlengkapan Rumah,Furniture,Rak & Rak Gantung,79000,1,Komisi XTRA,,74299,,1.50%,1114.485,1.50%,1114.485,2228.97,1114.485,1114.485,2228.97,,0,0.00%,0,100.00%,2228.97,Tertunda,Pesanan sedang diproses. Komisi akan dikonfirmasi setelah pesanan selesai.,Pesanan dari Toko yang tidak Dipromosikan,Ada,rakdapur3,,,,,Instagram
260528JM94U5FW,Tertunda,233640257208421,2026-05-28 11:04:17,,2026-05-27 19:08:29,Purela Official Shop,1101020044,Shopee Mall(Non-CB),29276614707,"[Official] Purela Baby Physical Sunscreen SPF 50+ PA++++ 30 gr , Water Resistant, Suitable for Sensitive Skin, Dermatologically ",237389114524,Normal Product,,Ibu & Bayi,Kesehatan Bayi,Sun Care Bayi,70000,2,Komisi XTRA,,119415,,1.50%,1791.225,7.50%,8956.125,10747.35,1791.225,8956.125,10747.35,,0,0.00%,0,100.00%,10747.35,Tertunda,Pesanan sedang diproses. Komisi akan dikonfirmasi setelah pesanan selesai.,Pesanan dari Toko yang tidak Dipromosikan,Ada,rakdapur3,,,,,Others
260528JJYYW63Y,Tertunda,233638877298482,2026-05-28 10:41:38,,2026-05-23 11:36:13,E&J HOME,499349956,Preferred(Non-CB),19172833083,Tempat Sikat Gigi Dan Odol Karakter Pinguin /Rak Serbaguna /Rak Tempel Multifungsi,183818642780,Normal Product,,Perlengkapan Rumah,Kamar Mandi,Tempat Sikat Gigi & Dispenser Odol,27000,1,Komisi XTRA,,21190,,1.50%,317.85,2.50%,529.75,847.6,317.85,529.75,847.6,,0,0.00%,0,100.00%,847.6,Tertunda,Pesanan sedang diproses. Komisi akan dikonfirmasi setelah pesanan selesai.,Pesanan dari Toko yang tidak Dipromosikan,Ada,rakdapur3,,,,,Instagram
260528JJWFQCUH,Selesai,233638792210124,2026-05-28 10:39:52,2026-05-29 08:46:08,2026-05-26 10:39:07,KOKO SEMBAKO BPN,1507743085,Preferred(Non-CB),49551991125,Teh Pucuk Harum 350 Ml Isi 24 Botol Per Dus Harum Segar,340191685671,Normal Product,,Makanan & Minuman,Minuman,Teh,85000,1,Komisi Shopee,,82588,,1.50%,1238.82,0.00%,0,1238.82,2055,0,2055,,0,0.00%,0,100.00%,2055,Selesai,,Pesanan dari Toko yang tidak Dipromosikan,Ada,rakdapur3,,,,,Others
260528JJWFQCUH,Selesai,233638792210124,2026-05-28 10:39:52,2026-05-29 08:46:08,2026-05-26 10:39:07,KOKO SEMBAKO BPN,1507743085,Preferred(Non-CB),56201931724,AIR MINERAL SQUADES BOTOL 330 ML 1 DUS ISI 24 BTL,315188504492,Normal Product,,Makanan & Minuman,Minuman,Air Mineral,56000,1,Komisi Shopee,,54412,,1.50%,816.18,0.00%,0,816.18,0,0,0,,0,0.00%,0,100.00%,0,Selesai,,Pesanan dari Toko yang tidak Dipromosikan,Ada,rakdapur3,,,,,Others
260528JJE2P374,Selesai,233638275228687,2026-05-28 10:31:15,2026-05-29 14:35:21,2026-05-28 10:29:45,Udikids85,1661260571,Preferred(Non-CB),41180551726,UDIKIDS85/Setelan Baju Anak Lucu Parodi Desain Indomie Untuk Usia 3-12 T,365867703818,Normal Product,,Fashion Bayi & Anak,Pakaian Anak Laki-Laki,Jas & Setelan,42000,1,Komisi XTRA,,39900,,1.50%,598.5,5.50%,2194.5,2793,598.5,2194.5,2793,,0,0.00%,0,100.00%,2793,Selesai,,Pesanan dari Toko yang tidak Dipromosikan,Ada,rakdapur3,,,,,Instagram
260528JJ1NX9P7,Tertunda,233637859217998,2026-05-28 10:24:19,,2026-05-27 21:06:03,Informa Official Shop,586863199,Shopee Mall(Non-CB),27339808901,Informa Colorado Set Kursi & Meja Teras - Cokelat Tua Balcony Table Chair Furniture Outdoor Serbaguna Furnitur Rumah Tempat Dudu,224414628779,Normal Product,,Perlengkapan Rumah,Furniture,Kursi & Bangku,724900,1,Komisi XTRA,,571120,,1.50%,8566.8,0.50%,2855.6,11422.4,8566.8,2855.6,11422.4,,0,0.00%,0,100.00%,11422.4,Tertunda,Pesanan sedang diproses. Komisi akan dikonfirmasi setelah pesanan selesai.,Pesanan dari Toko yang tidak Dipromosikan,Ada,rakdapur3,,,,,Others
260528JHNGVWCX,Tertunda,233637451264398,2026-05-28 10:17:31,,2026-05-27 11:29:36,Madegood Official Store,257015061,Shopee Mall(Non-CB),13174252766,Hogasan Cairan Anti Serangga Insektisida Pest Control Pembasmi Serangga,188108991587,Normal Product,,Perlengkapan Rumah,Perawatan Rumah,Pembasmi Hama & Gulma,109500,1,Komisi XTRA,,98550,,1.50%,1478.25,2.50%,2463.75,3942,1478.25,2463.75,3942,,0,0.00%,0,100.00%,3942,Tertunda,Pesanan sedang diproses. Komisi akan dikonfirmasi setelah pesanan selesai.,Pesanan dari Toko yang tidak Dipromosikan,Ada,rakdapur3,,,,,Instagram
260528JGVHNMXR,Selesai,233636613219689,2026-05-28 10:03:33,2026-05-31 14:02:06,2026-05-27 10:14:27,Apexroot Indonesia,356037453,C2C(Non-CB),55609781693,Apexroot STR Testo Booster Pria Pasak Bumi Tongkat Ali Tribulus Ginseng Cordyceps 60 Kapsul,315864445742,Normal Product,,Kesehatan,Suplemen Makanan,Kebugaran,298000,1,Komisi XTRA,,298000,,0.00%,0,10.00%,29800,29800,0,29800,29800,,0,0.00%,0,100.00%,29800,Selesai,,Pesanan dari Toko yang tidak Dipromosikan,Ada,website,,,,,Instagram
260528JGQN8Y1U,Tertunda,233636449225125,2026-05-28 10:00:49,,2026-05-28 09:51:33,Evy Store,1003904726,Preferred(Non-CB),23151338241,Evy Store - COD Karpet Bulat Bulu Cashmire Diameter 100Cm | Karpet Ruang Tamu Motif Bunga,127754399510,Normal Product,,Perlengkapan Rumah,Dekorasi,Karpet & Tikar,142000,1,Komisi XTRA,,126900,,1.50%,1903.5,1.50%,1903.5,3807,1903.5,1903.5,3807,,0,0.00%,0,100.00%,3807,Tertunda,Pesanan sedang diproses. Komisi akan dikonfirmasi setelah pesanan selesai.,Pesanan dari Toko yang tidak Dipromosikan,Ada,rakdapur3,,,,,Others
260528JGJTSXQK,Tertunda,233636287259167,2026-05-28 09:58:07,,2026-05-27 05:11:38,Filbanos Official Store,1500523353,Shopee Mall(Non-CB),56255321031,Filbanos - Baju Kaos Anak Laki Laki Perempuan Premium 1-12 Tahun (100% Katun Combed 24s) - POR1,390485959163,Normal Product,,Fashion Bayi & Anak,Pakaian Anak Laki-Laki,Atasan,54900,1,Komisi XTRA,,39900,,1.50%,598.5,5.00%,1995,2593.5,598.5,1995,2593.5,,0,0.00%,0,100.00%,2593.5,Tertunda,Pesanan sedang diproses. Komisi akan dikonfirmasi setelah pesanan selesai.,Pesanan dari Toko yang tidak Dipromosikan,Ada,setanakfernando,,,,,Others
260528JGJTSXQJ,Tertunda,233636287259167,2026-05-28 09:58:07,,2026-05-27 05:11:38,Danum Baby,37104349,Preferred(Non-CB),22363053787,DANUM BABY - LINEN LONG PANTS - Celana Panjang Linen Bayi dan anak - Earth Tone Series,251346758203,Normal Product,,Fashion Bayi & Anak,Pakaian Anak Laki-Laki,Bawahan,89100,1,Komisi XTRA,,73538,,1.50%,1103.07,1.00%,735.38,1838.45,2206.14,1470.76,3676.9,,0,0.00%,0,100.00%,3676.9,Tertunda,Pesanan sedang diproses. Komisi akan dikonfirmasi setelah pesanan selesai.,Pesanan dari Toko yang tidak Dipromosikan,Ada,setanakfernando,,,,,Others
260528JGJTSXQJ,Tertunda,233636287259167,2026-05-28 09:58:07,,2026-05-27 05:11:38,Danum Baby,37104349,Preferred(Non-CB),22363053787,DANUM BABY - LINEN LONG PANTS - Celana Panjang Linen Bayi dan anak - Earth Tone Series,251346758204,Normal Product,,Fashion Bayi & Anak,Pakaian Anak Laki-Laki,Bawahan,89100,1,Komisi XTRA,,73538,,1.50%,1103.07,1.00%,735.38,1838.45,0,0,0,,0,0.00%,0,100.00%,0,Tertunda,Pesanan sedang diproses. Komisi akan dikonfirmasi setelah pesanan selesai.,Pesanan dari Toko yang tidak Dipromosikan,Ada,setanakfernando,,,,,Others
260528JGGXRHP5,Tertunda,233636225292452,2026-05-28 09:57:26,,2026-05-22 08:23:04,ArunikaStore__,1676288693,Preferred(Non-CB),55901915221,ARNKSTRE Besito Bantalan Alas Duduk Seat Cushion Orthopedic Sponge Mat - BT90,350187306673,Normal Product,,Perlengkapan Rumah,Furniture,Bantal Sofa,53399,2,Komisi Shopee,,106661,,1.50%,1599.915,0.00%,0,1599.915,1599.915,0,1599.915,,0,0.00%,0,100.00%,1599.915,Tertunda,Pesanan sedang diproses. Komisi akan dikonfirmasi setelah pesanan selesai.,Pesanan dari Toko yang tidak Dipromosikan,Ada,rakdapur3,,,,,Instagram
260528JGGXRHP4,Tertunda,233636225292452,2026-05-28 09:57:26,,2026-05-22 08:23:04,BBAK Official Store,1206995011,Shopee Mall(Non-CB),28553424102,BBAK RAKET BULU TANGKIS ISI 2 FREE BAG/ KOK BULUTANGKIS / SHUTTLECOCK,257154383763,Normal Product,,Olahraga & Outdoor,Alat Rekreasi Olahraga & Aktivitas Outdoor,Bulu Tangkis,118888,1,Komisi XTRA,,106858,,1.50%,1602.87,2.00%,2137.16,3740.03,3015.555,4020.74,7036.295,,0,0.00%,0,100.00%,7036.295,Tertunda,Pesanan sedang diproses. Komisi akan dikonfirmasi setelah pesanan selesai.,Pesanan dari Toko yang tidak Dipromosikan,Ada,rakdapur3,,,,,Instagram
260528JGGXRHP4,Tertunda,233636225292452,2026-05-28 09:57:26,,2026-05-22 08:23:04,BBAK Official Store,1206995011,Shopee Mall(Non-CB),29354488479,BBAK Tas Pinggang Olahraga Waistbag Jogging Lari Running Belt Ukuran 48cm WATERPROOF RINGAN,158694458632,Normal Product,,Tas Wanita,Tas Pinggang Wanita,,55888,1,Komisi XTRA,,50234,,1.50%,753.51,2.00%,1004.68,1758.19,0,0,0,,0,0.00%,0,100.00%,0,Tertunda,Pesanan sedang diproses. Komisi akan dikonfirmasi setelah pesanan selesai.,Pesanan dari Toko yang tidak Dipromosikan,Ada,rakdapur3,,,,,Instagram
260528JGGXRHP4,Tertunda,233636225292452,2026-05-28 09:57:26,,2026-05-22 08:23:04,BBAK Official Store,1206995011,Shopee Mall(Non-CB),26459072782,BBAK Hand Wristband Arm Wristband Perban Pelindung Lengan Tangan Cedera Bahan Kulit Bernafas,223145068313,Normal Product,,Olahraga & Outdoor,Aksesoris Olahraga & Aktivitas Outdoor,Gelang Olahraga,48888,1,Komisi XTRA,,43945,,1.50%,659.175,2.00%,878.9,1538.075,0,0,0,,0,0.00%,0,100.00%,0,Tertunda,Pesanan sedang diproses. Komisi akan dikonfirmasi setelah pesanan selesai.,Pesanan dari Toko yang tidak Dipromosikan,Ada,rakdapur3,,,,,Instagram
260528JGGXRHP3,Tertunda,233636225292452,2026-05-28 09:57:26,,2026-05-22 08:23:04,366SPORTEQUIP,315869188,Preferred(Non-CB),25292807968,[366SP] BBAK Bola Voli Size 5 | Bola Volly Bahan Tebal Tidak Menyakiti Tangan GRATIS POMPA PENTIL,242922772866,Normal Product,,Olahraga & Outdoor,Alat Rekreasi Olahraga & Aktivitas Outdoor,Voli,89999,1,Komisi Shopee,,80896,,1.50%,1213.44,0.00%,0,1213.44,1213.44,0,1213.44,,0,0.00%,0,100.00%,1213.44,Tertunda,Pesanan sedang diproses. Komisi akan dikonfirmasi setelah pesanan selesai.,Pesanan dari Toko yang tidak Dipromosikan,Ada,rakdapur3,,,,,Instagram
260528JG0TQXSQ,Tertunda,233635683205998,2026-05-28 09:48:03,,2026-05-26 15:09:54,LLSTOREBDG1997,527982838,Preferred(Non-CB),27157140629,plastik laundry untuk karpet plastik roll,187835406596,Normal Product,,Perlengkapan Rumah,Perawatan Rumah,Kantong Plastik  & Kantong Sampah,38095,1,Komisi Shopee,,36190,,1.50%,542.85,0.00%,0,542.85,542.85,0,542.85,,0,0.00%,0,100.00%,542.85,Tertunda,Pesanan sedang diproses. Komisi akan dikonfirmasi setelah pesanan selesai.,Pesanan dari Toko yang tidak Dipromosikan,Ada,rakdapur3,,,,,Others
260528JFV52FK3,Selesai,233635526262278,2026-05-28 09:45:27,2026-05-31 07:51:15,2026-05-27 19:22:40,Home Life Museum,1361077374,Preferred(Non-CB),27680374064,Wallpaper / Sticker Dapur Anti Air Anti Minyak Tahan Panas 60CM*3M Wallpaper Dinding Sticker Dinding Meja Makan,89137956605,Normal Product,,Perlengkapan Rumah,Dekorasi,Wallpaper & Stiker Dinding,25498,1,Komisi XTRA,,22347,,1.50%,335.205,4.00%,893.88,1229.085,335.205,893.88,1229.085,,0,0.00%,0,100.00%,1229.085,Selesai,,Pesanan dari Toko yang tidak Dipromosikan,Ada,rakdapur3,,,,,Facebook
260528JERVVW0Y,Selesai,233634343284010,2026-05-28 09:25:44,2026-05-30 18:25:32,2026-05-27 20:45:35,Teddy Craft,271335317,C2C(Non-CB),18048833809,"Pita Satin 1"" = 2.5cm - 1 Roll - Pita Kado Craft Kerajinan Tangan Hampers Kue Parcel",195509134056,Normal Product,,Buku & Alat Tulis,Pembungkus Kado & Kemasan,Pita Kado,10000,1,Komisi Shopee,,9432,,0.00%,0,0.00%,0,0,0,0,0,,0,0.00%,0,100.00%,0,Selesai,,Pesanan dari Toko yang tidak Dipromosikan,Ada,rakdapur3,,,,,Instagram
260528JERVVW0Y,Selesai,233634343284010,2026-05-28 09:25:44,2026-05-30 18:25:32,2026-05-27 20:45:35,Teddy Craft,271335317,C2C(Non-CB),18048833809,"Pita Satin 1"" = 2.5cm - 1 Roll - Pita Kado Craft Kerajinan Tangan Hampers Kue Parcel",212465125605,Normal Product,,Buku & Alat Tulis,Pembungkus Kado & Kemasan,Pita Kado,10000,1,Komisi Shopee,,9428,,0.00%,0,0.00%,0,0,0,0,0,,0,0.00%,0,100.00%,0,Selesai,,Pesanan dari Toko yang tidak Dipromosikan,Ada,rakdapur3,,,,,Instagram
260528JERVVW0Y,Selesai,233634343284010,2026-05-28 09:25:44,2026-05-30 18:25:32,2026-05-27 20:45:35,Teddy Craft,271335317,C2C(Non-CB),18048833809,"Pita Satin 1"" = 2.5cm - 1 Roll - Pita Kado Craft Kerajinan Tangan Hampers Kue Parcel",212465125611,Normal Product,,Buku & Alat Tulis,Pembungkus Kado & Kemasan,Pita Kado,10000,1,Komisi Shopee,,9428,,0.00%,0,0.00%,0,0,0,0,0,,0,0.00%,0,100.00%,0,Selesai,,Pesanan dari Toko yang tidak Dipromosikan,Ada,rakdapur3,,,,,Instagram
260528JERVVW0Y,Selesai,233634343284010,2026-05-28 09:25:44,2026-05-30 18:25:32,2026-05-27 20:45:35,Teddy Craft,271335317,C2C(Non-CB),18048833809,"Pita Satin 1"" = 2.5cm - 1 Roll - Pita Kado Craft Kerajinan Tangan Hampers Kue Parcel",212465125618,Normal Product,,Buku & Alat Tulis,Pembungkus Kado & Kemasan,Pita Kado,10000,1,Komisi Shopee,,9428,,0.00%,0,0.00%,0,0,0,0,0,,0,0.00%,0,100.00%,0,Selesai,,Pesanan dari Toko yang tidak Dipromosikan,Ada,rakdapur3,,,,,Instagram
260528JERVVW0Y,Selesai,233634343284010,2026-05-28 09:25:44,2026-05-30 18:25:32,2026-05-27 20:45:35,Teddy Craft,271335317,C2C(Non-CB),18048833809,"Pita Satin 1"" = 2.5cm - 1 Roll - Pita Kado Craft Kerajinan Tangan Hampers Kue Parcel",212465125619,Normal Product,,Buku & Alat Tulis,Pembungkus Kado & Kemasan,Pita Kado,10000,1,Komisi Shopee,,9428,,0.00%,0,0.00%,0,0,0,0,0,,0,0.00%,0,100.00%,0,Selesai,,Pesanan dari Toko yang tidak Dipromosikan,Ada,rakdapur3,,,,,Instagram
260528JERVVW0Y,Selesai,233634343284010,2026-05-28 09:25:44,2026-05-30 18:25:32,2026-05-27 20:45:35,Teddy Craft,271335317,C2C(Non-CB),18048833809,"Pita Satin 1"" = 2.5cm - 1 Roll - Pita Kado Craft Kerajinan Tangan Hampers Kue Parcel",212465125623,Normal Product,,Buku & Alat Tulis,Pembungkus Kado & Kemasan,Pita Kado,10000,1,Komisi Shopee,,9428,,0.00%,0,0.00%,0,0,0,0,0,,0,0.00%,0,100.00%,0,Selesai,,Pesanan dari Toko yang tidak Dipromosikan,Ada,rakdapur3,,,,,Instagram
260528JERVVW0Y,Selesai,233634343284010,2026-05-28 09:25:44,2026-05-30 18:25:32,2026-05-27 20:45:35,Teddy Craft,271335317,C2C(Non-CB),18048833809,"Pita Satin 1"" = 2.5cm - 1 Roll - Pita Kado Craft Kerajinan Tangan Hampers Kue Parcel",212465125624,Normal Product,,Buku & Alat Tulis,Pembungkus Kado & Kemasan,Pita Kado,10000,1,Komisi Shopee,,9428,,0.00%,0,0.00%,0,0,0,0,0,,0,0.00%,0,100.00%,0,Selesai,,Pesanan dari Toko yang tidak Dipromosikan,Ada,rakdapur3,,,,,Instagram
260528JDU62F78,Dibatalkan,233633346272429,2026-05-28 09:09:13,--,2026-05-28 09:08:03,yumcute,833966865,Preferred(Non-CB),20338750325,Rak Piring Stainless Steel Rak Piring Wastafel Dapur Rak Pengering Piring Rak Cuci Piring Dish Rack,174216492780,Normal Product,,Perlengkapan Rumah,Perlengkapan Dapur,Rak Dapur,228000,0,Komisi XTRA,,0,200640,1.50%,0,3.00%,0,0,0,0,0,,0,0.00%,0,100.00%,0,Dibatalkan,Pembeli membatalkan pesanan.,Pesanan Produk dari Toko yang Dipromosikan,Ada,rakdapur3,,,,,Others
260528JDRAF4K4,Tertunda,233633250221007,2026-05-28 09:07:31,,2026-05-24 12:00:08,solo.floristsupply,144015445,Preferred(Non-CB),20490531033,1ROLL 48M PLASTIC RIBBON BANDANA PITA HAMPERS PITA GROSSGRAIN  PITA SATIN RUFFLE KOREA PITA GELOMBANG PITA SATIN SEDANG LEBAR 2.,231776371998,Normal Product,,Buku & Alat Tulis,Pembungkus Kado & Kemasan,Pita Kado,45000,1,Komisi XTRA,,40021,,1.50%,600.315,2.50%,1000.525,1600.84,3763.215,6272.025,10035.24,,0,0.00%,0,100.00%,10035.24,Tertunda,Pesanan sedang diproses. Komisi akan dikonfirmasi setelah pesanan selesai.,Pesanan dari Toko yang tidak Dipromosikan,Ada,rakdapur3,,,,,Others
260528JDRAF4K4,Tertunda,233633250221007,2026-05-28 09:07:31,,2026-05-24 12:00:08,solo.floristsupply,144015445,Preferred(Non-CB),20957127655,ANTHURIUM FLAMINGO LATEX Artificial Latex Anthurium Flamingo Lily Bunga Palsu Plastik Hiasan Dekrasi Rumah Kantor Artifisial Bun,164869009290,Normal Product,,Perlengkapan Rumah,Dekorasi,Bunga,4950,4,Komisi XTRA,,17609,,1.50%,264.135,2.50%,440.225,704.36,0,0,0,,0,0.00%,0,100.00%,0,Tertunda,Pesanan sedang diproses. Komisi akan dikonfirmasi setelah pesanan selesai.,Pesanan dari Toko yang tidak Dipromosikan,Ada,rakdapur3,,,,,Others
260528JDRAF4K4,Tertunda,233633250221007,2026-05-28 09:07:31,,2026-05-24 12:00:08,solo.floristsupply,144015445,Preferred(Non-CB),26104117299,FABRIC AMARANTHUS ARTIFICIAL/ Amaranth palsu hiasan Pernikahan Dekorasi Pelaminan Wedding Decoration,129391728229,Normal Product,,Perlengkapan Rumah,Dekorasi,Bunga,19900,1,Komisi XTRA,,16357,,1.50%,245.355,2.50%,408.925,654.28,0,0,0,,0,0.00%,0,100.00%,0,Tertunda,Pesanan sedang diproses. Komisi akan dikonfirmasi setelah pesanan selesai.,Pesanan dari Toko yang tidak Dipromosikan,Ada,rakdapur3,,,,,Others
260528JDRAF4K4,Tertunda,233633250221007,2026-05-28 09:07:31,,2026-05-24 12:00:08,solo.floristsupply,144015445,Preferred(Non-CB),45458202923,88CM BUNGA SEDAP MALAM PLASTIK ARTIFICIAL BUNGA TANGKAIAN DEKORASI PENGANTIN DEKORASI CAFE SNAPDRAGON X5 dan X3 ARTIFICIAL FLOWE,355727008724,Normal Product,,Perlengkapan Rumah,Dekorasi,Bunga,31500,5,Komisi XTRA,,140075,,1.50%,2101.125,2.50%,3501.875,5603,0,0,0,,0,0.00%,0,100.00%,0,Tertunda,Pesanan sedang diproses. Komisi akan dikonfirmasi setelah pesanan selesai.,Pesanan dari Toko yang tidak Dipromosikan,Ada,rakdapur3,,,,,Others
260528JDRAF4K4,Tertunda,233633250221007,2026-05-28 09:07:31,,2026-05-24 12:00:08,solo.floristsupply,144015445,Preferred(Non-CB),11520280406,Calla Lily Artificial Latex Lili Bunga Palsu Dekorasi Rangkaian Hiasan Rumah Kantor buket bunga lily Latex Calla Lily Lili Bunga,111116649802,Normal Product,,Perlengkapan Rumah,Dekorasi,Bunga,6900,6,Komisi XTRA,,36819,,1.50%,552.285,2.50%,920.475,1472.76,0,0,0,,0,0.00%,0,100.00%,0,Tertunda,Pesanan sedang diproses. Komisi akan dikonfirmasi setelah pesanan selesai.,Pesanan dari Toko yang tidak Dipromosikan,Ada,rakdapur3,,,,,Others
260528JD4CG984,Tertunda,233632581263197,2026-05-28 08:56:21,,2026-05-27 17:48:53,STORE LACOCO JOGJA,24402786,Preferred(Non-CB),40207887192,EXP 2027 - AVOSKIN ALPHA ARBUTIN SERUM 30ML,260668563797,Normal Product,,Perawatan & Kecantikan,Perawatan Wajah,Serum & Essence Wajah,109000,1,Komisi Shopee,,95920,,1.50%,1438.8,0.00%,0,1438.8,3484.8,0,3484.8,,0,0.00%,0,100.00%,3484.8,Tertunda,Pesanan sedang diproses. Komisi akan dikonfirmasi setelah pesanan selesai.,Pesanan dari Toko yang tidak Dipromosikan,Ada,rakdapur3,,,,,Facebook
260528JD4CG984,Tertunda,233632581263197,2026-05-28 08:56:21,,2026-05-27 17:48:53,STORE LACOCO JOGJA,24402786,Preferred(Non-CB),49552320697,EXP 2027 - AVOSKIN TONER NIACINAMIDE + ALPHA ARBUTIN 100ML,430847918917,Normal Product,,Perawatan & Kecantikan,Perawatan Wajah,Toner,155000,1,Komisi Shopee,,136400,,1.50%,2046,0.00%,0,2046,0,0,0,,0,0.00%,0,100.00%,0,Tertunda,Pesanan sedang diproses. Komisi akan dikonfirmasi setelah pesanan selesai.,Pesanan dari Toko yang tidak Dipromosikan,Ada,rakdapur3,,,,,Facebook
260528JC714SST,Tertunda,233631596271670,2026-05-28 08:40:04,,2026-05-26 14:08:18,DUTAOLSHOP.COM,1431500300,Preferred(Non-CB),25693868335,BUKU BEST SELLER MASTER TIU SKD DAN CPNS KEDINASAN 2026 2027 DI JAMIN SKOR 150,248146133323,Normal Product,,Buku & Majalah,Buku Bacaan,Pendidikan,70537,1,Komisi Shopee,,62334,,1.50%,935.01,0.00%,0,935.01,2195.58,0,2195.58,,0,0.00%,0,100.00%,2195.58,Tertunda,Pesanan sedang diproses. Komisi akan dikonfirmasi setelah pesanan selesai.,Pesanan dari Toko yang tidak Dipromosikan,Ada,WallpaperDindingVinyl,,,,,Instagram
260528JC714SST,Tertunda,233631596271670,2026-05-28 08:40:04,,2026-05-26 14:08:18,DUTAOLSHOP.COM,1431500300,Preferred(Non-CB),25693868335,BUKU BEST SELLER MASTER TIU SKD DAN CPNS KEDINASAN 2026 2027 DI JAMIN SKOR 150,301917879384,Normal Product,,Buku & Majalah,Buku Bacaan,Pendidikan,95099,1,Komisi Shopee,,84038,,1.50%,1260.57,0.00%,0,1260.57,0,0,0,,0,0.00%,0,100.00%,0,Tertunda,Pesanan sedang diproses. Komisi akan dikonfirmasi setelah pesanan selesai.,Pesanan dari Toko yang tidak Dipromosikan,Ada,WallpaperDindingVinyl,,,,,Instagram
260528JAY7XQKN,Tertunda,233630261245447,2026-05-28 08:17:45,,2026-05-28 08:11:47,GM Bear Official Shop,149205613,Shopee Mall(Non-CB),29388305785,GM Bear Pel Lantai Otomatis 2386 - Kain Pel Peras Otomatis Pelan Magic Twist Mop,260607284747,Normal Product,,Perlengkapan Rumah,Perawatan Rumah,Kain Pel,47490,1,Komisi XTRA,,44795,,1.50%,671.925,0.50%,223.975,895.9,671.925,223.975,895.9,,0,0.00%,0,100.00%,895.9,Tertunda,Pesanan sedang diproses. Komisi akan dikonfirmasi setelah pesanan selesai.,Pesanan dari Toko yang tidak Dipromosikan,Ada,kacamatabacaantiradiasi,,,,,Facebook
260528JAHXK56P,Tertunda,233629815217109,2026-05-28 08:10:16,,2026-05-27 20:28:31,WNP pack,238977324,C2C(Non-CB),44052958519,Koran Korea Bekas 1 kg – Bersih & Rapi | Cocok untuk Pembungkus / Kerajinan,260244574793,Normal Product,,Perlengkapan Rumah,Perawatan Rumah,Kantong Plastik  & Kantong Sampah,20500,1,Komisi Shopee,,16500,,0.00%,0,0.00%,0,0,0,0,0,,0,0.00%,0,100.00%,0,Tertunda,Pesanan sedang diproses. Komisi akan dikonfirmasi setelah pesanan selesai.,Pesanan dari Toko yang tidak Dipromosikan,Ada,dressanakperempuan,,,,,Others
260528JAB0DS33,Tertunda,233629582258306,2026-05-28 08:06:23,,2026-05-27 10:15:39,Toko Bahan Kue Salim Tegal,424897857,Preferred(Non-CB),10254790393,Van Houten Coklat Bubuk (Cocoa Powder) 40gr - Coklat bubuk Kemasan,120910417673,Normal Product,,Makanan & Minuman,Bahan Baking,Bahan Baking Lainnya,18900,1,Komisi XTRA,,15120,,1.50%,226.8,0.50%,75.6,302.4,226.8,75.6,302.4,,0,0.00%,0,100.00%,302.4,Tertunda,Pesanan sedang diproses. Komisi akan dikonfirmasi setelah pesanan selesai.,Pesanan dari Toko yang tidak Dipromosikan,Ada,Paket20LembarWallpaperDindingVinyl,,,,,Websites
260528J9GYTGT8,Tertunda,233628709218266,2026-05-28 07:51:49,,2026-05-26 18:55:20,Onderdil_Cincai,234847831,Preferred(Non-CB),21088928196,PANGKON U CHROOME TEBAL begel shock set 2 pcs  nvbpeninggi skok belakang universal motor bebek supra vega jupiter z jupiter mx s,204308422602,Normal Product,,Sepeda Motor,Suku Cadang Motor,"Shock, Strut, & Suspensi Motor",10750,10,Komisi XTRA,,102125,,1.50%,1531.875,1.00%,1021.25,2553.125,1531.875,1021.25,2553.125,,0,0.00%,0,100.00%,2553.125,Tertunda,Pesanan sedang diproses. Komisi akan dikonfirmasi setelah pesanan selesai.,Pesanan dari Toko yang tidak Dipromosikan,Ada,rakdapur3,,,,,Others
260528J9GYTGT7,Tertunda,233628709218265,2026-05-28 07:51:49,,2026-05-26 18:55:20,MITRA AGUNG JAYA,280896497,Preferred(Non-CB),6857163528,SAS Kepala Cop Nepel Pompa untuk Pentil Motor wipro kps01,41373665606,Normal Product,,Perlengkapan Rumah,Alat Pertukangan & Renovasi Rumah,Pompa Udara & Aksesoris,4750,10,Komisi XTRA,,47500,,1.50%,712.5,1.50%,712.5,1425,712.5,712.5,1425,,0,0.00%,0,100.00%,1425,Tertunda,Pesanan sedang diproses. Komisi akan dikonfirmasi setelah pesanan selesai.,Pesanan dari Toko yang tidak Dipromosikan,Ada,rakdapur3,,,,,Others
260528J98XATW3,Tertunda,233628439219968,2026-05-28 07:47:20,,2026-05-27 15:15:42,Octarine Official Store,854391331,Shopee Mall(Non-CB),19444408090,Octarine - Veroz Parfum Pria Aroma Citrus Aromatic,212246523392,Normal Product,,Perawatan & Kecantikan,Parfum & Wewangian,,66000,1,Komisi XTRA,,60000,,1.50%,900,5.00%,3000,3900,900,3000,3900,,0,0.00%,0,100.00%,3900,Tertunda,Pesanan sedang diproses. Komisi akan dikonfirmasi setelah pesanan selesai.,Pesanan dari Toko yang tidak Dipromosikan,Ada,rakdapur3,,,,,Instagram
260528J90WUBFY,Selesai,233628170273611,2026-05-28 07:42:57,2026-05-30 12:51:59,2026-05-27 18:15:18,PRABOTID,619196902,Preferred(Non-CB),20213652288,TUTUP GELAS SEMI MELAMIN TEBAL / TUTUP GELAS WARNA WARNI / TUTUP GELAS PINK / TUTUP GELAS LUCU / TUTUP GELAS MERAH / TUTUP GELAS,157494945608,Normal Product,,Perlengkapan Rumah,Peralatan Makan,"Cangkir, Mug, & Gelas",21950,1,Komisi XTRA,,17445,,1.50%,261.675,0.50%,87.225,348.9,261.675,87.225,348.9,,0,0.00%,0,100.00%,348.9,Selesai,,Pesanan dari Toko yang tidak Dipromosikan,Ada,rakdapur3,,,,,Instagram
260528J62KDDCY,Tertunda,233625005218440,2026-05-28 06:50:05,,2026-05-28 06:46:05,Off zahra,54245294,Preferred(Non-CB),50255636145,Tisu Kain Lap Serap Air dan Minyak / Pembersih Alat Dapur Serbaguna OFF-C1015,355509787596,Normal Product,,Perlengkapan Rumah,Perawatan Rumah,Tisu & Tisu Kertas,23990,1,Komisi XTRA,,23990,,1.50%,359.85,4.50%,1079.55,1439.4,359.85,1079.55,1439.4,,0,0.00%,0,100.00%,1439.4,Tertunda,Pesanan sedang diproses. Komisi akan dikonfirmasi setelah pesanan selesai.,Pesanan dari Toko yang tidak Dipromosikan,Ada,soca,iklan,tt,,,Websites
260528J4URSYU8,Tertunda,233623702246451,2026-05-28 06:28:26,,2026-05-23 14:42:40,Izza Hijab Official Shop,29600164,Preferred(Non-CB),27471953911,NOURAA - SELINA SHAWL - Pashmina Viscose Shawl - modal viscose shawl- pashmina viscose bamboo - rayon bamboo -raya series viscos,257357266181,Normal Product,,Fashion Muslim,Pakaian Muslim Wanita,Hijab,35999,1,Komisi XTRA,,33949,,1.50%,509.235,2.00%,678.98,1188.215,1018.47,1357.96,2376.43,,0,0.00%,0,100.00%,2376.43,Tertunda,Pesanan sedang diproses. Komisi akan dikonfirmasi setelah pesanan selesai.,Pesanan dari Toko yang tidak Dipromosikan,Ada,rakdapur3,,,,,Instagram
260528J4URSYU8,Tertunda,233623702246451,2026-05-28 06:28:26,,2026-05-23 14:42:40,Izza Hijab Official Shop,29600164,Preferred(Non-CB),27471953911,NOURAA - SELINA SHAWL - Pashmina Viscose Shawl - modal viscose shawl- pashmina viscose bamboo - rayon bamboo -raya series viscos,159183016198,Normal Product,,Fashion Muslim,Pakaian Muslim Wanita,Hijab,35999,1,Komisi XTRA,,33949,,1.50%,509.235,2.00%,678.98,1188.215,0,0,0,,0,0.00%,0,100.00%,0,Tertunda,Pesanan sedang diproses. Komisi akan dikonfirmasi setelah pesanan selesai.,Pesanan dari Toko yang tidak Dipromosikan,Ada,rakdapur3,,,,,Instagram
260528J4SP2BGN,Selesai,233623632269456,2026-05-28 06:27:12,2026-05-31 12:23:35,2026-05-28 06:26:21,KEVAKUM ,113257215,Preferred(Non-CB),18675236715,Plastik vakum polos 20x30 ekonomis,117985192745,Normal Product,,Perlengkapan Rumah,Perlengkapan Dapur,Sealer,72000,1,Komisi XTRA,,68400,,1.50%,1026,1.50%,1026,2052,1026,1026,2052,,0,0.00%,0,100.00%,2052,Selesai,,Pesanan dari Toko yang tidak Dipromosikan,Ada,WallpaperDindingVinyl,,,,,Facebook
260528J4FUC4R5,Dibatalkan,233623302288549,2026-05-28 06:21:42,--,2026-05-27 18:52:40,Toko Kayumanis Official,311565984,Preferred(Non-CB),19454123948,"Toples Kaca Hermetico Jar 500ml, 750ml, 1L, 1.7L, 2,3L| Toples Kaca Penyimpanan Kedap Udara | Toples makanan",182716180522,Normal Product,,Perlengkapan Rumah,Perlengkapan Dapur,Tempat Penyimpanan Makanan,36700,0,Komisi XTRA,,0,36700,1.50%,0,2.50%,0,0,0,0,0,,0,0.00%,0,100.00%,0,Dibatalkan,Pengiriman gagal.,Pesanan dari Toko yang tidak Dipromosikan,Ada,rakdapur3,,,,,Instagram
260528J300NQ0T,Tertunda,233621697229438,2026-05-28 05:54:57,,2026-05-24 08:09:56,BB Toys,37137413,Preferred(Non-CB),40620874380,Mobil TELOLET BASURI Juragan Angkutan Kota TELOLET JSP M-01 / Mainan Mobil Angkot Telolet / Angkot Telolet musik lampu,306702500100,Normal Product,,Ibu & Bayi,Mainan,Kendaraan Mainan,39500,1,Komisi Shopee,,36735,,1.50%,551.025,0.00%,0,551.025,551.025,0,551.025,,0,0.00%,0,100.00%,551.025,Tertunda,Pesanan sedang diproses. Komisi akan dikonfirmasi setelah pesanan selesai.,Pesanan dari Toko yang tidak Dipromosikan,Ada,rakdapur3,,,,,Others
260528J22VX9UQ,Dibatalkan,233620720239093,2026-05-28 05:38:40,--,2026-05-27 16:52:22,kansa khalifa,461050895,C2C(Non-CB),15072452443,"Peci Kopiah Haji Assagofah AL HAMID Anak Dewasa, Kopeah Putih / Hitam / Coklat / Biru / Maroon / Abu / Hijau / Emas, Asagofah / ",87391555931,Normal Product,,Fashion Muslim,Mukena & Perlengkapan Sholat,"Peci, Songkok & Kopiah",25000,0,Komisi XTRA,,0,25000,0.00%,0,1.50%,0,0,0,0,0,,0,0.00%,0,100.00%,0,Dibatalkan,Pembeli membatalkan pesanan.,Pesanan dari Toko yang tidak Dipromosikan,Ada,dressanakperempuan,,,,,Others
260528J1PSR4N7,Tertunda,233620314235394,2026-05-28 05:31:54,,2026-05-26 13:33:10,Informa Official Shop,586863199,Shopee Mall(Non-CB),26730402988,Informa Manolo Neo Kabinet Sepatu 3 Tingkat - Cokelat Oak Organizer Sandal Dan Sepatu Rak Lemari Alas Kaki Serbaguna Tempat Peny,149083969770,Normal Product,,Perlengkapan Rumah,Organizer Rumah,Box Penyimpanan Sepatu,1208900,1,Komisi XTRA,,1108900,,1.50%,10000,0.50%,5544.5,15544.5,10000,5544.5,15544.5,,0,0.00%,0,100.00%,15544.5,Tertunda,Pesanan sedang diproses. Komisi akan dikonfirmasi setelah pesanan selesai.,Pesanan dari Toko yang tidak Dipromosikan,Ada,rakdapur3,,,,,Instagram
260528J06GS3Y5,Tertunda,233618694218518,2026-05-28 05:04:54,,2026-05-28 04:29:55,Toko Aki NBM,347105451,Preferred(Non-CB),24777487379,Aki mobil Corolla/Honda City/Grand Livina/Capela GS Gold Shine Ns60L Aki Kering 45 Ah,178179923219,Normal Product,,Mobil,Suku Cadang Mobil,Kelistrikan,950000,1,Komisi Shopee,,855000,,1.50%,10000,0.00%,0,10000,10000,0,10000,,0,0.00%,0,100.00%,10000,Tertunda,Pesanan sedang diproses. Komisi akan dikonfirmasi setelah pesanan selesai.,Pesanan dari Toko yang tidak Dipromosikan,Ada,rakdapur3,,,,,Others
260528HHJSUQTN,Selesai,233603000268016,2026-05-28 00:43:20,2026-05-31 02:32:54,2026-05-27 23:14:05,stockami,889248565,Preferred(Non-CB),29410382474,Botol Roll On Kaca Bening Mini 3ML 5ML Travel Size / Botol Parfum Bola Roller Refill Parfume Essential Oil Portable Stockami C11,205370639745,Normal Product,,Koper & Tas Travel,Aksesoris Travel,Botol & Wadah Isi Ulang,1668,5,Komisi XTRA,,6821,,1.50%,102.315,0.50%,34.105,136.42,302.79,100.93,403.72,,0,0.00%,0,100.00%,403.72,Selesai,,Pesanan dari Toko yang tidak Dipromosikan,Ada,rakdapur3,,,,,Instagram
260528HHJSUQTN,Selesai,233603000268016,2026-05-28 00:43:20,2026-05-31 02:32:54,2026-05-27 23:14:05,stockami,889248565,Preferred(Non-CB),29410382474,Botol Roll On Kaca Bening Mini 3ML 5ML Travel Size / Botol Parfum Bola Roller Refill Parfume Essential Oil Portable Stockami C11,205370639745,Normal Product,0_453590858870823_1,Koper & Tas Travel,Aksesoris Travel,Botol & Wadah Isi Ulang,1634.6,10,Komisi XTRA,,13365,,1.50%,200.475,0.50%,66.825,267.3,0,0,0,,0,0.00%,0,100.00%,0,Selesai,,Pesanan dari Toko yang tidak Dipromosikan,Ada,rakdapur3,,,,,Instagram
260528HHDG2DN0,Tertunda,233602822228423,2026-05-28 00:40:22,,2026-05-27 22:58:38,Homedoki Official Shop,277711630,Shopee Mall(Non-CB),25278845510,Homedoki Kursi Plastik/Kursi Kantor/Kursi Belajar/Kursi Teras/Kursi Santai/Kursi Kerja/Kursi Makan/Kursi Cafe,207987444944,Normal Product,,Perlengkapan Rumah,Furniture,Kursi & Bangku,149490,2,Komisi XTRA,,267282,,1.50%,4009.23,3.00%,8018.46,12027.69,4009.23,8018.46,12027.69,,0,0.00%,0,100.00%,12027.69,Tertunda,Pesanan sedang diproses. Komisi akan dikonfirmasi setelah pesanan selesai.,Pesanan dari Toko yang tidak Dipromosikan,Ada,rakdapur3,,,,,Others
260528HCC4X9BK,Tertunda,233597409293415,2026-05-27 23:10:30,,2026-05-27 15:27:26,GLOW FX BEAUTY Care,1705423599,Preferred(Non-CB),53753341969,GLOW FX CeraCapsule Peeling 17% Total Acids + Serum Eksfoliasi Wajah,259158386936,Normal Product,,Perawatan & Kecantikan,Perawatan Wajah,Serum & Essence Wajah,84900,1,Komisi Shopee,,80655,,1.50%,1209.825,0.00%,0,1209.825,1209.825,0,1209.825,,0,0.00%,0,100.00%,1209.825,Tertunda,Pesanan sedang diproses. Komisi akan dikonfirmasi setelah pesanan selesai.,Pesanan dari Toko yang tidak Dipromosikan,Ada,rakdapur3,,,,,Instagram
260527HANY53GY,Tertunda,233595590282320,2026-05-27 22:39:51,,2026-05-27 22:36:07,BOLIZUN,607907473,Preferred(Non-CB),42863751793,"BOLIZUN Wall List Dinding Foam 3D uk 5x230cm/ Lis Tepi Dinding Mudah Dipasang, Bisa Dipotong dan Tahan Lama",253760653164,Normal Product,,Perlengkapan Rumah,Dekorasi,Wallpaper & Stiker Dinding,7190,2,Komisi XTRA,,14325,,1.50%,214.875,2.50%,358.125,573,214.875,358.125,573,,0,0.00%,0,100.00%,573,Tertunda,Pesanan sedang diproses. Komisi akan dikonfirmasi setelah pesanan selesai.,Pesanan dari Toko yang tidak Dipromosikan,Ada,rakdapur3,,,,,Others
260527H9S03S1H,Tertunda,233594618217931,2026-05-27 22:23:38,,2026-05-27 19:42:50,jagoans sport n music,155216751,Preferred(Non-CB),6915851143,Topi Renang SPEEDS Dewasa Anak / Silicone Swim Cap / Penutup Kepala,13293532950,Normal Product,,Olahraga & Outdoor,Alat Rekreasi Olahraga & Aktivitas Outdoor,Diving & Renang,21825,1,Komisi XTRA,,21825,,1.50%,327.375,3.00%,654.75,982.125,327.375,654.75,982.125,,0,0.00%,0,100.00%,982.125,Tertunda,Pesanan sedang diproses. Komisi akan dikonfirmasi setelah pesanan selesai.,Pesanan dari Toko yang tidak Dipromosikan,Ada,dressanakperempuan,,,,,Facebook
260527H91DRBX2,Selesai,233593827219056,2026-05-27 22:10:28,2026-05-31 19:40:38,2026-05-21 12:41:45,Homepo,1253909068,C2C(Non-CB),45555920665,Homepo Waterproof Matras Protector Pelindung Kasur Topper Kasur Busa Sprei 180x200 160x200 140x200 120x200 Bedcover Bonita Fitte,267458214375,Normal Product,,Perlengkapan Rumah,Kamar Tidur,Pelindung Matras,158000,1,Komisi Shopee,,137515,,0.00%,0,0.00%,0,0,0,0,0,,0,0.00%,0,100.00%,0,Selesai,,Pesanan dari Toko yang tidak Dipromosikan,Ada,rakdapur3,,,,,Instagram
260527H8DPFH16,Tertunda,233593165275449,2026-05-27 21:59:33,,2026-05-23 13:05:33,popocase,969143679,Preferred(Non-CB),28562116292,Casing Hp Untuk Vivo Z1 Pro Z5X  Softcase Phone Case  Soft Kesing Sofcase  Kartun Coffee Briquettes 2170 Mmelindungi Cassing,256650845581,Normal Product,,Handphone & Aksesoris,Aksesoris,Casing & Skin,10850,1,Komisi XTRA,,10850,,0.50%,54.25,0.50%,54.25,108.5,54.25,54.25,108.5,,0,0.00%,0,100.00%,108.5,Tertunda,Pesanan sedang diproses. Komisi akan dikonfirmasi setelah pesanan selesai.,Pesanan dari Toko yang tidak Dipromosikan,Ada,rakdapur3,,,,,Instagram
260527H739D3WD,Dibatalkan,233591742276316,2026-05-27 21:35:49,--,2026-05-27 15:16:34,Lassiewear Butik by Winda,1237549090,Preferred(Non-CB),47052671004,LINK CO TAS DOMPET TOKTOK KODE ( FIX701 - FIX750 ),69948822077,Normal Product,,Tas Wanita,Tas Wanita Lainnya,,335000,0,Komisi Shopee,,0,335000,1.50%,0,0.00%,0,0,0,0,0,,0,0.00%,0,100.00%,0,Dibatalkan,Pembeli membatalkan pesanan.,Pesanan dari Toko yang tidak Dipromosikan,Ada,rakdapur3,,,,,Others
260527H6TRN7S4,Tertunda,233591456280377,2026-05-27 21:30:57,,2026-05-27 21:23:11,OLIVIV,1015195404,Preferred(Non-CB),40100429029,Gantungan Baju Akrilik Multifungsi Gantungan Sapu Pel Dinding Akrilik Mop Broom Holder Terbaru B-25,340886650779,Normal Product,,Perlengkapan Rumah,Organizer Rumah,Pengait,25536,1,Komisi XTRA,,24536,,1.50%,368.04,3.50%,858.76,1226.8,368.04,858.76,1226.8,,0,0.00%,0,100.00%,1226.8,Tertunda,Pesanan sedang diproses. Komisi akan dikonfirmasi setelah pesanan selesai.,Pesanan dari Toko yang tidak Dipromosikan,Ada,rakdapur3,,,,,Others
260527H607TFXV,Selesai,233590566213691,2026-05-27 21:16:06,2026-05-31 22:43:51,2026-05-26 19:44:29,MISS CURIOSITY,237748299,Preferred(Non-CB),28063156948,Miss curiosity Celana Dalam Seamless Tanpa Jahitan Anti Nyeplak Fashion Es Sutra CD Pinggang Tengah Undies Wanita 840,217854643576,Normal Product,,Pakaian Wanita,Pakaian Dalam,Celana Dalam,7800,1,Komisi XTRA,,7800,,1.50%,117,1.00%,78,195,351,234,585,,0,0.00%,0,100.00%,585,Selesai,,Pesanan Produk dari Toko yang Dipromosikan,Ada,kacamatabacaantiradiasi,,,,,Others
260527H607TFXV,Selesai,233590566213691,2026-05-27 21:16:06,2026-05-31 22:43:51,2026-05-26 19:44:29,MISS CURIOSITY,237748299,Preferred(Non-CB),28063156948,Miss curiosity Celana Dalam Seamless Tanpa Jahitan Anti Nyeplak Fashion Es Sutra CD Pinggang Tengah Undies Wanita 840,217854643580,Normal Product,,Pakaian Wanita,Pakaian Dalam,Celana Dalam,7800,1,Komisi XTRA,,7800,,1.50%,117,1.00%,78,195,0,0,0,,0,0.00%,0,100.00%,0,Selesai,,Pesanan Produk dari Toko yang Dipromosikan,Ada,kacamatabacaantiradiasi,,,,,Others
260527H607TFXV,Selesai,233590566213691,2026-05-27 21:16:06,2026-05-31 22:43:51,2026-05-26 19:44:29,MISS CURIOSITY,237748299,Preferred(Non-CB),28063156948,Miss curiosity Celana Dalam Seamless Tanpa Jahitan Anti Nyeplak Fashion Es Sutra CD Pinggang Tengah Undies Wanita 840,217854643584,Normal Product,,Pakaian Wanita,Pakaian Dalam,Celana Dalam,7800,1,Komisi XTRA,,7800,,1.50%,117,1.00%,78,195,0,0,0,,0,0.00%,0,100.00%,0,Selesai,,Pesanan Produk dari Toko yang Dipromosikan,Ada,kacamatabacaantiradiasi,,,,,Others
260527H58CWBU2,Tertunda,233589766244824,2026-05-27 21:02:50,,2026-05-27 20:56:06,KBL JAYA,1448756164,Preferred(Non-CB),25240875361,rak cobek dan ulekan/tatakan cobek,252555570779,Normal Product,,Perlengkapan Rumah,Perlengkapan Dapur,Rak Dapur,14100,1,Komisi XTRA,,14100,,1.50%,211.5,2.50%,352.5,564,211.5,352.5,564,,0,0.00%,0,100.00%,564,Tertunda,Pesanan sedang diproses. Komisi akan dikonfirmasi setelah pesanan selesai.,Pesanan dari Toko yang tidak Dipromosikan,Ada,rakdapur3,,,,,Others
260527H57XK5TX,Tertunda,233589751225954,2026-05-27 21:02:32,,2026-05-27 19:26:02,Reytorrm Official Shop,711451131,Shopee Mall(Non-CB),22651703409,Reytorrm Baju Atau Atasan Olahraga Wanita Lengan Panjang Hijab Sport Kaos Long Sleeve oversize CX010,194515272084,Normal Product,,Olahraga & Outdoor,Pakaian Olahraga & Aktivitas Outdoor,Atasan Olahraga,169000,1,Komisi XTRA,,118891,,1.50%,1783.365,5.00%,5944.55,7727.915,1783.365,5944.55,7727.915,,0,0.00%,0,100.00%,7727.915,Tertunda,Pesanan sedang diproses. Komisi akan dikonfirmasi setelah pesanan selesai.,Pesanan dari Toko yang tidak Dipromosikan,Ada,rakdapur3,,,,,Others
260527H57XK5TW,Tertunda,233589751225954,2026-05-27 21:02:32,,2026-05-27 19:26:02,SKIN1004 Indonesia Official,555954448,Shopee Mall(Non-CB),19441355889,SKIN1004 Madagascar Centella Poremizing Light Gel Cream 75ml,415129000833,Normal Product,,Perawatan & Kecantikan,Perawatan Wajah,Pelembab Wajah,255000,1,Komisi XTRA,,165790,,1.50%,2486.85,2.50%,4144.75,6631.6,5014.635,8357.725,13372.36,,0,0.00%,0,100.00%,13372.36,Tertunda,Pesanan sedang diproses. Komisi akan dikonfirmasi setelah pesanan selesai.,Pesanan dari Toko yang tidak Dipromosikan,Ada,rakdapur3,,,,,Others
260527H57XK5TW,Tertunda,233589751225954,2026-05-27 21:02:32,,2026-05-27 19:26:02,SKIN1004 Indonesia Official,555954448,Shopee Mall(Non-CB),43911690707,SKIN1004 Madagascar Centella Poremizing Velvet Finish Sunscreen 50ml (Tinted Sunscreen),445129047734,Normal Product,,Perawatan & Kecantikan,Perawatan Wajah,Sunscreen Wajah,259200,1,Komisi XTRA,,168519,,1.50%,2527.785,2.50%,4212.975,6740.76,0,0,0,,0,0.00%,0,100.00%,0,Tertunda,Pesanan sedang diproses. Komisi akan dikonfirmasi setelah pesanan selesai.,Pesanan dari Toko yang tidak Dipromosikan,Ada,rakdapur3,,,,,Others
260527H4KYMUYQ,Selesai,233589081244771,2026-05-27 20:51:25,2026-05-30 15:00:12,2026-05-26 18:39:46,RtopR Indonesia Official Shop,872180088,Shopee Mall(Non-CB),16396025250,BPOM RtopR Minyak Zaitun Perbaikan Krim Tangan Brightening Hand And Body Lotion Body Hand Cream-Krim Pemutih Tangan-Hand Cream T,375502761674,Normal Product,0_440563346456990_1,Perawatan & Kecantikan,"Perawatan Tangan, Kaki & Kuku",Perawatan Tangan,73968,1,Komisi XTRA,,61263,,1.50%,918.945,5.00%,3063.15,3982.095,1456.17,3958.525,5414.695,,0,0.00%,0,100.00%,5414.695,Selesai,,Pesanan dari Toko yang tidak Dipromosikan,Ada,rakdapur3,,,,,Websites
260527H4KYMUYQ,Selesai,233589081244771,2026-05-27 20:51:25,2026-05-30 15:00:12,2026-05-26 18:39:46,RtopR Indonesia Official Shop,872180088,Shopee Mall(Non-CB),21465452323,BPOM RtopR Jahe Antibakteri Perawatan Kuku Onikomikosis Paronychia Anti Infeksi Kuku Toe Nail Pengobatan Jamur Minyak Esensial G,240201635341,Normal Product,0_440563346456990_1,Perawatan & Kecantikan,"Perawatan Tangan, Kaki & Kuku",Perawatan Kuku,43240,1,Komisi XTRA,,35815,,1.50%,537.225,2.50%,895.375,1432.6,0,0,0,,0,0.00%,0,100.00%,0,Selesai,,Pesanan dari Toko yang tidak Dipromosikan,Ada,rakdapur3,,,,,Websites
260527H4FU3JXX,Tertunda,233588942260362,2026-05-27 20:49:02,,2026-05-27 20:43:18,jtkids,150922635,Preferred(Non-CB),40912086278,JTKIDS DRESS ANAK PEREMPUAN HARUKA SNI,306012320382,Normal Product,,Fashion Bayi & Anak,Pakaian Anak Perempuan,Dress,20500,1,Komisi XTRA,,20500,,1.50%,307.5,10.00%,2050,2357.5,307.5,2050,2357.5,,0,0.00%,0,100.00%,2357.5,Tertunda,Pesanan sedang diproses. Komisi akan dikonfirmasi setelah pesanan selesai.,Pesanan Produk dari Toko yang Dipromosikan,Ada,dressanakperempuan,,,,,Facebook
260527H4491E8X,Tertunda,233588554226555,2026-05-27 20:42:35,,2026-05-27 18:51:41,MITRA MEDIKA BINTANG CEMERLANG,169561079,Preferred(Non-CB),40412092586,VEGETA HERBAL MINUMAN HERBAL UNTUK MELANCARKAN BAB (1 RENTENG@12 SACHET),261013555018,Normal Product,,Makanan & Minuman,Minuman,Minuman Tradisional & Herbal,38947,1,Komisi Shopee,,30036,,1.50%,450.54,0.00%,0,450.54,450.54,0,450.54,,0,0.00%,0,100.00%,450.54,Tertunda,Pesanan sedang diproses. Komisi akan dikonfirmasi setelah pesanan selesai.,Pesanan dari Toko yang tidak Dipromosikan,Ada,rakdapur3,,,,,Instagram
260527H2XCY8HS,Tertunda,233587283275898,2026-05-27 20:21:31,,2026-05-27 20:09:48,Devan craft,1233775012,C2C(Non-CB),51659055265,rak panci dan gantungan teplon,139498385339,Normal Product,,Perlengkapan Rumah,Perlengkapan Dapur,Rak Dapur,9999,2,Komisi XTRA,,19998,,0.00%,0,10.00%,1999.8,1999.8,0,1999.8,1999.8,,0,0.00%,0,100.00%,1999.8,Tertunda,Pesanan sedang diproses. Komisi akan dikonfirmasi setelah pesanan selesai.,Pesanan Produk dari Toko yang Dipromosikan,Ada,rakdapur3,,,,,Others
260527H0N4RW1R,Selesai,233584825202893,2026-05-27 19:40:26,2026-05-30 12:25:33,2026-05-27 19:01:01,Bhaskara.id,650560512,C2C(Non-CB),52152453722,AMENA Blouse Kemeja Atasan Wanita Kemeja Wanita Casual Terbaru,400238360973,Normal Product,,Pakaian Wanita,Atasan,Kemeja & Blouse,35550,1,Komisi XTRA,,33772,,0.00%,0,2.50%,844.3,844.3,0,844.3,844.3,,0,0.00%,0,100.00%,844.3,Selesai,,Pesanan dari Toko yang tidak Dipromosikan,Ada,rakdapur3,,,,,Others
260527H0E9EKUX,Dibatalkan,233584595233834,2026-05-27 19:36:35,--,2026-05-27 19:36:12,N2SHOP BABY KIDS,768272035,Preferred(Non-CB),24177234073,Set anak fernando,158607299633,Normal Product,,Fashion Bayi & Anak,Pakaian Anak Laki-Laki,Jas & Setelan,30500,0,Komisi Shopee,,0,28975,1.50%,0,0.00%,0,0,0,0,0,,0,0.00%,0,100.00%,0,Dibatalkan,Pembeli membatalkan pesanan.,Pesanan Produk dari Toko yang Dipromosikan,Ada,setanakfernando,,,,,Facebook
260527GYX4J7SW,Tertunda,233584053233806,2026-05-27 19:27:33,,2026-05-27 12:47:20,POTENS OFFICIAL STORE,635402754,Preferred(Non-CB),23845645291,POTENS PFL Lampu LED Flood Light / Lampu Sorot Warna Putih & Kuning 10-100 watt  Garansi Import,225320385733,Normal Product,,Perlengkapan Rumah,Lampu,,63125,2,Komisi XTRA,,113624,,1.50%,1704.36,1.00%,1136.24,2840.6,2843.43,1895.62,4739.05,,0,0.00%,0,100.00%,4739.05,Tertunda,Pesanan sedang diproses. Komisi akan dikonfirmasi setelah pesanan selesai.,Pesanan dari Toko yang tidak Dipromosikan,Ada,rakdapur3,,,,,Others
260527GYX4J7SW,Tertunda,233584053233806,2026-05-27 19:27:33,,2026-05-27 12:47:20,POTENS OFFICIAL STORE,635402754,Preferred(Non-CB),23845645291,POTENS PFL Lampu LED Flood Light / Lampu Sorot Warna Putih & Kuning 10-100 watt  Garansi Import,225320385737,Normal Product,,Perlengkapan Rumah,Lampu,,84375,1,Komisi XTRA,,75938,,1.50%,1139.07,1.00%,759.38,1898.45,0,0,0,,0,0.00%,0,100.00%,0,Tertunda,Pesanan sedang diproses. Komisi akan dikonfirmasi setelah pesanan selesai.,Pesanan dari Toko yang tidak Dipromosikan,Ada,rakdapur3,,,,,Others
260527GWXR3HU9,Tertunda,233581926240476,2026-05-27 18:52:10,,2026-05-26 08:22:35,FOMOWALK,1615266144,Preferred(Non-CB),42123180551,Sandal Japit Hyperstreet Pria desain embos - rubber empuk ringan yang pasti Anti Slip Size 38-43,261884082163,Normal Product,,Sepatu Pria,Sandal,Sandal Jepit,34900,1,Komisi Shopee,,32685,,1.50%,490.275,0.00%,0,490.275,980.535,0,980.535,,0,0.00%,0,100.00%,980.535,Tertunda,Pesanan sedang diproses. Komisi akan dikonfirmasi setelah pesanan selesai.,Pesanan dari Toko yang tidak Dipromosikan,Ada,rakdapur3,,,,,Others
260527GWXR3HU9,Tertunda,233581926240476,2026-05-27 18:52:10,,2026-05-26 08:22:35,FOMOWALK,1615266144,Preferred(Non-CB),42123180551,Sandal Japit Hyperstreet Pria desain embos - rubber empuk ringan yang pasti Anti Slip Size 38-43,261884082167,Normal Product,,Sepatu Pria,Sandal,Sandal Jepit,34900,1,Komisi Shopee,,32684,,1.50%,490.26,0.00%,0,490.26,0,0,0,,0,0.00%,0,100.00%,0,Tertunda,Pesanan sedang diproses. Komisi akan dikonfirmasi setelah pesanan selesai.,Pesanan dari Toko yang tidak Dipromosikan,Ada,rakdapur3,,,,,Others
260527GW97HSFM,Selesai,233581204235503,2026-05-27 18:40:04,2026-05-31 20:18:50,2026-05-27 18:31:41,penyimpanan9,997119450,Preferred(Non-CB),20594460460,[dapat diregangkan]Rak Dapur  Rak Microwave  Rak Oven  Rak Bumbu Dapur Rak  Panci Rak Penyimpanan Serbaguna,222154446134,Normal Product,,Perlengkapan Rumah,Perlengkapan Dapur,Rak Dapur,165000,1,Komisi XTRA,,148500,,1.50%,2227.5,3.00%,4455,6682.5,2227.5,4455,6682.5,,0,0.00%,0,100.00%,6682.5,Selesai,,Pesanan dari Toko yang tidak Dipromosikan,Ada,rakdapur3,,,,,Instagram
260527GTR9DATJ,Tertunda,233578488289944,2026-05-27 17:54:49,,2026-05-27 17:39:42,Nutrimart,12656836,Shopee Mall(Non-CB),23954712135,Tropicana Slim Sweetener Stevia 100 Sachet - Pemanis Alami untuk Batasi Gula,194579695233,Normal Product,,Makanan & Minuman,Kebutuhan Memasak,Pemanis,105000,1,Komisi XTRA,,76780,,1.50%,1151.7,2.00%,1535.6,2687.3,1151.7,1535.6,2687.3,,0,0.00%,0,100.00%,2687.3,Tertunda,Pesanan sedang diproses. Komisi akan dikonfirmasi setelah pesanan selesai.,Pesanan dari Toko yang tidak Dipromosikan,Ada,rakdapur3,,,,,Others
260527GT2VMWMN,Tertunda,233577770252936,2026-05-27 17:42:50,,2026-05-27 12:04:09,mettayunita,217569333,C2C(Non-CB),44504146399,SALE METTACOLLECTION,405979092920,Normal Product,,Fashion Bayi & Anak,Aksesoris Bayi & Anak,Perhiasan,10888,4,Komisi Shopee,,29179,,0.00%,0,0.00%,0,0,0,0,0,,0,0.00%,0,100.00%,0,Tertunda,Pesanan sedang diproses. Komisi akan dikonfirmasi setelah pesanan selesai.,Pesanan dari Toko yang tidak Dipromosikan,Ada,rakdapur3,,,,,Instagram
260527GSMTGPSA,Tertunda,233577298251684,2026-05-27 17:34:59,,2026-05-27 17:32:05,ozomi.id,703684547,Preferred(Non-CB),54809042766,OZOMI SETELAN BAJU ANAK LAKI-LAKI 0-4 TAHUN/SET BAJU ANAK COWOK (006),244212658936,Normal Product,,Fashion Bayi & Anak,Pakaian Anak Laki-Laki,Jas & Setelan,25500,1,Komisi XTRA,,25500,,1.50%,382.5,10.00%,2550,2932.5,382.5,2550,2932.5,,0,0.00%,0,100.00%,2932.5,Tertunda,Pesanan sedang diproses. Komisi akan dikonfirmasi setelah pesanan selesai.,Pesanan Produk dari Toko yang Dipromosikan,Ada,setanakfernando,,,,,Others
260527GRUMKQBW,Tertunda,233576453200195,2026-05-27 17:20:53,,2026-05-27 16:39:24,Padaringan.official,743262836,Preferred(Non-CB),43379672672,sarung bantal ukuran besar untuk dewasa size 60x45cm Motif Bunga bahan halus tidak luntur,390713811530,Normal Product,,Perlengkapan Rumah,Kamar Tidur,"Sprei, Sarung Bantal, & Sarung Guling",9450,2,Komisi XTRA,,16697,,1.50%,250.455,5.00%,834.85,1085.305,250.455,834.85,1085.305,,0,0.00%,0,100.00%,1085.305,Tertunda,Pesanan sedang diproses. Komisi akan dikonfirmasi setelah pesanan selesai.,Pesanan dari Toko yang tidak Dipromosikan,Ada,rakdapur3,,,,,Others
260527GRKSU2X8,Selesai,233576190258185,2026-05-27 17:16:31,2026-05-29 17:51:24,2026-05-27 05:05:36,SUN_CASE,991253586,Preferred(Non-CB),25238253454,Casing Hp Untuk Compitable With Samsung Galaxy A14 A02 A02S A03 A04 A04E A04S A10 A10S A11 A12 A13 A30 A20 A20S A30S A50 A50S A2,252011434668,Normal Product,,Handphone & Aksesoris,Aksesoris,Casing & Skin,18170,1,Komisi XTRA,,14536,,0.50%,72.68,1.00%,145.36,218.04,72.68,145.36,218.04,,0,0.00%,0,100.00%,218.04,Selesai,,Pesanan dari Toko yang tidak Dipromosikan,Ada,rakdapur3,,,,,Threads
260527GP9QXQ9K,Selesai,233573705244951,2026-05-27 16:35:09,2026-05-31 19:44:13,2026-05-26 18:46:42,OKK Indonesia Official Store,374620305,Preferred(Non-CB),55856001141,OKK Rak Bumbu Dapur & Rak Sayur Modern Rak Dinding Serbaguna Besi Minimalis Tempel Tanpa Bor,385544513842,Normal Product,,Perlengkapan Rumah,Perlengkapan Dapur,Rak Dapur,60999,1,Komisi XTRA,,57949,,1.50%,869.235,3.00%,1738.47,2607.705,869.235,1738.47,2607.705,,0,0.00%,0,100.00%,2607.705,Selesai,,Pesanan Produk dari Toko yang Dipromosikan,Ada,rakdapur3,,,,,Others
260527GN683JW0,Tertunda,233572514228622,2026-05-27 16:15:14,,2026-05-27 06:08:06,AlfredKids,61657934,Preferred(Non-CB),42810419866,SETELAN BAJU ANAK ARMY KANTONG ONE SET,395552543753,Normal Product,,Fashion Bayi & Anak,Pakaian Anak Laki-Laki,Jas & Setelan,25900,1,Komisi XTRA,,25900,,1.50%,388.5,5.00%,1295,1683.5,388.5,1295,1683.5,,0,0.00%,0,100.00%,1683.5,Tertunda,Pesanan sedang diproses. Komisi akan dikonfirmasi setelah pesanan selesai.,Pesanan dari Toko yang tidak Dipromosikan,Ada,setanakfernando,,,,,Others
260527GMDXW54B,Selesai,233571699276921,2026-05-27 16:01:46,2026-05-30 12:57:59,2026-05-27 14:49:35,kelin_home,1264480101,Preferred(Non-CB),54900922504,Lebar 32cm Lemari Plastik Lipat 1/2/3 Susun  / Rak Serbaguna Transparan Kapasitas Besar/Desain penutup tersembunyi,340082887183,Normal Product,,Perlengkapan Rumah,Furniture,Lemari & Kabinet,79000,1,Komisi Shopee,,72263,,1.50%,1083.945,0.00%,0,1083.945,1083.945,0,1083.945,,0,0.00%,0,100.00%,1083.945,Selesai,,Pesanan dari Toko yang tidak Dipromosikan,Ada,rakdapur3,,,,,Others
260527GJDJW9ES,Tertunda,233569539203799,2026-05-27 15:25:40,,2026-05-27 14:39:03,OLIVIV,1015195404,Preferred(Non-CB),40100429029,Gantungan Baju Akrilik Multifungsi Gantungan Sapu Pel Dinding Akrilik Mop Broom Holder Terbaru B-25,340886650779,Normal Product,,Perlengkapan Rumah,Organizer Rumah,Pengait,25536,1,Komisi XTRA,,20430,,1.50%,306.45,3.50%,715.05,1021.5,306.45,715.05,1021.5,,0,0.00%,0,100.00%,1021.5,Tertunda,Pesanan sedang diproses. Komisi akan dikonfirmasi setelah pesanan selesai.,Pesanan dari Toko yang tidak Dipromosikan,Ada,rakdapur3,,,,,Others
260527GJDJW9EQ,Tertunda,233569539203797,2026-05-27 15:25:40,,2026-05-27 14:39:03,barkaliving,175614473,C2C(Non-CB),27322224627,Tempat Sendok Tutup Engsel Cutlery Holder Garpu Sumpit Tertutup Estetik Kayu Minimalis,247377565599,Normal Product,,Perlengkapan Rumah,Peralatan Makan,Peralatan Makan Lainnya,68046,1,Komisi XTRA,,68046,,0.00%,0,4.00%,2721.84,2721.84,0,2721.84,2721.84,,0,0.00%,0,100.00%,2721.84,Tertunda,Pesanan sedang diproses. Komisi akan dikonfirmasi setelah pesanan selesai.,Pesanan dari Toko yang tidak Dipromosikan,Ada,rakdapur3,,,,,Others
260527GHQBF32K,Tertunda,233568793204014,2026-05-27 15:13:13,,2026-05-23 14:42:53,Unilever Food Solutions Official,17850010,Shopee Mall(Non-CB),16731794541,Lipton STL Chamomile 25S,124868886945,Normal Product,,Makanan & Minuman,Minuman,Teh,73000,1,Komisi XTRA,,68000,,1.50%,1020,1.00%,680,1700,1020,680,1700,,0,0.00%,0,100.00%,1700,Tertunda,Pesanan sedang diproses. Komisi akan dikonfirmasi setelah pesanan selesai.,Pesanan dari Toko yang tidak Dipromosikan,Ada,rakdapur3,,,,,Instagram
260527GHDV6VNS,Tertunda,233568475219184,2026-05-27 15:07:55,,2026-05-26 00:51:41,AZKO Indonesia,229515338,Shopee Mall(Non-CB),18082793910,AZKO Krisbow 8 inci Exhaust Fan Plafon Kipas Ventilasi Ceiling Fan Exhaust Pipe Fan Kipas Plafon Kamar Mandi,158317809034,Normal Product,,Elektronik,Peralatan Listrik Besar,Pendingin Ruangan,329900,2,Komisi XTRA,,548820,,0.50%,2744.1,2.00%,10976.4,13720.5,2744.1,10976.4,13720.5,,0,0.00%,0,100.00%,13720.5,Tertunda,Pesanan sedang diproses. Komisi akan dikonfirmasi setelah pesanan selesai.,Pesanan dari Toko yang tidak Dipromosikan,Ada,rakdapur3,,,,,Instagram
260527GHBHTCBJ,Dibatalkan,233568397210585,2026-05-27 15:06:37,--,2026-05-26 22:33:17,Gamma Studio,1478692899,C2C(Non-CB),28327271296,CETAK FOTO 40x60 MEDIA PAPAN MDF PRINT GLOSSY 6 MM,247714461228,Normal Product,,Perlengkapan Rumah,Dekorasi,Bingkai Foto & Pajangan Dinding,42500,0,Komisi XTRA,,0,80750,0.00%,0,1.50%,0,0,0,0,0,,0,0.00%,0,100.00%,0,Dibatalkan,Penjual membatalkan pesanan.,Pesanan dari Toko yang tidak Dipromosikan,Ada,rakdapur3,,,,,Others
260527GGP0C34N,Tertunda,233567674278894,2026-05-27 14:54:42,,2026-05-27 10:43:44,Mie Sagu Bu Tuti Pekanbaru,1418151112,Preferred(Non-CB),26970150513,Mie Sagu Bu Tuti Instan Khas Riau,223565340220,Normal Product,,Makanan & Minuman,Makanan Instan,Mie & Pasta Instan,23500,1,Komisi XTRA,,19126,,1.50%,286.89,2.50%,478.15,765.04,1442.07,3850.65,5292.72,,0,0.00%,0,100.00%,5292.72,Tertunda,Pesanan sedang diproses. Komisi akan dikonfirmasi setelah pesanan selesai.,Pesanan dari Toko yang tidak Dipromosikan,Ada,katalog,rak,,,,Others
260527GGP0C34N,Tertunda,233567674278894,2026-05-27 14:54:42,,2026-05-27 10:43:44,Mie Sagu Bu Tuti Pekanbaru,1418151112,Preferred(Non-CB),26970150513,Mie Sagu Bu Tuti Instan Khas Riau,223565340221,Normal Product,,Makanan & Minuman,Makanan Instan,Mie & Pasta Instan,23500,1,Komisi XTRA,,19124,,1.50%,286.86,2.50%,478.1,764.96,0,0,0,,0,0.00%,0,100.00%,0,Tertunda,Pesanan sedang diproses. Komisi akan dikonfirmasi setelah pesanan selesai.,Pesanan dari Toko yang tidak Dipromosikan,Ada,katalog,rak,,,,Others
260527GGP0C34N,Tertunda,233567674278894,2026-05-27 14:54:42,,2026-05-27 10:43:44,Mie Sagu Bu Tuti Pekanbaru,1418151112,Preferred(Non-CB),55954714741,PROMO Mie Sagu Instan Bundling 3 Bungkus Hemat & Sehat Mie Sagu Bu Tuti,272336605050,Normal Product,,Makanan & Minuman,Makanan Instan,Mie & Pasta Instan,64321,1,Komisi XTRA,,57888,,1.50%,868.32,5.00%,2894.4,3762.72,0,0,0,,0,0.00%,0,100.00%,0,Tertunda,Pesanan sedang diproses. Komisi akan dikonfirmasi setelah pesanan selesai.,Pesanan dari Toko yang tidak Dipromosikan,Ada,katalog,rak,,,,Others
260527GGKCCXMU,Tertunda,233567586224757,2026-05-27 14:53:06,,2026-05-26 17:12:47,Sempak Keluarga,354399801,Preferred(Non-CB),22976836219,3 PCS CELANA DALAM PRIA JUMBO GM 41012/SEMPAK JUMBO/CD PRIA BESAR/ CELANA DALAM BIG SIZE,221914318772,Normal Product,,Pakaian Pria,Pakaian Dalam,Celana Dalam,60000,1,Komisi XTRA,,56000,,1.50%,840,0.50%,280,1120,840,280,1120,,0,0.00%,0,100.00%,1120,Tertunda,Pesanan sedang diproses. Komisi akan dikonfirmasi setelah pesanan selesai.,Pesanan dari Toko yang tidak Dipromosikan,Ada,WallpaperDindingVinyl,,,,,Facebook
260527GESWRJ6V,Tertunda,233565658273594,2026-05-27 14:21:06,,2026-05-27 14:19:11,Jaya makmur 2,33759271,Preferred(Non-CB),6012418575,1kg keripik usus ayam jaya makmur 2 snack,12100306428,Normal Product,,Makanan & Minuman,Makanan Ringan,Keripik & Kerupuk,55301,1,Komisi XTRA,,51429,,1.50%,771.435,2.50%,1285.725,2057.16,2087.67,3479.45,5567.12,,0,0.00%,0,100.00%,5567.12,Tertunda,Pesanan sedang diproses. Komisi akan dikonfirmasi setelah pesanan selesai.,Pesanan dari Toko yang tidak Dipromosikan,Ada,rakdapur3,,,,,Facebook
260527GESWRJ6V,Tertunda,233565658273594,2026-05-27 14:21:06,,2026-05-27 14:19:11,Jaya makmur 2,33759271,Preferred(Non-CB),15686721023,kripik kulit ayam crispy 500gram,173107464050,Normal Product,,Makanan & Minuman,Makanan Ringan,Keripik & Kerupuk,46363,2,Komisi XTRA,,86235,,1.50%,1293.525,2.50%,2155.875,3449.4,0,0,0,,0,0.00%,0,100.00%,0,Tertunda,Pesanan sedang diproses. Komisi akan dikonfirmasi setelah pesanan selesai.,Pesanan dari Toko yang tidak Dipromosikan,Ada,rakdapur3,,,,,Facebook
260527GESWRJ6V,Tertunda,233565658273594,2026-05-27 14:21:06,,2026-05-27 14:19:11,Jaya makmur 2,33759271,Preferred(Non-CB),4702735603,BUBLE WRAP TAMBAHAN PACKING LEBIH AMAN,22044215066,Normal Product,,Buku & Alat Tulis,Pembungkus Kado & Kemasan,Bubble Wrap,1627,1,Komisi XTRA,,1514,,1.50%,22.71,2.50%,37.85,60.56,0,0,0,,0,0.00%,0,100.00%,0,Tertunda,Pesanan sedang diproses. Komisi akan dikonfirmasi setelah pesanan selesai.,Pesanan dari Toko yang tidak Dipromosikan,Ada,rakdapur3,,,,,Facebook
260527GEG6V8VM,Tertunda,233565332288932,2026-05-27 14:15:33,,2026-05-27 14:15:06,Lumipet Official Store,1410251686,Shopee Mall(Non-CB),42715147076,Pet Grooming Gloves Cat Hair Removal Tool - Sarung Tangan Pembersih Bulu Kucing/Anjing Sofa ataupun Pakaian,281252661283,Normal Product,,Hewan Peliharaan,Grooming Hewan,Perawatan Rambut,31500,1,Komisi XTRA,,29925,,1.50%,448.875,3.00%,897.75,1346.625,448.875,897.75,1346.625,,0,0.00%,0,100.00%,1346.625,Tertunda,Pesanan sedang diproses. Komisi akan dikonfirmasi setelah pesanan selesai.,Pesanan Produk dari Toko yang Dipromosikan,Ada,rakdapur3,,,,,Others
260527GDGYDNFG,Tertunda,233564284281333,2026-05-27 13:58:05,,2026-05-27 12:56:51,El-Shanum_Store,1652372474,C2C(Non-CB),42373815143,"Headband Bandana Korea Lembut, Cantik, Lucu, Sport, dan Gaya",128434401515,Normal Product,,Aksesoris Fashion,Aksesoris Rambut,Bando & Bandana,4500,1,Komisi XTRA,,4393,,0.00%,0,5.00%,219.65,219.65,0,219.65,219.65,,0,0.00%,0,100.00%,219.65,Tertunda,Pesanan sedang diproses. Komisi akan dikonfirmasi setelah pesanan selesai.,Pesanan dari Toko yang tidak Dipromosikan,Ada,rakdapur3,,,,,Facebook
260527GC3E5387,Tertunda,233562756225325,2026-05-27 13:32:36,,2026-05-26 13:39:40,Garage sticker official,1023486514,Preferred(Non-CB),27626293705,satu set stiker bintang petir kanan kiri cutting sticker striping universal motor isi 6,242646747455,Normal Product,,Sepeda Motor,Aksesoris Sepeda Motor,"Stiker, Logo, & Emblem",22000,1,Komisi Shopee,,18331,,1.50%,274.965,0.00%,0,274.965,299.85,0,299.85,,0,0.00%,0,100.00%,299.85,Tertunda,Pesanan sedang diproses. Komisi akan dikonfirmasi setelah pesanan selesai.,Pesanan dari Toko yang tidak Dipromosikan,Ada,rakdapur3,,,,,Facebook
260527GC3E5387,Tertunda,233562756225325,2026-05-27 13:32:36,,2026-05-26 13:39:40,Garage sticker official,1023486514,Preferred(Non-CB),29908183293,Sticker fox kepala serigala cutting stiker wolf keren promo stikerr,207731257994,Normal Product,,Sepeda Motor,Aksesoris Sepeda Motor,"Stiker, Logo, & Emblem",1990,1,Komisi Shopee,,1659,,1.50%,24.885,0.00%,0,24.885,0,0,0,,0,0.00%,0,100.00%,0,Tertunda,Pesanan sedang diproses. Komisi akan dikonfirmasi setelah pesanan selesai.,Pesanan dari Toko yang tidak Dipromosikan,Ada,rakdapur3,,,,,Facebook
260527GBQJK9NW,Tertunda,233562358235695,2026-05-27 13:25:58,,2026-05-27 13:04:53,Chosmo Mall,460890067,Preferred(Non-CB),21723907383,Rak Piring Wastafel Dapur Stainless Steel Multi-fungsi Dengan Penutup,247390259184,Normal Product,,Perlengkapan Rumah,Perlengkapan Dapur,Rak Dapur,679400,1,Komisi XTRA,,584284,,1.50%,8764.26,3.50%,20449.94,29214.2,8764.26,20449.94,29214.2,,0,0.00%,0,100.00%,29214.2,Tertunda,Pesanan sedang diproses. Komisi akan dikonfirmasi setelah pesanan selesai.,Pesanan dari Toko yang tidak Dipromosikan,Ada,rakdapur3,,,,,Facebook
260527GAP2QC56,Selesai,233561235294828,2026-05-27 13:07:36,2026-05-30 19:49:08,2026-05-27 12:43:51,BADRU STORE,14959823,Preferred(Non-CB),24867307182,Tikar Lipat hajatan 180 x 200 cm MACAN PUTIH / 180 X 180 AYB / 180 x 200 PANDA,98882369828,Normal Product,,Perlengkapan Rumah,Dekorasi,Karpet & Tikar,54100,2,Komisi XTRA,,97380,,1.50%,1460.7,0.50%,486.9,1947.6,1460.7,486.9,1947.6,,0,0.00%,0,100.00%,1947.6,Selesai,,Pesanan dari Toko yang tidak Dipromosikan,Ada,rakdapur3,,,,,Others
260527GA2VF7G2,Tertunda,233560590206442,2026-05-27 12:56:31,,2026-05-27 12:54:38,Herbal Nusantaranew,984513688,C2C(Non-CB),45555402801,Teh Serai Kunyit dan Jahe : Lemongrass Tumeric Ginger tea isi 30 tea bag,267367615711,Normal Product,,Makanan & Minuman,Minuman,Teh,16200,1,Komisi XTRA,,16200,,0.00%,0,7.00%,1134,1134,0,1134,1134,,0,0.00%,0,100.00%,1134,Tertunda,Pesanan sedang diproses. Komisi akan dikonfirmasi setelah pesanan selesai.,Pesanan dari Toko yang tidak Dipromosikan,Ada,setanakfernando,,,,,Others
260527G9YW6BK8,Tertunda,233560491290945,2026-05-27 12:55:12,,2026-05-27 12:53:48,N2SHOP BABY KIDS,768272035,Preferred(Non-CB),24177234073,Set anak fernando,158607299637,Normal Product,,Fashion Bayi & Anak,Pakaian Anak Laki-Laki,Jas & Setelan,30500,1,Komisi Shopee,,30500,,1.50%,457.5,0.00%,0,457.5,457.5,0,457.5,,0,0.00%,0,100.00%,457.5,Tertunda,Pesanan sedang diproses. Komisi akan dikonfirmasi setelah pesanan selesai.,Pesanan Produk dari Toko yang Dipromosikan,Ada,setanakfernando,,,,,Facebook
260527G8XYBKJ9,Tertunda,233559385266559,2026-05-27 12:36:25,,2026-05-26 16:06:47,A&R Sparepart,701508055,C2C(Non-CB),40272986246,"Amplop Kondangan Pernikahan Tema Batik & Wayang | Estetik, Elegan, Unik dan Terjangkau Isi 50 PCS",243994380245,Normal Product,,Buku & Alat Tulis,Surat-Menyurat,Amplop & Angpau,18799,1,Komisi XTRA,,16952,,0.00%,0,3.50%,593.32,593.32,0,1284.395,1284.395,,0,0.00%,0,100.00%,1284.395,Tertunda,Pesanan sedang diproses. Komisi akan dikonfirmasi setelah pesanan selesai.,Pesanan dari Toko yang tidak Dipromosikan,Ada,rakdapur3,,,,,Instagram
260527G8XYBKJ9,Tertunda,233559385266559,2026-05-27 12:36:25,,2026-05-26 16:06:47,A&R Sparepart,701508055,C2C(Non-CB),49654491258,AMPLOP ELEGAN FREE KUSTOM NAMA DAN ALAMAT BANYAK MOTIF PREMIUM | BAHAN AMPLOP PAPERLINETEBAL & PRESISI | ISI 50 PCS,360418734649,Normal Product,,Buku & Alat Tulis,Surat-Menyurat,Amplop & Angpau,21898,1,Komisi XTRA,,19745,,0.00%,0,3.50%,691.075,691.075,0,0,0,,0,0.00%,0,100.00%,0,Tertunda,Pesanan sedang diproses. Komisi akan dikonfirmasi setelah pesanan selesai.,Pesanan dari Toko yang tidak Dipromosikan,Ada,rakdapur3,,,,,Instagram
260527G8V9GS7H,Selesai,233559295258108,2026-05-27 12:34:55,2026-05-29 16:01:22,2026-05-26 22:55:14,fs_womenwear,18223888,Preferred(Non-CB),26403753375,Mighty Atasan Oversize Wanita Loose panjang,251603639416,Normal Product,,Pakaian Wanita,Atasan,Kaos,148500,1,Komisi XTRA,,129740,,1.50%,1946.1,1.50%,1946.1,3892.2,1946.1,1946.1,3892.2,,0,0.00%,0,100.00%,3892.2,Selesai,,Pesanan dari Toko yang tidak Dipromosikan,Ada,rakdapur3,,,,,Instagram
260527G7V897GS,Tertunda,233558220221546,2026-05-27 12:17:01,,2026-05-27 11:34:55,SouvenirCandiPrambanan,10159839,Preferred(Non-CB),699324435,READY STOCK! BEST SELLER! 1 SET (20 PCS) GANTUNGAN KUNCI BONEKA BAHAN KAYU DAN BATOK SOUVENIR JOGJA,51162788823,Normal Product,,Hobi & Koleksi,Souvenir & Hadiah,Gantungan Kunci,50000,5,Komisi XTRA,,225000,,1.50%,3375,0.50%,1125,4500,3375,1125,4500,,0,0.00%,0,100.00%,4500,Tertunda,Pesanan sedang diproses. Komisi akan dikonfirmasi setelah pesanan selesai.,Pesanan dari Toko yang tidak Dipromosikan,Ada,rakdapur3,,,,,Instagram
260527G6AW05VK,Tertunda,233556564222735,2026-05-27 11:49:24,,2026-05-27 11:23:40,Goto Living,8459024,Shopee Mall(Non-CB),42754237734,Goto Ligo Oil Jar Tempat Minyak Goreng Botol Kaca Spray 2 In 1,275359568903,Normal Product,,Perlengkapan Rumah,Perlengkapan Dapur,Tempat Penyimpanan Makanan,26900,1,Komisi XTRA,,20704,,1.50%,310.56,0.50%,103.52,414.08,2986.11,1617.9,4604.01,,0,0.00%,0,100.00%,4604.01,Tertunda,Pesanan sedang diproses. Komisi akan dikonfirmasi setelah pesanan selesai.,Pesanan dari Toko yang tidak Dipromosikan,Ada,rakdapur3,,,,,Instagram
260527G6AW05VK,Tertunda,233556564222735,2026-05-27 11:49:24,,2026-05-27 11:23:40,Goto Living,8459024,Shopee Mall(Non-CB),53754183229,Goto [COD] Hano Keset Lantai Dapur Kamar Mandi Rumah Anti Slip Floor Mat Serap Air Premium,445397585667,Normal Product,,Perlengkapan Rumah,Dekorasi,Keset,80900,1,Komisi XTRA,,62253,,1.50%,933.795,1.50%,933.795,1867.59,0,0,0,,0,0.00%,0,100.00%,0,Tertunda,Pesanan sedang diproses. Komisi akan dikonfirmasi setelah pesanan selesai.,Pesanan dari Toko yang tidak Dipromosikan,Ada,rakdapur3,,,,,Instagram
260527G6AW05VK,Tertunda,233556564222735,2026-05-27 11:49:24,,2026-05-27 11:23:40,Goto Living,8459024,Shopee Mall(Non-CB),40130134893,(Crazy Deal) Goto Jubu Food Storage Container Toples Plastik Bening Kotak Makanan,282545619798,Normal Product,,Perlengkapan Rumah,Perlengkapan Dapur,Tempat Penyimpanan Makanan,22900,2,Komisi XTRA,,35244,,1.50%,528.66,0.50%,176.22,704.88,0,0,0,,0,0.00%,0,100.00%,0,Tertunda,Pesanan sedang diproses. Komisi akan dikonfirmasi setelah pesanan selesai.,Pesanan dari Toko yang tidak Dipromosikan,Ada,rakdapur3,,,,,Instagram
260527G6AW05VK,Tertunda,233556564222735,2026-05-27 11:49:24,,2026-05-27 11:23:40,Goto Living,8459024,Shopee Mall(Non-CB),40130134893,(Crazy Deal) Goto Jubu Food Storage Container Toples Plastik Bening Kotak Makanan,282545619803,Normal Product,,Perlengkapan Rumah,Perlengkapan Dapur,Tempat Penyimpanan Makanan,26900,2,Komisi XTRA,,41398,,1.50%,620.97,0.50%,206.99,827.96,0,0,0,,0,0.00%,0,100.00%,0,Tertunda,Pesanan sedang diproses. Komisi akan dikonfirmasi setelah pesanan selesai.,Pesanan dari Toko yang tidak Dipromosikan,Ada,rakdapur3,,,,,Instagram
260527G6AW05VK,Tertunda,233556564222735,2026-05-27 11:49:24,,2026-05-27 11:23:40,Goto Living,8459024,Shopee Mall(Non-CB),41327292706,(Special Offer) Goto Whiz Lunch Cooler Bag Box Tas Jinjing Bekal Polos Kecil Besar,445308346537,Normal Product,,Perlengkapan Rumah,Perlengkapan Dapur,Tempat Penyimpanan Makanan,51300,1,Komisi XTRA,,39475,,1.50%,592.125,0.50%,197.375,789.5,0,0,0,,0,0.00%,0,100.00%,0,Tertunda,Pesanan sedang diproses. Komisi akan dikonfirmasi setelah pesanan selesai.,Pesanan dari Toko yang tidak Dipromosikan,Ada,rakdapur3,,,,,Instagram
260527G6AW05VJ,Tertunda,233556564222735,2026-05-27 11:49:24,,2026-05-27 11:23:40,Huge Rack Mall.id,880863565,Preferred(Non-CB),25979974485,Rak Bumbu Dapur Stainless Steel Rak Bumbu Dapur Estetik Rak Botol Bumbu Rak Penyimpanan Bumbu Dapur Rak Bumbu 3 Susun,240807909312,Normal Product,,Perlengkapan Rumah,Perlengkapan Dapur,Rak Dapur,152785,1,Komisi XTRA,,136127,,1.50%,2041.905,1.50%,2041.905,4083.81,2041.905,2041.905,4083.81,,0,0.00%,0,100.00%,4083.81,Tertunda,Pesanan sedang diproses. Komisi akan dikonfirmasi setelah pesanan selesai.,Pesanan dari Toko yang tidak Dipromosikan,Ada,rakdapur3,,,,,Instagram
260527G4TG92YK,Selesai,233554940273415,2026-05-27 11:22:27,2026-05-30 15:55:13,2026-05-26 23:43:14,Focallure Beau Indonesia,108344563,Preferred(Non-CB),19768909346,FOCALLURE#AmberGold Streamer City Amber  High Pigment Eyeshadow Palette Silky Smooth Long Wear Waterproof 4 Shades,213568316799,Normal Product,,Perawatan & Kecantikan,Kosmetik,Kosmetik Mata,61750,1,Komisi XTRA,,49750,,1.50%,746.25,1.50%,746.25,1492.5,746.25,746.25,1492.5,,0,0.00%,0,100.00%,1492.5,Selesai,,Pesanan dari Toko yang tidak Dipromosikan,Ada,rakdapur3,,,,,Threads
260527G2TS99X9,Tertunda,233552802237441,2026-05-27 10:46:42,,2026-05-27 10:29:50,NajwaFashionMuslim,67693195,Preferred(Non-CB),24808864191,(READY) Sajadah Travel Jumbo Ukuran 105x60 / Sajadah Lipat dengan Pouch Anti Ribet - Teman Ibadah Lebih Praktis Part II,380942697361,Normal Product,,Fashion Muslim,Mukena & Perlengkapan Sholat,Sajadah,9499,1,Komisi XTRA,,7701,,1.50%,115.515,5.00%,385.05,500.565,2311.605,10067.72,12379.325,,0,0.00%,0,100.00%,12379.325,Tertunda,Pesanan sedang diproses. Komisi akan dikonfirmasi setelah pesanan selesai.,Pesanan Produk dari Toko yang Dipromosikan,Ada,Atayasetelankaosanak,,,,,Facebook
260527G2TS99X9,Tertunda,233552802237441,2026-05-27 10:46:42,,2026-05-27 10:29:50,NajwaFashionMuslim,67693195,Preferred(Non-CB),26662594053,Najwa - Ataya Setelan Kaos Anak Perempuan Karakter Digital Printing Terlaris / Fashion Oneset Baju Pendek & Celana / Rok Pendek ,262619324527,Normal Product,,Fashion Bayi & Anak,Pakaian Anak Perempuan,Jas & Setelan,29890,1,Komisi XTRA,,24209,,1.50%,363.135,10.00%,2420.9,2784.035,0,0,0,,0,0.00%,0,100.00%,0,Tertunda,Pesanan sedang diproses. Komisi akan dikonfirmasi setelah pesanan selesai.,Pesanan Produk dari Toko yang Dipromosikan,Ada,Atayasetelankaosanak,,,,,Facebook
260527G2TS99X9,Tertunda,233552802237441,2026-05-27 10:46:42,,2026-05-27 10:29:50,NajwaFashionMuslim,67693195,Preferred(Non-CB),29654530420,Najwa - Setelan Anak Perempuan Lisna Motif Korean Style / Fashion Oneset Anak Perempuan Lucu Terbaru,265124544130,Normal Product,,Fashion Bayi & Anak,Pakaian Anak Perempuan,Jas & Setelan,37990,1,Komisi XTRA,,30770,,1.50%,461.55,10.00%,3077,3538.55,0,0,0,,0,0.00%,0,100.00%,0,Tertunda,Pesanan sedang diproses. Komisi akan dikonfirmasi setelah pesanan selesai.,Pesanan Produk dari Toko yang Dipromosikan,Ada,Atayasetelankaosanak,,,,,Facebook
260527G2TS99X9,Tertunda,233552802237441,2026-05-27 10:46:42,,2026-05-27 10:29:50,NajwaFashionMuslim,67693195,Preferred(Non-CB),42124133765,NAJWA  - READY STOCK  Dress Anak Linen Zamora Korean Style Terlaris / Fashion Mini Dress Anak Perempuan Terbaru,375915251860,Normal Product,,Fashion Bayi & Anak,Pakaian Anak Perempuan,Jas & Setelan,36890,1,Komisi Shopee,,33200,,1.50%,498,0.00%,0,498,0,0,0,,0,0.00%,0,100.00%,0,Tertunda,Pesanan sedang diproses. Komisi akan dikonfirmasi setelah pesanan selesai.,Pesanan Produk dari Toko yang Dipromosikan,Ada,Atayasetelankaosanak,,,,,Facebook
260527G2TS99X9,Tertunda,233552802237441,2026-05-27 10:46:42,,2026-05-27 10:29:50,NajwaFashionMuslim,67693195,Preferred(Non-CB),52508995957,Najwa -  Piyama Anak Perempuan Teodora Motif Lucu Kekinian / Setelan Baju Tidur Anak Perempuan Lengan Pendek Celana Panjang Terl,410797357739,Normal Product,,Fashion Bayi & Anak,Pakaian Anak Perempuan,Baju Tidur,42999,1,Komisi XTRA,,34828,,1.50%,522.42,10.00%,3482.8,4005.22,0,0,0,,0,0.00%,0,100.00%,0,Tertunda,Pesanan sedang diproses. Komisi akan dikonfirmasi setelah pesanan selesai.,Pesanan Produk dari Toko yang Dipromosikan,Ada,Atayasetelankaosanak,,,,,Facebook
260527G2TS99X9,Tertunda,233552802237441,2026-05-27 10:46:42,,2026-05-27 10:29:50,NajwaFashionMuslim,67693195,Preferred(Non-CB),22479789741,Najwa - Setelan Geya Anak Perempuan / One Set Haira Sablon Kucing,222008918151,Normal Product,,Fashion Bayi & Anak,Pakaian Anak Perempuan,Jas & Setelan,28890,1,Komisi XTRA,,23399,,1.50%,350.985,3.00%,701.97,1052.955,0,0,0,,0,0.00%,0,100.00%,0,Tertunda,Pesanan sedang diproses. Komisi akan dikonfirmasi setelah pesanan selesai.,Pesanan Produk dari Toko yang Dipromosikan,Ada,Atayasetelankaosanak,,,,,Facebook
260527G1YYXKWD,Tertunda,233551903251392,2026-05-27 10:31:44,,2026-05-26 19:58:55,Logam Indah,804888665,Preferred(Non-CB),43178784282,Rak Gantung Kolong Kitchen Set Tarik Dorong Minimalis,335565761773,Normal Product,,Perlengkapan Rumah,Perlengkapan Dapur,Rak Dapur,29417,2,Komisi XTRA,,58834,,1.50%,882.51,4.00%,2353.36,3235.87,882.51,2353.36,3235.87,,0,0.00%,0,100.00%,3235.87,Tertunda,Pesanan sedang diproses. Komisi akan dikonfirmasi setelah pesanan selesai.,Pesanan Produk dari Toko yang Dipromosikan,Ada,rakdapur3,,,,,Others
260527G1H25ATU,Tertunda,233551402257855,2026-05-27 10:23:22,,2026-05-27 08:37:24,LAKOE INDONESIA,230992627,Preferred(Non-CB),28924142569,LAKOE Cetakan Es Batu Persegi Cetakan Wadah Mpasi Cetakan Tempat Es Batu 15 Kotak,119383397002,Normal Product,0_406401986085756_1,Perlengkapan Rumah,Perlengkapan Dapur,Perlengkapan Dapur Lainnya,25344,1,Komisi XTRA,,24837,,1.50%,372.555,0.50%,124.185,496.74,2522.325,840.775,3363.1,,0,0.00%,0,100.00%,3363.1,Tertunda,Pesanan sedang diproses. Komisi akan dikonfirmasi setelah pesanan selesai.,Pesanan dari Toko yang tidak Dipromosikan,Ada,rakdapur3,,,,,Facebook
260527G1H25ATU,Tertunda,233551402257855,2026-05-27 10:23:22,,2026-05-27 08:37:24,LAKOE INDONESIA,230992627,Preferred(Non-CB),29255542140,LAKOE Training Cup Bayi Gelas Susu Anak Sedotan Anti Tumpah 160ml sippy cup,217657701191,Normal Product,0_406401986085756_1,Ibu & Bayi,Perlengkapan Makan Bayi,Peralatan Makan,27324,1,Komisi XTRA,,26777,,1.50%,401.655,0.50%,133.885,535.54,0,0,0,,0,0.00%,0,100.00%,0,Tertunda,Pesanan sedang diproses. Komisi akan dikonfirmasi setelah pesanan selesai.,Pesanan dari Toko yang tidak Dipromosikan,Ada,rakdapur3,,,,,Facebook
260527G1H25ATU,Tertunda,233551402257855,2026-05-27 10:23:22,,2026-05-27 08:37:24,LAKOE INDONESIA,230992627,Preferred(Non-CB),43005273217,Lakoe Mainan Kerincingan Bayi Gigitan Teether Bayi BPA Free,275445332821,Normal Product,0_406401986085756_1,Ibu & Bayi,Mainan,Mainan Bayi & Anak,26631,1,Komisi XTRA,,26098,,1.50%,391.47,0.50%,130.49,521.96,0,0,0,,0,0.00%,0,100.00%,0,Tertunda,Pesanan sedang diproses. Komisi akan dikonfirmasi setelah pesanan selesai.,Pesanan dari Toko yang tidak Dipromosikan,Ada,rakdapur3,,,,,Facebook
260527G1H25ATU,Tertunda,233551402257855,2026-05-27 10:23:22,,2026-05-27 08:37:24,LAKOE INDONESIA,230992627,Preferred(Non-CB),24391409243,LAKOE Celemek Makan Bayi Bib Slabber Bayi Anti Air Bpa Free,185785349674,Normal Product,,Ibu & Bayi,Perlengkapan Makan Bayi,Celemek Bayi,12500,1,Komisi XTRA,,12249,,1.50%,183.735,0.50%,61.245,244.98,0,0,0,,0,0.00%,0,100.00%,0,Tertunda,Pesanan sedang diproses. Komisi akan dikonfirmasi setelah pesanan selesai.,Pesanan dari Toko yang tidak Dipromosikan,Ada,rakdapur3,,,,,Facebook
260527G1H25ATU,Tertunda,233551402257855,2026-05-27 10:23:22,,2026-05-27 08:37:24,LAKOE INDONESIA,230992627,Preferred(Non-CB),24939807862,LAKOE Clemek Makan Bayi Celemek Baju Anak Bayi Bib Celemek Bayi Tahan Air,195672227332,Normal Product,0_406401986085756_1,Ibu & Bayi,Perlengkapan Makan Bayi,Celemek Bayi,37521,1,Komisi XTRA,,36770,,1.50%,551.55,0.50%,183.85,735.4,0,0,0,,0,0.00%,0,100.00%,0,Tertunda,Pesanan sedang diproses. Komisi akan dikonfirmasi setelah pesanan selesai.,Pesanan dari Toko yang tidak Dipromosikan,Ada,rakdapur3,,,,,Facebook
260527G1H25ATU,Tertunda,233551402257855,2026-05-27 10:23:22,,2026-05-27 08:37:24,LAKOE INDONESIA,230992627,Preferred(Non-CB),25125910908,LAKOE 2pcs sendok mpasi silikon Training Spoon Bayi Sendok Makan Anak Sendok Belajar Makan Bayi,168166510869,Normal Product,,Ibu & Bayi,Perlengkapan Makan Bayi,Peralatan Makan,21900,1,Komisi XTRA,,21461,,1.50%,321.915,0.50%,107.305,429.22,0,0,0,,0,0.00%,0,100.00%,0,Tertunda,Pesanan sedang diproses. Komisi akan dikonfirmasi setelah pesanan selesai.,Pesanan dari Toko yang tidak Dipromosikan,Ada,rakdapur3,,,,,Facebook
260527G1H25ATU,Tertunda,233551402257855,2026-05-27 10:23:22,,2026-05-27 08:37:24,LAKOE INDONESIA,230992627,Preferred(Non-CB),27517230010,LAKOE  Alat Penghancur Kentang Potato Masher Presser Baby Food Mpasi,223447033334,Normal Product,,Ibu & Bayi,Perlengkapan Makan Bayi,Food Processor,7200,1,Komisi XTRA,,7058,,1.50%,105.87,0.50%,35.29,141.16,0,0,0,,0,0.00%,0,100.00%,0,Tertunda,Pesanan sedang diproses. Komisi akan dikonfirmasi setelah pesanan selesai.,Pesanan dari Toko yang tidak Dipromosikan,Ada,rakdapur3,,,,,Facebook
260527G1H25ATU,Tertunda,233551402257855,2026-05-27 10:23:22,,2026-05-27 08:37:24,LAKOE INDONESIA,230992627,Preferred(Non-CB),28307219309,LAKOE Dot Buah Bayi Empeng Buah Bayi Fruit Feeder Silicone Lembut BPA Free,176610451521,Normal Product,0_406401986085756_1,Ibu & Bayi,Perlengkapan Makan Bayi,Dot Bayi,13167,1,Komisi XTRA,,12905,,1.50%,193.575,0.50%,64.525,258.1,0,0,0,,0,0.00%,0,100.00%,0,Tertunda,Pesanan sedang diproses. Komisi akan dikonfirmasi setelah pesanan selesai.,Pesanan dari Toko yang tidak Dipromosikan,Ada,rakdapur3,,,,,Facebook
260527FWM77VTV,Tertunda,233547213270048,2026-05-27 09:13:40,,2026-05-26 18:57:46,My beauty skin_,241186945,Preferred(Non-CB),23087586771,LULUR BEDDA LOTONG (LULUR HITAM),222332396421,Normal Product,,Perawatan & Kecantikan,Perawatan Tubuh,Scrub & Peel Tubuh,4600,2,Komisi Shopee,,8080,,1.50%,121.2,0.00%,0,121.2,121.2,0,121.2,,0,0.00%,0,100.00%,121.2,Tertunda,Pesanan sedang diproses. Komisi akan dikonfirmasi setelah pesanan selesai.,Pesanan dari Toko yang tidak Dipromosikan,Ada,rakdapur3,,,,,Threads
260527FVXJVQWW,Selesai,233546488296020,2026-05-27 09:01:49,2026-05-30 17:47:24,2026-05-27 04:40:04,de.ministore2,128597288,Preferred(Non-CB),26050866588,REMOTE TV SHARP AQUOS original 100% SHARP TV LCD/LED 016,245875739874,Normal Product,,Elektronik,Remot Kontrol,,17250,1,Komisi XTRA,,10460,,0.50%,52.3,0.50%,52.3,104.6,120.945,120.945,241.89,,0,0.00%,0,100.00%,241.89,Selesai,,Pesanan dari Toko yang tidak Dipromosikan,Ada,rakdapur3,,,,,Others
260527FVXJVQWW,Selesai,233546488296020,2026-05-27 09:01:49,2026-05-30 17:47:24,2026-05-27 04:40:04,de.ministore2,128597288,Preferred(Non-CB),25468959837,Remot Remote STB Matrix Apple Merah HD DVBT2 Remote Kontrol SNI Tanpa Setting,79753678083,Normal Product,,Elektronik,Remot Kontrol,,16000,1,Komisi XTRA,,13729,,0.50%,68.645,0.50%,68.645,137.29,0,0,0,,0,0.00%,0,100.00%,0,Selesai,,Pesanan dari Toko yang tidak Dipromosikan,Ada,rakdapur3,,,,,Others
260527FVU483B0,Tertunda,233546371273137,2026-05-27 08:59:39,,2026-05-24 16:19:16,Watsons Indonesia Official,30736001,Shopee Mall(Non-CB),50351390932,Watsons Antiseptic Liquid Lime Scented 250ml,315128314384,Normal Product,,Kesehatan,Obat-obatan & Alat Kesehatan,P3K,29500,1,Komisi XTRA,,23600,,1.50%,354,1.00%,236,590,354,236,590,,0,0.00%,0,100.00%,590,Tertunda,Pesanan sedang diproses. Komisi akan dikonfirmasi setelah pesanan selesai.,Pesanan dari Toko yang tidak Dipromosikan,Ada,rakdapur3,,,,,Instagram
260527FVKMT6V9,Selesai,233546120219595,2026-05-27 08:55:20,2026-05-29 17:52:54,2026-05-27 08:37:46,elefin,267492596,Preferred(Non-CB),9318787088,48 69 Botol Kale Kick Plastik KOTAK 1 Liter 1000ml 1000 ml / Botol Jus / Botol Juice / Botol Kopi,211108776266,Normal Product,,Perlengkapan Rumah,Peralatan Makan,Botol Minum & Aksesoris,3649,50,Komisi XTRA,,176460,,1.50%,2646.9,0.25%,441.15,3088.05,2646.9,441.15,3088.05,,0,0.00%,0,100.00%,3088.05,Selesai,,Pesanan dari Toko yang tidak Dipromosikan,Ada,rakdapur3,,,,,Instagram
260527FSW685A9,Tertunda,233543219256816,2026-05-27 08:06:59,,2026-05-27 07:50:57,BK Herbalisme,767365856,Preferred(Non-CB),48809893494,Wedang Rempah Akar Purwaceng - isi 10 sachet dari akar purwaceng asli,430871493636,Normal Product,,Makanan & Minuman,Minuman,Minuman Tradisional & Herbal,179000,1,Komisi XTRA,,172000,,1.50%,2580,13.00%,22360,24940,2580,22360,24940,,0,0.00%,0,100.00%,24940,Tertunda,Pesanan sedang diproses. Komisi akan dikonfirmasi setelah pesanan selesai.,Pesanan Produk dari Toko yang Dipromosikan,Ada,website,,,,,Instagram
260527FPV0ABM3,Tertunda,233539958252027,2026-05-27 07:12:39,,2026-05-26 13:05:23,Samsung Exclusive Official Store,846350612,Shopee Mall(Non-CB),24342518683,"Samsung Galaxy Tab A9 Kids Edition PAW Patrol - 4/64GB - Gray | Tablet Anak | Termasuk PAW Patrol Band Watch LED & Sticker Set, ",157726211350,Normal Product,,Handphone & Aksesoris,Tablet,,2799000,1,Komisi Shopee,,2501097,,0.50%,10000,0.00%,0,10000,10000,0,10000,,0,0.00%,0,100.00%,10000,Tertunda,Pesanan sedang diproses. Komisi akan dikonfirmasi setelah pesanan selesai.,Pesanan dari Toko yang tidak Dipromosikan,Ada,rakdapur3,,,,,Others
260527FKECP6KX,Tertunda,233536280244290,2026-05-27 06:11:24,,2026-05-27 06:04:20,Arunna Cloth,315599040,Preferred(Non-CB),23282657732,Celana pendek wanita spandex dalaman santai bahan melar,119023106539,Normal Product,,Pakaian Wanita,Pakaian Dalam,Celana Stretch,23500,1,Komisi XTRA,,23250,,1.50%,348.75,4.00%,930,1278.75,697.5,1860,2557.5,,0,0.00%,0,100.00%,2557.5,Tertunda,Pesanan sedang diproses. Komisi akan dikonfirmasi setelah pesanan selesai.,Pesanan dari Toko yang tidak Dipromosikan,Ada,rakdapur3,,,,,Others
260527FKECP6KX,Tertunda,233536280244290,2026-05-27 06:11:24,,2026-05-27 06:04:20,Arunna Cloth,315599040,Preferred(Non-CB),23282657732,Celana pendek wanita spandex dalaman santai bahan melar,217086187805,Normal Product,,Pakaian Wanita,Pakaian Dalam,Celana Stretch,23500,1,Komisi XTRA,,23250,,1.50%,348.75,4.00%,930,1278.75,0,0,0,,0,0.00%,0,100.00%,0,Tertunda,Pesanan sedang diproses. Komisi akan dikonfirmasi setelah pesanan selesai.,Pesanan dari Toko yang tidak Dipromosikan,Ada,rakdapur3,,,,,Others
260527FJ1P7G1P,Selesai,233534781291487,2026-05-27 05:46:42,2026-05-29 11:48:54,2026-05-26 01:28:41,Khalisastore23,6062826,Preferred(Non-CB),12176667459,[NEW] KURMA AJWA/KURMA NABI JUMBO 500GR [KEMASAN DUS],138456883156,Normal Product,,Makanan & Minuman,Makanan Segar & Beku,Buah-buahan,40000,1,Komisi XTRA,,36967,,1.50%,554.505,1.50%,554.505,1109.01,554.505,554.505,1109.01,,0,0.00%,0,100.00%,1109.01,Selesai,,Pesanan dari Toko yang tidak Dipromosikan,Ada,rakdapur3,,,,,Others
260527FGGXXJJD,Dibatalkan,233533145278083,2026-05-27 05:19:12,--,2026-05-26 17:31:33,kimisho,253678873,Preferred(Non-CB),18342580353,Sankoi DUS / Hiro DUS / San Koi / HOKKY Koi DUS / CP KOI DUS / pakan koi grosir reseller,192160500137,Normal Product,,Hewan Peliharaan,Makanan Hewan,Makanan Hewan Air,548000,0,Komisi Shopee,,0,493200,1.50%,0,0.00%,0,0,0,0,0,,0,0.00%,0,100.00%,0,Dibatalkan,Pembeli membatalkan pesanan.,Pesanan dari Toko yang tidak Dipromosikan,Ada,rakdapur3,,,,,Instagram
260527FGGXXJJD,Dibatalkan,233533145278083,2026-05-27 05:19:12,--,2026-05-26 17:31:33,kimisho,253678873,Preferred(Non-CB),18342580353,Sankoi DUS / Hiro DUS / San Koi / HOKKY Koi DUS / CP KOI DUS / pakan koi grosir reseller,192160500142,Normal Product,,Hewan Peliharaan,Makanan Hewan,Makanan Hewan Air,434500,0,Komisi Shopee,,0,391050,1.50%,0,0.00%,0,0,0,0,0,,0,0.00%,0,100.00%,0,Dibatalkan,Pembeli membatalkan pesanan.,Pesanan dari Toko yang tidak Dipromosikan,Ada,rakdapur3,,,,,Instagram
260527F4YVKR4H,Selesai,233520761238450,2026-05-27 01:52:41,2026-05-31 22:47:01,2026-05-27 01:47:44,new_castle.store,338159835,C2C(Non-CB),55311190363,stroller light,395974267773,Normal Product,,Ibu & Bayi,Perlengkapan Travelling Bayi,Stroller & Perlengkapan Travelling,280000,1,Komisi Shopee,,280000,,0.00%,0,0.00%,0,0,0,0,0,,0,0.00%,0,100.00%,0,Selesai,,Pesanan dari Toko yang tidak Dipromosikan,Ada,rakdapur3,,,,,Instagram
260527EYJNW9P8,Dibatalkan,233514950293329,2026-05-27 00:16:11,--,2026-05-26 16:53:56,COOGER Electric Official Store,1236550443,Shopee Mall(Non-CB),28143022202,COOGER Sikat WC Lantai Kamar Mandi Garasi Kaca Jendela Gagang Panjang Stainless Steel Multifungsi,234578813724,Normal Product,,Perlengkapan Rumah,Perawatan Rumah,Sikat Pembersih,78900,0,Komisi XTRA,,0,65289,1.50%,0,2.50%,0,0,0,0,0,,0,0.00%,0,100.00%,0,Dibatalkan,Pembeli membatalkan pesanan.,Pesanan dari Toko yang tidak Dipromosikan,Ada,rakdapur3,,,,,Websites
260527EXD2BX27,Tertunda,233513687283381,2026-05-26 23:54:47,,2026-05-26 23:54:20,ladangbibitunggul,476284950,C2C(Non-CB),27204794138,bibit bidara Arab super murah berkualitas,195227330503,Normal Product,,Perlengkapan Rumah,Taman,Bibit & Umbi,11000,1,Komisi XTRA,,11000,,0.00%,0,10.00%,1100,1100,0,1100,1100,,0,0.00%,0,100.00%,1100,Tertunda,Pesanan sedang diproses. Komisi akan dikonfirmasi setelah pesanan selesai.,Pesanan Produk dari Toko yang Dipromosikan,Ada,bibitbidara,,,,,Instagram
260527EWUP9YK3,Selesai,233513104213836,2026-05-26 23:45:04,2026-05-31 19:43:45,2026-05-26 17:16:41,Murce Acc,446756892,Preferred(Non-CB),12521225360,WENIS Pengharum Ruangan Pewangi Kamar Air Freshener,85177323281,Normal Product,,Perlengkapan Rumah,Pengharum Ruangan & Aromaterapi,Pengharum Ruangan,4800,3,Komisi XTRA,,10080,,1.50%,151.2,0.50%,50.4,201.6,151.2,50.4,201.6,,0,0.00%,0,100.00%,201.6,Selesai,,Pesanan dari Toko yang tidak Dipromosikan,Ada,rakdapur3,,,,,Others
260527EVU3YHJA,Tertunda,233512011256181,2026-05-26 23:26:52,,2026-05-26 23:15:57,adhi_part,237489194,Preferred(Non-CB),22710836136,tutup blok mesin tutup magnit dan tutup pompa oli rx king new- tutup bak mesin rx king,220489257608,Normal Product,,Sepeda Motor,Sepeda Motor Lainnya,,34999,1,Komisi Shopee,,34999,,1.50%,524.985,0.00%,0,524.985,524.985,0,524.985,,0,0.00%,0,100.00%,524.985,Tertunda,Pesanan sedang diproses. Komisi akan dikonfirmasi setelah pesanan selesai.,Pesanan dari Toko yang tidak Dipromosikan,Ada,rakdapur3,,,,,Others
260527EVG7VWAQ,Selesai,233511646264574,2026-05-26 23:20:46,2026-05-31 15:10:00,2026-05-26 18:30:34,Dr.Leo Official Store,1278645724,Shopee Mall(Non-CB),43769358109,Dr.Leo 3pcs Acne Set Paket Anti Jerawat Salicylic Acid Acne Drying Lotion Acne Treatment,276586242107,Normal Product,,Perawatan & Kecantikan,Perawatan Wajah,Treatment Jerawat,82000,1,Komisi XTRA,,72435,,1.50%,1086.525,3.00%,2173.05,3259.575,1086.525,2173.05,3259.575,,0,0.00%,0,100.00%,3259.575,Selesai,,Pesanan dari Toko yang tidak Dipromosikan,Ada,rakdapur3,,,,,Instagram
260526ESJR835F,Selesai,233508510292958,2026-05-26 22:28:51,2026-05-28 13:43:00,2026-05-26 10:21:44,Mighty Anywhere,994427956,C2C(Non-CB),29518200132,Women’s 2026 Sports Gym Jogging Running Yoga Fitness Senam Aerobic Zba Summer Breathable Sportswear Skin Clothing UV Protection ,185571704691,Normal Product,,Olahraga & Outdoor,Pakaian Olahraga & Aktivitas Outdoor,Pakaian Olahraga & Aktivitas Outdoor Lainnya,78508,1,Komisi XTRA,,74582,,0.00%,0,5.00%,3729.1,3729.1,0,3729.1,3729.1,,0,0.00%,0,100.00%,3729.1,Selesai,,Pesanan dari Toko yang tidak Dipromosikan,Ada,rakdapur3,,,,,Instagram
260526ERU4W9MC,Tertunda,233507717269867,2026-05-26 22:15:17,,2026-05-26 22:09:50,Le Ding Ding Official Store,1134435162,Shopee Mall(Non-CB),24163225457,Le Ding Ding-Tumblr Termos Tahan Panas & Dingin Stainless Steel Bottle 750ml 1000ml Botol Minum Sport,233271197812,Normal Product,,Perlengkapan Rumah,Peralatan Makan,Botol Minum & Aksesoris,109000,1,Komisi XTRA,,89727,,1.50%,1345.905,7.00%,6280.89,7626.795,1345.905,6280.89,7626.795,,0,0.00%,0,100.00%,7626.795,Tertunda,Pesanan sedang diproses. Komisi akan dikonfirmasi setelah pesanan selesai.,Pesanan Produk dari Toko yang Dipromosikan,Ada,rakdapur3,,,,,Others
260526EREP833U,Selesai,233507299231633,2026-05-26 22:08:19,2026-05-30 22:05:50,2026-05-26 22:02:59,ichimegastore,37528221,Preferred(Non-CB),3579133744,Toples Kaca Mini Kedap Udara Glass Canister 200 ml,24293901918,Normal Product,,Perlengkapan Rumah,Perlengkapan Dapur,Tempat Penyimpanan Makanan,14561,2,Komisi XTRA,,29122,,1.50%,436.83,1.50%,436.83,873.66,436.83,436.83,873.66,,0,0.00%,0,100.00%,873.66,Selesai,,Pesanan dari Toko yang tidak Dipromosikan,Ada,rakdapur3,,,,,Others
260526EQT56KS6,Selesai,233506610274904,2026-05-26 21:56:57,2026-05-29 17:01:47,2026-05-24 04:19:00,Awaksesoris,1669895759,Preferred(Non-CB),47600996483,AW BR288 Bra Sport Wanita Tanpa Kawat Elastis Nyaman Digunakan Bra gym Wanita Sexy,410088026320,Normal Product,,Olahraga & Outdoor,Pakaian Olahraga & Aktivitas Outdoor,Sports Bra,13950,1,Komisi XTRA,,13950,,1.50%,209.25,1.00%,139.5,348.75,627.75,418.5,1046.25,,0,0.00%,0,100.00%,1046.25,Selesai,,Pesanan dari Toko yang tidak Dipromosikan,Ada,rakdapur3,,,,,Others
260526EQT56KS6,Selesai,233506610274904,2026-05-26 21:56:57,2026-05-29 17:01:47,2026-05-24 04:19:00,Awaksesoris,1669895759,Preferred(Non-CB),47600996483,AW BR288 Bra Sport Wanita Tanpa Kawat Elastis Nyaman Digunakan Bra gym Wanita Sexy,410088026322,Normal Product,,Olahraga & Outdoor,Pakaian Olahraga & Aktivitas Outdoor,Sports Bra,13950,1,Komisi XTRA,,13950,,1.50%,209.25,1.00%,139.5,348.75,0,0,0,,0,0.00%,0,100.00%,0,Selesai,,Pesanan dari Toko yang tidak Dipromosikan,Ada,rakdapur3,,,,,Others
260526EQT56KS6,Selesai,233506610274904,2026-05-26 21:56:57,2026-05-29 17:01:47,2026-05-24 04:19:00,Awaksesoris,1669895759,Preferred(Non-CB),47600996483,AW BR288 Bra Sport Wanita Tanpa Kawat Elastis Nyaman Digunakan Bra gym Wanita Sexy,410088026323,Normal Product,,Olahraga & Outdoor,Pakaian Olahraga & Aktivitas Outdoor,Sports Bra,13950,1,Komisi XTRA,,13950,,1.50%,209.25,1.00%,139.5,348.75,0,0,0,,0,0.00%,0,100.00%,0,Selesai,,Pesanan dari Toko yang tidak Dipromosikan,Ada,rakdapur3,,,,,Others
260526EQT56KS5,Tertunda,233506610274904,2026-05-26 21:56:57,,2026-05-24 04:19:00,CupPals,1528411192,Preferred(Non-CB),42654980783,"CupPals  Termos Vacuum Ganda Lapisan Stainless Steel 304 500ml, Badan Botol Coke yang Dapat Dilepas, Termos dengan Tali Pembawa,",248532294209,Normal Product,,Perlengkapan Rumah,Peralatan Makan,Botol Minum & Aksesoris,81000,1,Komisi XTRA,,71099,,1.50%,1066.485,5.00%,3554.95,4621.435,1066.485,3554.95,4621.435,,0,0.00%,0,100.00%,4621.435,Tertunda,Pesanan sedang diproses. Komisi akan dikonfirmasi setelah pesanan selesai.,Pesanan dari Toko yang tidak Dipromosikan,Ada,rakdapur3,,,,,Others
260526EQT56KS2,Selesai,233506610274904,2026-05-26 21:56:57,2026-05-29 17:01:57,2026-05-24 04:19:00,Aine Grosir Official,457262379,Preferred(Non-CB),7395446168,Ciput Bandana Kaos Premium / Ciput Bandana /Ciput Bando Kaos / inner bandana kaos/anti pusing dan anti budeg,111138121709,Normal Product,,Fashion Muslim,Pakaian Muslim Wanita,Hijab,4899,1,Komisi XTRA,,4410,,1.50%,66.15,4.50%,198.45,264.6,149.865,449.595,599.46,,0,0.00%,0,100.00%,599.46,Selesai,,Pesanan dari Toko yang tidak Dipromosikan,Ada,rakdapur3,,,,,Others
260526EQT56KS2,Selesai,233506610274904,2026-05-26 21:56:57,2026-05-29 17:01:57,2026-05-24 04:19:00,Aine Grosir Official,457262379,Preferred(Non-CB),7395446168,Ciput Bandana Kaos Premium / Ciput Bandana /Ciput Bando Kaos / inner bandana kaos/anti pusing dan anti budeg,111138121713,Normal Product,,Fashion Muslim,Pakaian Muslim Wanita,Hijab,6200,1,Komisi XTRA,,5581,,1.50%,83.715,4.50%,251.145,334.86,0,0,0,,0,0.00%,0,100.00%,0,Selesai,,Pesanan dari Toko yang tidak Dipromosikan,Ada,rakdapur3,,,,,Others
260526EQS0X4DV,Dibatalkan,233506572245988,2026-05-26 21:56:16,--,2026-05-26 21:55:23,N2SHOP BABY KIDS,768272035,Preferred(Non-CB),24177234073,Set anak fernando,158607299627,Normal Product,,Fashion Bayi & Anak,Pakaian Anak Laki-Laki,Jas & Setelan,30500,0,Komisi Shopee,,0,28975,1.50%,0,0.00%,0,0,0,0,0,,0,0.00%,0,100.00%,0,Dibatalkan,Pembeli membatalkan pesanan.,Pesanan Produk dari Toko yang Dipromosikan,Ada,setanakfernando,,,,,Facebook
260526EQ0TKDXB,Tertunda,233505761299254,2026-05-26 21:43:02,,2026-05-26 21:41:45,Sparepart_Electric,230229902,Preferred(Non-CB),2954163499,PROMO MANGKOK PISAU JUS + BUMBU BLENDER NATIONAL MIYAKO SANEX DLL GEAR KARET,91872412070,Normal Product,,Elektronik,Perangkat Dapur,"Juicer, Blender & Mesin Kacang Kedelai",21000,1,Komisi XTRA,,18480,,0.50%,92.4,1.00%,184.8,277.2,92.4,184.8,277.2,,0,0.00%,0,100.00%,277.2,Tertunda,Pesanan sedang diproses. Komisi akan dikonfirmasi setelah pesanan selesai.,Pesanan Produk dari Toko yang Dipromosikan,Ada,rakdapur3,,,,,Others
260526EPXDAAB1,Tertunda,233505679262052,2026-05-26 21:41:19,,2026-05-26 11:38:35,Magister softlens.id,448966379,Preferred(Non-CB),16567234491,Magister Cairan Air Soflens / Air Pembersih Softlens Solution 120ml,400947848142,Normal Product,,Kesehatan,Perawatan Diri,Perawatan Mata,23000,1,Komisi XTRA,,23000,,1.50%,345,2.00%,460,805,777.81,1325.62,2103.43,,0,0.00%,0,100.00%,2103.43,Tertunda,Pesanan sedang diproses. Komisi akan dikonfirmasi setelah pesanan selesai.,Pesanan dari Toko yang tidak Dipromosikan,Ada,rakdapur3,,,,,Facebook
260526EPXDAAB1,Tertunda,233505679262052,2026-05-26 21:41:19,,2026-05-26 11:38:35,Magister softlens.id,448966379,Preferred(Non-CB),22487332160,[0.00~-6.00]MAGISTER SOFTLENS HITAM 14MM-14.5MM SOFTLENS MINUS,226880761840,Normal Product,,Kesehatan,Perawatan Diri,Perawatan Mata,36000,1,Komisi XTRA,,28854,,1.50%,432.81,3.00%,865.62,1298.43,0,0,0,,0,0.00%,0,100.00%,0,Tertunda,Pesanan sedang diproses. Komisi akan dikonfirmasi setelah pesanan selesai.,Pesanan dari Toko yang tidak Dipromosikan,Ada,rakdapur3,,,,,Facebook
260526EPN3S199,Selesai,233505367262604,2026-05-26 21:36:08,2026-05-31 07:37:31,2026-05-26 16:40:05,Eghrerr,953844639,Preferred(Non-CB),23233954363,Eghrerr 100 PCS Stiker Terima Kasih Bubuk Thank You Sticker Panjang Segel Makanan Seal Label Sticker,59869909605,Normal Product,,Buku & Alat Tulis,Buku Tulis & Kertas,Label & Stiker,15299,1,Komisi XTRA,,12239,,1.50%,183.585,3.00%,367.17,550.755,183.585,367.17,550.755,,0,0.00%,0,100.00%,550.755,Selesai,,Pesanan dari Toko yang tidak Dipromosikan,Ada,rakdapur3,,,,,Others
260526ENYWPVMP,Dibatalkan,233504656261407,2026-05-26 21:24:17,--,2026-05-26 10:49:50,Caseayangan,22139974,Preferred(Non-CB),22237250621,4 Sided Antiknock Case For Iphone 7 8 PLUS SE 2020 2022 X XS XR 11 12 13 14 15 PLUS PRO MAX Casing Anticrack Anti Crack Knock Bu,184170391095,Normal Product,,Handphone & Aksesoris,Aksesoris,Casing & Skin,22694,0,Komisi XTRA,,0,22694,0.50%,0,6.00%,0,0,0,0,0,,0,0.00%,0,100.00%,0,Dibatalkan,Pembeli membatalkan pesanan.,Pesanan dari Toko yang tidak Dipromosikan,Ada,rakdapur3,,,,,Others
260526EMWAEKNR,Tertunda,233503495214745,2026-05-26 21:04:55,,2026-05-26 20:53:29,SMD_Store04,608490450,Preferred(Non-CB),28219954447,Pupuk Organik Asam Humat HUMICID 1 KG pembenah tanah untuk kesuburan tanaman dan media tanam,247199932993,Normal Product,,Perlengkapan Rumah,Taman,Pupuk,29999,2,Komisi XTRA,,50358,,1.50%,755.37,3.50%,1762.53,2517.9,755.37,1762.53,2517.9,,0,0.00%,0,100.00%,2517.9,Tertunda,Pesanan sedang diproses. Komisi akan dikonfirmasi setelah pesanan selesai.,Pesanan dari Toko yang tidak Dipromosikan,Ada,rakdapur3,,,,,Facebook
260526EMW4QWDH,Tertunda,233503489237002,2026-05-26 21:04:49,,2026-05-26 04:17:11,KSEKY,1361778095,Preferred(Non-CB),41425426048,Sepatu Anak Collin RC341 Sepatu Olahraga Anak Laki-Laki Perempuan Tali Putar Running Shoes,282061329498,Normal Product,,Fashion Bayi & Anak,Sepatu Anak Laki-Laki,Sepatu Sneaker,206900,1,Komisi XTRA,,186210,,1.50%,2793.15,1.50%,2793.15,5586.3,5586.3,5586.3,11172.6,,0,0.00%,0,100.00%,11172.6,Tertunda,Pesanan sedang diproses. Komisi akan dikonfirmasi setelah pesanan selesai.,Pesanan dari Toko yang tidak Dipromosikan,Ada,benihsayuran,,,,,Instagram
260526EMW4QWDH,Tertunda,233503489237002,2026-05-26 21:04:49,,2026-05-26 04:17:11,KSEKY,1361778095,Preferred(Non-CB),41425426048,Sepatu Anak Collin RC341 Sepatu Olahraga Anak Laki-Laki Perempuan Tali Putar Running Shoes,282061329509,Normal Product,,Fashion Bayi & Anak,Sepatu Anak Laki-Laki,Sepatu Sneaker,206900,1,Komisi XTRA,,186210,,1.50%,2793.15,1.50%,2793.15,5586.3,0,0,0,,0,0.00%,0,100.00%,0,Tertunda,Pesanan sedang diproses. Komisi akan dikonfirmasi setelah pesanan selesai.,Pesanan dari Toko yang tidak Dipromosikan,Ada,benihsayuran,,,,,Instagram
260526EMQFJGB9,Tertunda,233503299262738,2026-05-26 21:01:40,,2026-05-26 20:59:12,jtkids,150922635,Preferred(Non-CB),40912086278,JTKIDS DRESS ANAK PEREMPUAN HARUKA SNI,291012314185,Normal Product,0_423134813765671_1,Fashion Bayi & Anak,Pakaian Anak Perempuan,Dress,20295,2,Komisi XTRA,,35590,,1.50%,533.85,10.00%,3559,4092.85,533.85,3559,4092.85,,0,0.00%,0,100.00%,4092.85,Tertunda,Pesanan sedang diproses. Komisi akan dikonfirmasi setelah pesanan selesai.,Pesanan Produk dari Toko yang Dipromosikan,Ada,dressanakperempuan,,,,,Facebook
260526EM6C425X,Selesai,233502725212173,2026-05-26 20:52:05,2026-05-29 19:15:33,2026-05-26 14:01:31,Creativ.Stationery,126970172,Preferred(Non-CB),2266429604,"(1 Pcs) Pensil Komputer FABER CASTELL 9000 6H-H, F, Hb, B, 2B , 3B-8B",4346983730,Normal Product,,Buku & Alat Tulis,Alat Tulis,Pensil,4900,1,Komisi XTRA,,4900,,1.50%,73.5,3.00%,147,220.5,220.5,441,661.5,,0,0.00%,0,100.00%,661.5,Selesai,,Pesanan dari Toko yang tidak Dipromosikan,Ada,rakdapur3,,,,,Instagram
260526EM6C425X,Selesai,233502725212173,2026-05-26 20:52:05,2026-05-29 19:15:33,2026-05-26 14:01:31,Creativ.Stationery,126970172,Preferred(Non-CB),2266429604,"(1 Pcs) Pensil Komputer FABER CASTELL 9000 6H-H, F, Hb, B, 2B , 3B-8B",4346983738,Normal Product,,Buku & Alat Tulis,Alat Tulis,Pensil,4900,1,Komisi XTRA,,4900,,1.50%,73.5,3.00%,147,220.5,0,0,0,,0,0.00%,0,100.00%,0,Selesai,,Pesanan dari Toko yang tidak Dipromosikan,Ada,rakdapur3,,,,,Instagram
260526EM6C425X,Selesai,233502725212173,2026-05-26 20:52:05,2026-05-29 19:15:33,2026-05-26 14:01:31,Creativ.Stationery,126970172,Preferred(Non-CB),2266429604,"(1 Pcs) Pensil Komputer FABER CASTELL 9000 6H-H, F, Hb, B, 2B , 3B-8B",4346983743,Normal Product,,Buku & Alat Tulis,Alat Tulis,Pensil,4900,1,Komisi XTRA,,4900,,1.50%,73.5,3.00%,147,220.5,0,0,0,,0,0.00%,0,100.00%,0,Selesai,,Pesanan dari Toko yang tidak Dipromosikan,Ada,rakdapur3,,,,,Instagram
260526EKJA9TSY,Tertunda,233502052210117,2026-05-26 20:40:52,,2026-05-26 20:18:23,LARIS ACC,68925127,Preferred(Non-CB),44113677551,Laris Acc Kacamata Baca wanita Perempuan Lensa Plus Frame Cat Eye Eyewear Glasses Tersedia Warna Pink Coklat Ungu Abu-Abu Gratis,276131583246,Normal Product,,Aksesoris Fashion,Kacamata & Aksesoris,Frame & Lensa Kacamata,45500,1,Komisi XTRA,,40885,,1.50%,613.275,5.00%,2044.25,2657.525,613.275,2044.25,2657.525,,0,0.00%,0,100.00%,2657.525,Tertunda,Pesanan sedang diproses. Komisi akan dikonfirmasi setelah pesanan selesai.,Pesanan dari Toko yang tidak Dipromosikan,Ada,kacamatabacaantiradiasi,,,,,Facebook
260526EJM38V0P,Selesai,233501038212810,2026-05-26 20:23:58,2026-05-31 14:08:34,2026-05-24 14:32:47,Catch Official Store,965257781,Shopee Mall(Non-CB),23658698557,"Catch - Shampoo Anjing Anti Kutu , Pelebat Anti Rontok , Solusi 3-in-1, Bulu Putih",168355646363,Normal Product,,Hewan Peliharaan,Grooming Hewan,Perawatan Rambut,41000,1,Komisi XTRA,,37233,,1.50%,558.495,7.50%,2792.475,3350.97,558.495,2792.475,3350.97,,0,0.00%,0,100.00%,3350.97,Selesai,,Pesanan dari Toko yang tidak Dipromosikan,Ada,rakdapur3,,,,,Websites
260526EH84MNU2,Tertunda,233499563255928,2026-05-26 19:59:24,,2026-05-21 10:34:49,Vintage Story Official Shop,14636903,Shopee Mall(Non-CB),6838067231,Peeler 2 in 1 Alat Pengupas Kulit Buah Kentang Serbaguna,19665204098,Normal Product,,Perlengkapan Rumah,Perlengkapan Dapur,Parutan & Peeler,10800,1,Komisi XTRA,,10800,,1.50%,162,1.50%,162,324,162,162,324,,0,0.00%,0,100.00%,324,Tertunda,Pesanan sedang diproses. Komisi akan dikonfirmasi setelah pesanan selesai.,Pesanan dari Toko yang tidak Dipromosikan,Ada,rakdapur3,,,,,Instagram
260526EGEFH0N9,Tertunda,233498702256816,2026-05-26 19:45:02,,2026-05-26 16:52:12,Dekkson Official Shop,288204950,Shopee Mall(Non-CB),27980896898,DEKKSON Kitchen Tap Deck Keran Dapur Cuci Piring KTD 1719 SUS 304,147755603963,Normal Product,454710582849625_0_0,Perlengkapan Rumah,Alat Pertukangan & Renovasi Rumah,Bak Cuci Piring & Kran Air,798500,1,Komisi XTRA,,707850,,1.50%,10000,3.00%,21235.5,31235.5,10000,21235.5,31235.5,,0,0.00%,0,100.00%,31235.5,Tertunda,Pesanan sedang diproses. Komisi akan dikonfirmasi setelah pesanan selesai.,Pesanan dari Toko yang tidak Dipromosikan,Ada,rakdapur3,,,,,Facebook
260526EGEFH0N9,Tertunda,233498702256816,2026-05-26 19:45:02,,2026-05-26 16:52:12,Dekkson Official Shop,288204950,Shopee Mall(Non-CB),44951903579,DEKKSON Micro Fiber Towel Lap Serba Guna (Not For Sale),360183160207,Normal Product,454710582849625_0_0,Perlengkapan Rumah,Perawatan Rumah,Kain Pel,0,1,Komisi XTRA,,0,,1.50%,0,3.00%,0,0,0,0,0,,0,0.00%,0,100.00%,0,Tertunda,Pesanan sedang diproses. Komisi akan dikonfirmasi setelah pesanan selesai.,Pesanan dari Toko yang tidak Dipromosikan,Ada,rakdapur3,,,,,Facebook
260526EFT2829B,Selesai,233498017241600,2026-05-26 19:33:41,2026-05-29 18:18:12,2026-05-25 09:30:59,Herika Mystore,1261080915,C2C(Non-CB),44811173046,LINK CHEKOUT AE 26mei,440971683568,Normal Product,,Fashion Bayi & Anak,Aksesoris Bayi & Anak,Perhiasan,279000,1,Komisi Shopee,,229000,,0.00%,0,0.00%,0,0,0,0,0,,0,0.00%,0,100.00%,0,Selesai,,Pesanan dari Toko yang tidak Dipromosikan,Ada,rakdapur3,,,,,Others
260526EF7TKXKQ,Tertunda,233497405262978,2026-05-26 19:23:25,,2026-05-26 19:22:47,IRU KIDS,1173466881,Preferred(Non-CB),56160729887,Setelan Jersey Kicau Mania Anak Laki - Laki dan Perempuan Usia 0-13 Tahun Full Printing Sublim Bahan DryFit Milano Tangan Pendek,400939180194,Normal Product,,Fashion Bayi & Anak,Pakaian Anak Laki-Laki,Jas & Setelan,36900,1,Komisi XTRA,,27675,,1.50%,415.125,10.00%,2767.5,3182.625,415.125,2767.5,3182.625,,0,0.00%,0,100.00%,3182.625,Tertunda,Pesanan sedang diproses. Komisi akan dikonfirmasi setelah pesanan selesai.,Pesanan Produk dari Toko yang Dipromosikan,Ada,setanakfernando,,,,,Others
260526EEW904W8,Selesai,233497051243044,2026-05-26 19:17:35,2026-05-29 23:31:47,2026-05-26 16:48:47,Murah Kali Wak,1660663779,Preferred(Non-CB),49850320020,H6386 Penutup Steker Colokan Listrik Waterproof / otak Cover Kabel Saklar Dinding Polos / Pelindung Stop Kontak Dinding,440027162819,Normal Product,,Elektronik,Kelistrikan,Pengaman Stop Kontak,6776,1,Komisi XTRA,,6776,,0.50%,33.88,2.50%,169.4,203.28,33.88,169.4,203.28,,0,0.00%,0,100.00%,203.28,Selesai,,Pesanan dari Toko yang tidak Dipromosikan,Ada,rakdapur3,,,,,Instagram
260526EAQGXU65,Tertunda,233492564290575,2026-05-26 18:03:05,,2026-05-26 18:02:33,WD SHOP,16686041,Preferred(Non-CB),40861852818,WD Topi Wanita Pelindung UV Matahari Topi Gaya Korea Terbaru Import Topi Cadar Visor Lipat Bucket Musim Panas T12,375013114487,Normal Product,,Aksesoris Fashion,Topi,,22500,1,Komisi XTRA,,22500,,1.50%,337.5,1.00%,225,562.5,337.5,225,562.5,,0,0.00%,0,100.00%,562.5,Tertunda,Pesanan sedang diproses. Komisi akan dikonfirmasi setelah pesanan selesai.,Pesanan Produk dari Toko yang Dipromosikan,Ada,Atayasetelankaosanak,,,,,Others
260526EA5D3QE7,Tertunda,233491955289126,2026-05-26 17:52:36,,2026-05-23 21:37:23,HerbalCare Official,1302648865,Preferred(Non-CB),27356593709,Eyebost Vitamin Mata Original Obat Mata Minus Katarak Silinder Buram Rabun Berlemak 160 gr,246290542394,Normal Product,,Kesehatan,Suplemen Makanan,Kesejahteraan,87000,2,Komisi XTRA,,156600,,1.50%,2349,5.00%,7830,10179,2349,7830,10179,,0,0.00%,0,100.00%,10179,Tertunda,Pesanan sedang diproses. Komisi akan dikonfirmasi setelah pesanan selesai.,Pesanan dari Toko yang tidak Dipromosikan,Ada,rakdapur3,,,,,Facebook
260526E9WCHQNW,Selesai,233491686255784,2026-05-26 17:48:07,2026-05-30 16:57:16,2026-05-26 16:43:50,Zanick Footwear,234574694,Preferred(Non-CB),29385997378,(ZANICK ORIGINAL) SEPATU FUTSAL ZANICK IN HYPERION HIGH QUALITY - AUSOL SUDAH DI JAHIT,234212433485,Normal Product,,Olahraga & Outdoor,Sepatu Olahraga,Sepatu Futsal,148401,1,Komisi XTRA,,133060,,1.50%,1995.9,3.50%,4657.1,6653,1995.9,4657.1,6653,,0,0.00%,0,100.00%,6653,Selesai,,Pesanan dari Toko yang tidak Dipromosikan,Ada,setanakfernando,,,,,Others
260526E4VP9VNF,Tertunda,233486294224964,2026-05-26 16:18:14,,2026-05-26 15:25:24,yesstoremall,145235525,Preferred(Non-CB),3368592297,Keranjang rotan kotak persegi panjang handle besar wadah hantaran pernikahan tempat parcel lebaran penyimpanan barang serbaguna ,85141836537,Normal Product,,Perlengkapan Rumah,Organizer Rumah,"Box, Tas, & Keranjang Penyimpanan",82400,1,Komisi XTRA,,81524,,1.50%,1222.86,2.00%,1630.48,2853.34,1396.5,1862,3258.5,,0,0.00%,0,100.00%,3258.5,Tertunda,Pesanan sedang diproses. Komisi akan dikonfirmasi setelah pesanan selesai.,Pesanan dari Toko yang tidak Dipromosikan,Ada,rakdapur3,,,,,Instagram
260526E4VP9VNF,Tertunda,233486294224964,2026-05-26 16:18:14,,2026-05-26 15:25:24,yesstoremall,145235525,Preferred(Non-CB),8672114797,keranjang bulat telur rotan sovenir hantaran pernikahan parcel wadah bawang bulat tempat asesoris murah diameter 11 cm,95150282995,Normal Product,,Perlengkapan Rumah,Organizer Rumah,"Box, Tas, & Keranjang Penyimpanan",11700,1,Komisi XTRA,,11576,,1.50%,173.64,2.00%,231.52,405.16,0,0,0,,0,0.00%,0,100.00%,0,Tertunda,Pesanan sedang diproses. Komisi akan dikonfirmasi setelah pesanan selesai.,Pesanan dari Toko yang tidak Dipromosikan,Ada,rakdapur3,,,,,Instagram
260526E4QK9EWG,Tertunda,233486123288988,2026-05-26 16:15:24,,2026-05-24 13:33:22,Glorious Treasure,847913884,C2C(Non-CB),41671807164,Cincin tiga warna Cincin pisah Cincin pin zirkon bertatahkan mikro wanita,301774153035,Normal Product,,Aksesoris Fashion,Cincin,,71240,1,Komisi Shopee,,67678,,0.00%,0,0.00%,0,0,0,0,0,,0,0.00%,0,100.00%,0,Tertunda,Pesanan sedang diproses. Komisi akan dikonfirmasi setelah pesanan selesai.,Pesanan dari Toko yang tidak Dipromosikan,Ada,rakdapur3,,,,,Instagram
260526E1TKSF6D,Selesai,233483003252783,2026-05-26 15:23:24,2026-05-27 22:43:30,2026-05-23 04:40:02,BRIKET01 BBQ,1087097431,C2C(Non-CB),27515173301,Areng Briket BBQ Cube 2.5 Harga per 1 kg,335796016572,Normal Product,,Perlengkapan Rumah,Perlengkapan Dapur,Alat & Aksesoris Pemanggang,12000,4,Komisi XTRA,,48000,,0.00%,0,5.00%,2400,2400,0,2400,2400,,0,0.00%,0,100.00%,2400,Selesai,,Pesanan dari Toko yang tidak Dipromosikan,Ada,rakdapur3,,,,,Instagram
260526E0DC3S83,Tertunda,233481485256708,2026-05-26 14:58:05,,2026-05-26 14:17:58,LEATNIX.,503834559,Preferred(Non-CB),26303639203,Tas Selempang Wanita Half Moon Corduroy Round Shoulder Bag,185196401619,Normal Product,,Tas Wanita,Tas Selempang & Bahu Wanita,,69000,1,Komisi XTRA,,55200,,1.50%,828,5.00%,2760,3588,828,2760,3588,,0,0.00%,0,100.00%,3588,Tertunda,Pesanan sedang diproses. Komisi akan dikonfirmasi setelah pesanan selesai.,Pesanan dari Toko yang tidak Dipromosikan,Ada,rakdapur3,,,,,Facebook
260526DY7PNV1A,Tertunda,233480221260310,2026-05-26 14:37:01,,2026-05-26 14:06:53,Sinar Toko Tiga Mesin Jahit Official Shop,1175813,Preferred(Non-CB),4006080774,JARUM MESIN JAHIT PORTABLE SINGER,185400636673,Normal Product,,Elektronik,Peralatan Listrik Kecil,Mesin Jahit & Aksesoris,12991,1,Komisi Shopee,,11388,,0.50%,56.94,0.00%,0,56.94,1163.96,0,1163.96,,0,0.00%,0,100.00%,1163.96,Tertunda,Pesanan sedang diproses. Komisi akan dikonfirmasi setelah pesanan selesai.,Pesanan dari Toko yang tidak Dipromosikan,Ada,rakdapur3,,,,,Facebook
260526DY7PNV1A,Tertunda,233480221260310,2026-05-26 14:37:01,,2026-05-26 14:06:53,Sinar Toko Tiga Mesin Jahit Official Shop,1175813,Preferred(Non-CB),4006080774,JARUM MESIN JAHIT PORTABLE SINGER,185400636674,Normal Product,,Elektronik,Peralatan Listrik Kecil,Mesin Jahit & Aksesoris,12991,1,Komisi Shopee,,11388,,0.50%,56.94,0.00%,0,56.94,0,0,0,,0,0.00%,0,100.00%,0,Tertunda,Pesanan sedang diproses. Komisi akan dikonfirmasi setelah pesanan selesai.,Pesanan dari Toko yang tidak Dipromosikan,Ada,rakdapur3,,,,,Facebook
260526DY7PNV1A,Tertunda,233480221260310,2026-05-26 14:37:01,,2026-05-26 14:06:53,Sinar Toko Tiga Mesin Jahit Official Shop,1175813,Preferred(Non-CB),4006080774,JARUM MESIN JAHIT PORTABLE SINGER,185400636676,Normal Product,,Elektronik,Peralatan Listrik Kecil,Mesin Jahit & Aksesoris,12991,1,Komisi Shopee,,11388,,0.50%,56.94,0.00%,0,56.94,0,0,0,,0,0.00%,0,100.00%,0,Tertunda,Pesanan sedang diproses. Komisi akan dikonfirmasi setelah pesanan selesai.,Pesanan dari Toko yang tidak Dipromosikan,Ada,rakdapur3,,,,,Facebook
260526DY7PNV1A,Tertunda,233480221260310,2026-05-26 14:37:01,,2026-05-26 14:06:53,Sinar Toko Tiga Mesin Jahit Official Shop,1175813,Preferred(Non-CB),6692882400,NISSAN ALAT SEPATU LUBANG LOBANG KANCING MESIN KLASIK MANUAL B - 6,83029522327,Normal Product,,Elektronik,Peralatan Listrik Kecil,Mesin Jahit & Aksesoris,172881,1,Komisi Shopee,,151570,,0.50%,757.85,0.00%,0,757.85,0,0,0,,0,0.00%,0,100.00%,0,Tertunda,Pesanan sedang diproses. Komisi akan dikonfirmasi setelah pesanan selesai.,Pesanan dari Toko yang tidak Dipromosikan,Ada,rakdapur3,,,,,Facebook
260526DY7PNV1A,Tertunda,233480221260310,2026-05-26 14:37:01,,2026-05-26 14:06:53,Sinar Toko Tiga Mesin Jahit Official Shop,1175813,Preferred(Non-CB),20505819252,KLIP PENJEPIT PEMBATAS BAHAN JAHIT WONDER CLIPS,210329906908,Normal Product,,Elektronik,Peralatan Listrik Kecil,Mesin Jahit & Aksesoris,3181,5,Komisi Shopee,,13944,,0.50%,69.72,0.00%,0,69.72,0,0,0,,0,0.00%,0,100.00%,0,Tertunda,Pesanan sedang diproses. Komisi akan dikonfirmasi setelah pesanan selesai.,Pesanan dari Toko yang tidak Dipromosikan,Ada,rakdapur3,,,,,Facebook
260526DY7PNV1A,Tertunda,233480221260310,2026-05-26 14:37:01,,2026-05-26 14:06:53,Sinar Toko Tiga Mesin Jahit Official Shop,1175813,Preferred(Non-CB),27327286809,PEMBIDANG FRAME BORDIR MANUAL RAM PLASTIK,178732269106,Normal Product,,Aksesoris Fashion,Aksesoris Tambahan,Bordir,12581,1,Komisi Shopee,,11038,,1.50%,165.57,0.00%,0,165.57,0,0,0,,0,0.00%,0,100.00%,0,Tertunda,Pesanan sedang diproses. Komisi akan dikonfirmasi setelah pesanan selesai.,Pesanan dari Toko yang tidak Dipromosikan,Ada,rakdapur3,,,,,Facebook
260526DX7JM0GC,Selesai,233479143269914,2026-05-26 14:19:03,2026-05-31 17:44:18,2026-05-25 08:46:05,Velmora kids,1793137085,C2C(Non-CB),49608389881,VELMORA ID - Celana Baggy Anak usia 5 -15 tahun Fleece Beggy Sweatpants Loose Cocok untuk santai dan ngeMall anak cewek cowok re,370743240562,Normal Product,,Fashion Bayi & Anak,Pakaian Anak Laki-Laki,Bawahan,69360,1,Komisi XTRA,,56392,,0.00%,0,3.50%,1973.72,1973.72,0,1973.72,1973.72,,0,0.00%,0,100.00%,1973.72,Selesai,,Pesanan dari Toko yang tidak Dipromosikan,Ada,rakdapur3,,,,,Instagram
260526DVUF6033,Tertunda,233477663260479,2026-05-26 13:54:23,,2026-05-26 13:20:49,Toko malayanto,130157458,Preferred(Non-CB),14030532253,Turtle Neck Baju Manset Lengan Panjang Wanita Kerah Leher Turtleneck Polos Dalaman Perempuan Hitam Putih Warna Kulit Bahan Rayon,141411134131,Normal Product,,Fashion Muslim,Pakaian Muslim Wanita,Atasan,42597,1,Komisi XTRA,,42597,,1.50%,638.955,4.00%,1703.88,2342.835,1916.865,5111.64,7028.505,,0,0.00%,0,100.00%,7028.505,Tertunda,Pesanan sedang diproses. Komisi akan dikonfirmasi setelah pesanan selesai.,Pesanan dari Toko yang tidak Dipromosikan,Ada,rakdapur3,,,,,Others
260526DVUF6033,Tertunda,233477663260479,2026-05-26 13:54:23,,2026-05-26 13:20:49,Toko malayanto,130157458,Preferred(Non-CB),14030532253,Turtle Neck Baju Manset Lengan Panjang Wanita Kerah Leher Turtleneck Polos Dalaman Perempuan Hitam Putih Warna Kulit Bahan Rayon,245105816813,Normal Product,,Fashion Muslim,Pakaian Muslim Wanita,Atasan,42597,1,Komisi XTRA,,42597,,1.50%,638.955,4.00%,1703.88,2342.835,0,0,0,,0,0.00%,0,100.00%,0,Tertunda,Pesanan sedang diproses. Komisi akan dikonfirmasi setelah pesanan selesai.,Pesanan dari Toko yang tidak Dipromosikan,Ada,rakdapur3,,,,,Others
260526DVUF6033,Tertunda,233477663260479,2026-05-26 13:54:23,,2026-05-26 13:20:49,Toko malayanto,130157458,Preferred(Non-CB),14030532253,Turtle Neck Baju Manset Lengan Panjang Wanita Kerah Leher Turtleneck Polos Dalaman Perempuan Hitam Putih Warna Kulit Bahan Rayon,245105816818,Normal Product,,Fashion Muslim,Pakaian Muslim Wanita,Atasan,42597,1,Komisi XTRA,,42597,,1.50%,638.955,4.00%,1703.88,2342.835,0,0,0,,0,0.00%,0,100.00%,0,Tertunda,Pesanan sedang diproses. Komisi akan dikonfirmasi setelah pesanan selesai.,Pesanan dari Toko yang tidak Dipromosikan,Ada,rakdapur3,,,,,Others
260526DV1UY4XK,Selesai,233476804258985,2026-05-26 13:40:05,2026-05-28 18:53:25,2026-05-26 13:23:22,Binbin kids,26795164,Preferred(Non-CB),29919144483,BINBIN KIDS CELANA DALAM ANAK PEREMPUAN CEWEK SEGIEMPAT 1 PAKET ISI 4 PCS/UNDERWEAR ANAK TK-SD,198021357282,Normal Product,,Fashion Bayi & Anak,Pakaian Anak Perempuan,Pakaian Dalam,45936,1,Komisi XTRA,,43639,,1.50%,654.585,2.00%,872.78,1527.365,654.585,872.78,1527.365,,0,0.00%,0,100.00%,1527.365,Selesai,,Pesanan dari Toko yang tidak Dipromosikan,Ada,rakdapur3,,,,,Others
260526DUK1YFE0,Tertunda,233476307243137,2026-05-26 13:31:51,,2026-05-23 13:36:55,MMFashionBali,655881745,Preferred(Non-CB),28659877538,KAMEN JADI BORDIR STRAIT AYODYA//ROK BALI//KAMEN JADI BALI TERBARU//KAMEN JADI BORDIR STRAIT,119276529524,Normal Product,,Pakaian Wanita,Pakaian Tradisional,Bawahan Tradisional,164000,1,Komisi XTRA,,147600,,1.50%,2214,4.00%,5904,8118,6776.97,8189.985,14966.955,,0,0.00%,0,100.00%,14966.955,Tertunda,Pesanan sedang diproses. Komisi akan dikonfirmasi setelah pesanan selesai.,Pesanan dari Toko yang tidak Dipromosikan,Ada,rakdapur3,,,,,Instagram
260526DUK1YFE0,Tertunda,233476307243137,2026-05-26 13:31:51,,2026-05-23 13:36:55,MMFashionBali,655881745,Preferred(Non-CB),42680603056,Kamen  jadi bordir strait set selendang//rok bali//kamen jadi set selendang//mmfashionbali,244226734098,Normal Product,,Pakaian Wanita,Pakaian Tradisional,Bawahan Tradisional,167999,1,Komisi XTRA,,151199,,1.50%,2267.985,0.50%,755.995,3023.98,0,0,0,,0,0.00%,0,100.00%,0,Tertunda,Pesanan sedang diproses. Komisi akan dikonfirmasi setelah pesanan selesai.,Pesanan dari Toko yang tidak Dipromosikan,Ada,rakdapur3,,,,,Instagram
260526DUK1YFE0,Tertunda,233476307243137,2026-05-26 13:31:51,,2026-05-23 13:36:55,MMFashionBali,655881745,Preferred(Non-CB),23486675669,KAMEN JADI BORDIR STRAIT SET OBI//ROK BALI//NEW KAMEN JADI BORDIR STRAIT,390809459840,Normal Product,,Pakaian Wanita,Pakaian Tradisional,Bawahan Tradisional,169999,1,Komisi XTRA,,152999,,1.50%,2294.985,1.00%,1529.99,3824.975,0,0,0,,0,0.00%,0,100.00%,0,Tertunda,Pesanan sedang diproses. Komisi akan dikonfirmasi setelah pesanan selesai.,Pesanan dari Toko yang tidak Dipromosikan,Ada,rakdapur3,,,,,Instagram
260526DTK7G8J0,Tertunda,233475240293224,2026-05-26 13:14:21,,2026-05-26 13:12:22,Simplus Kitchen Appliance Shop,981651128,Shopee Mall(Non-CB),23365748737,Simplus 1.5LPanci Listrik 300watt Anti Lengket Rice cooker Kukusan Listrik Steamer Pengontrol Suhu Ganda Cocok untuk Kamar Kos &,365780084906,Normal Product,,Elektronik,Perangkat Dapur,Alat Masak Serbaguna,285000,1,Komisi XTRA,,238197,,0.50%,1190.985,0.50%,1190.985,2381.97,1190.985,1190.985,2381.97,,0,0.00%,0,100.00%,2381.97,Tertunda,Pesanan sedang diproses. Komisi akan dikonfirmasi setelah pesanan selesai.,Pesanan dari Toko yang tidak Dipromosikan,Ada,rakdapur3,,,,,Websites
260526DSRHVJ1W,Selesai,233474344215280,2026-05-26 12:59:04,2026-05-30 14:27:42,2026-05-26 10:48:59,nihayahhiijab,34471003,C2C(Non-CB),2114672551,100 variasi nihayahijab VOAL MOTIF PREMIUM TERBARU,33658417755,Normal Product,,Fashion Muslim,Pakaian Muslim Wanita,Hijab,28900,1,Komisi XTRA,,27454,,0.00%,0,4.50%,1235.43,1235.43,0,2418.75,2418.75,,0,0.00%,0,100.00%,2418.75,Selesai,,Pesanan dari Toko yang tidak Dipromosikan,Ada,rakdapur3,,,,,Others
260526DSRHVJ1W,Selesai,233474344215280,2026-05-26 12:59:04,2026-05-30 14:27:42,2026-05-26 10:48:59,nihayahhiijab,34471003,C2C(Non-CB),6719258883,1-100 kode MOTIF nihayahijab  BISA SERAGAMAN RATUSAN PCS VOAL DEEKA/VOAL MOTIF PREMIUM kode 04,166314047764,Normal Product,,Fashion Muslim,Pakaian Muslim Wanita,Hijab,27679,1,Komisi XTRA,,26296,,0.00%,0,4.50%,1183.32,1183.32,0,0,0,,0,0.00%,0,100.00%,0,Selesai,,Pesanan dari Toko yang tidak Dipromosikan,Ada,rakdapur3,,,,,Others
260526DSDD7XQV,Selesai,233473970244383,2026-05-26 12:52:54,2026-05-30 09:07:50,2026-05-24 16:20:26,Ryuukistore,103450924,Preferred(Non-CB),24960569850,Wardah UV Shield Airy Smooth Sunscreen Serum SPF 50 PA++++ 40ml /  25ml / 40 ml / 25 ml,89519823721,Normal Product,,Perawatan & Kecantikan,Perawatan Wajah,Sunscreen Wajah,45500,1,Komisi Shopee,,45500,,1.50%,682.5,0.00%,0,682.5,682.5,0,682.5,,0,0.00%,0,100.00%,682.5,Selesai,,Pesanan dari Toko yang tidak Dipromosikan,Ada,rakdapur3,,,,,Instagram
260526DRB99TKX,Selesai,233472825269641,2026-05-26 12:33:45,2026-05-28 15:19:11,2026-05-26 12:30:47,odom.id,58263468,Preferred(Non-CB),44804428076,ODOM SETELAN ANAK PEREMPUAN/BAJU ANAK HARIAN CEWEK/RAGLAN 04,249140324733,Normal Product,,Fashion Bayi & Anak,Pakaian Anak Perempuan,Jas & Setelan,25900,1,Komisi XTRA,,21900,,1.50%,328.5,5.00%,1095,1423.5,328.5,1095,1423.5,,0,0.00%,0,100.00%,1423.5,Selesai,,Pesanan dari Toko yang tidak Dipromosikan,Ada,rakdapur3,,,,,Instagram
260526DR4MM2A6,Selesai,233472602244259,2026-05-26 12:30:06,2026-05-28 20:27:58,2026-05-26 11:11:42,Boba House,288327894,Preferred(Non-CB),24335402673,Clutch Pesta Tas Kondangan 0220A-1 - 19cm,241487527269,Normal Product,,Tas Wanita,Clutch,,173250,1,Komisi XTRA,,155878,,1.50%,2338.17,2.50%,3896.95,6235.12,2338.17,3896.95,6235.12,,0,0.00%,0,100.00%,6235.12,Selesai,,Pesanan dari Toko yang tidak Dipromosikan,Ada,rakdapur3,,,,,Others
260526DR4MM2A5,Selesai,233472602244259,2026-05-26 12:30:06,2026-05-28 20:31:27,2026-05-26 11:11:42,Mahkota Softlens,168150116,Preferred(Non-CB),8662604621,SOFTLENS X2 INNOCENT NORMAL & MINUS (-0.50 S/D -6.00) X2 EXOTICON DIA 16MM WARNA/ FREE LENSCASE / GREY BLACK BROWN BLUE / Softle,222472182786,Normal Product,,Kesehatan,Perawatan Diri,Perawatan Mata,28500,1,Komisi XTRA,,27213,,1.50%,408.195,2.50%,680.325,1088.52,408.195,680.325,1088.52,,0,0.00%,0,100.00%,1088.52,Selesai,,Pesanan dari Toko yang tidak Dipromosikan,Ada,rakdapur3,,,,,Others
260526DPVWBKNE,Selesai,233471269235692,2026-05-26 12:07:49,2026-05-31 11:47:34,2026-05-24 12:48:41,Toko Aida Shop,50814045,Preferred(Non-CB),47405471033,Dompet Mini card holder Wanita Lipat Karakter Kuromi Cinnamoroll My Melody Lucu Kulit Sintetis,340496156616,Normal Product,,Tas Wanita,Dompet Wanita,Dompet Kartu,30612,1,Komisi XTRA,,27603,,1.50%,414.045,2.50%,690.075,1104.12,414.045,690.075,1104.12,,0,0.00%,0,100.00%,1104.12,Selesai,,Pesanan dari Toko yang tidak Dipromosikan,Ada,rakdapur3,,,,,Instagram
260526DPS74WQ8,Tertunda,233471145282910,2026-05-26 12:05:46,,2026-05-21 11:43:44,Jasmine Homes,276232623,Preferred(Non-CB),18182727503,Bunga Chrysan Mini Putik 35Kuntum 5Cabang 49505,176031961034,Normal Product,,Perlengkapan Rumah,Dekorasi,Bunga,13000,150,Komisi Shopee,,1872413,,1.50%,2586,0.00%,0,2586,10000,0,10000,,0,0.00%,0,100.00%,10000,Tertunda,Pesanan sedang diproses. Komisi akan dikonfirmasi setelah pesanan selesai.,Pesanan dari Toko yang tidak Dipromosikan,Ada,rakdapur3,,,,,Instagram
260526DPS74WQ8,Tertunda,233471145282910,2026-05-26 12:05:46,,2026-05-21 11:43:44,Jasmine Homes,276232623,Preferred(Non-CB),18182727503,Bunga Chrysan Mini Putik 35Kuntum 5Cabang 49505,176031961035,Normal Product,,Perlengkapan Rumah,Dekorasi,Bunga,13000,70,Komisi Shopee,,873793,,1.50%,1206,0.00%,0,1206,0,0,0,,0,0.00%,0,100.00%,0,Tertunda,Pesanan sedang diproses. Komisi akan dikonfirmasi setelah pesanan selesai.,Pesanan dari Toko yang tidak Dipromosikan,Ada,rakdapur3,,,,,Instagram
260526DPS74WQ8,Tertunda,233471145282910,2026-05-26 12:05:46,,2026-05-21 11:43:44,Jasmine Homes,276232623,Preferred(Non-CB),18182727503,Bunga Chrysan Mini Putik 35Kuntum 5Cabang 49505,176031961037,Normal Product,,Perlengkapan Rumah,Dekorasi,Bunga,13000,150,Komisi Shopee,,1872413,,1.50%,2586,0.00%,0,2586,0,0,0,,0,0.00%,0,100.00%,0,Tertunda,Pesanan sedang diproses. Komisi akan dikonfirmasi setelah pesanan selesai.,Pesanan dari Toko yang tidak Dipromosikan,Ada,rakdapur3,,,,,Instagram
260526DPS74WQ8,Tertunda,233471145282910,2026-05-26 12:05:46,,2026-05-21 11:43:44,Jasmine Homes,276232623,Preferred(Non-CB),18182727503,Bunga Chrysan Mini Putik 35Kuntum 5Cabang 49505,176031961038,Normal Product,,Perlengkapan Rumah,Dekorasi,Bunga,13000,70,Komisi Shopee,,873793,,1.50%,1210,0.00%,0,1210,0,0,0,,0,0.00%,0,100.00%,0,Tertunda,Pesanan sedang diproses. Komisi akan dikonfirmasi setelah pesanan selesai.,Pesanan dari Toko yang tidak Dipromosikan,Ada,rakdapur3,,,,,Instagram
260526DPS74WQ8,Tertunda,233471145282910,2026-05-26 12:05:46,,2026-05-21 11:43:44,Jasmine Homes,276232623,Preferred(Non-CB),18182727503,Bunga Chrysan Mini Putik 35Kuntum 5Cabang 49505,176031961032,Normal Product,,Perlengkapan Rumah,Dekorasi,Bunga,13000,70,Komisi Shopee,,873795,,1.50%,1206,0.00%,0,1206,0,0,0,,0,0.00%,0,100.00%,0,Tertunda,Pesanan sedang diproses. Komisi akan dikonfirmasi setelah pesanan selesai.,Pesanan dari Toko yang tidak Dipromosikan,Ada,rakdapur3,,,,,Instagram
260526DPS74WQ8,Tertunda,233471145282910,2026-05-26 12:05:46,,2026-05-21 11:43:44,Jasmine Homes,276232623,Preferred(Non-CB),18182727503,Bunga Chrysan Mini Putik 35Kuntum 5Cabang 49505,176031961033,Normal Product,,Perlengkapan Rumah,Dekorasi,Bunga,13000,70,Komisi Shopee,,873793,,1.50%,1206,0.00%,0,1206,0,0,0,,0,0.00%,0,100.00%,0,Tertunda,Pesanan sedang diproses. Komisi akan dikonfirmasi setelah pesanan selesai.,Pesanan dari Toko yang tidak Dipromosikan,Ada,rakdapur3,,,,,Instagram
260526DMT29DDN,Selesai,233469026255371,2026-05-26 11:30:26,2026-05-27 10:33:25,2026-05-25 06:51:13,eazzy.acc,274250844,Preferred(Non-CB),8682598721,Converter HDMI To VGA HQ | Kabel HDMI to VGA HQ,56624268208,Normal Product,,Komputer & Aksesoris,Komponen Desktop & Laptop,Komponen Desktop & Laptop Lainnya,19999,2,Komisi Shopee,,35998,,0.50%,179.99,0.00%,0,179.99,179.99,0,179.99,,0,0.00%,0,100.00%,179.99,Selesai,,Pesanan dari Toko yang tidak Dipromosikan,Ada,rakdapur3,,,,,Others
260526DKJDV0G4,Tertunda,233467696227244,2026-05-26 11:08:17,,2026-05-25 15:48:22,The Aubree Official Shop,495290309,Shopee Mall(Non-CB),7595374405,The Aubree Niacinamide Skin Booster 30 ml Serum Pencerah Wajah,184227922103,Normal Product,,Perawatan & Kecantikan,Perawatan Wajah,Serum & Essence Wajah,84000,1,Komisi XTRA,,69122,,1.50%,1036.83,2.50%,1728.05,2764.88,3031.305,5345.465,8376.77,,0,0.00%,0,100.00%,8376.77,Tertunda,Pesanan sedang diproses. Komisi akan dikonfirmasi setelah pesanan selesai.,Pesanan dari Toko yang tidak Dipromosikan,Ada,rakdapur3,,,,,Others
260526DKJDV0G4,Tertunda,233467696227244,2026-05-26 11:08:17,,2026-05-25 15:48:22,The Aubree Official Shop,495290309,Shopee Mall(Non-CB),22119747102,The Aubree Blue Ocean Rich Toner 100 ml Toner Melembapkan,230793916705,Normal Product,,Perawatan & Kecantikan,Perawatan Wajah,Toner,90300,1,Komisi XTRA,,74307,,1.50%,1114.605,2.50%,1857.675,2972.28,0,0,0,,0,0.00%,0,100.00%,0,Tertunda,Pesanan sedang diproses. Komisi akan dikonfirmasi setelah pesanan selesai.,Pesanan dari Toko yang tidak Dipromosikan,Ada,rakdapur3,,,,,Others
260526DKJDV0G4,Tertunda,233467696227244,2026-05-26 11:08:17,,2026-05-25 15:48:22,The Aubree Official Shop,495290309,Shopee Mall(Non-CB),49106549538,The Aubree Face & Body Sunscreen SPF 35 PA +++,375588915064,Normal Product,,Perawatan & Kecantikan,Perawatan Wajah,Sunscreen Wajah,71280,1,Komisi XTRA,,58658,,1.50%,879.87,3.00%,1759.74,2639.61,0,0,0,,0,0.00%,0,100.00%,0,Tertunda,Pesanan sedang diproses. Komisi akan dikonfirmasi setelah pesanan selesai.,Pesanan dari Toko yang tidak Dipromosikan,Ada,rakdapur3,,,,,Others
260526DFFR1SQS,Selesai,233463311266984,2026-05-26 09:55:11,2026-05-27 10:33:25,2026-05-26 09:41:30,Lws_babyshop,274383843,Preferred(Non-CB),43967753457,(3pcs) NIKKY'S Baby Clodi Celana Lampin Motif / Popok Kain Bisa di Cuci Ulang (SNI),261462124882,Normal Product,,Ibu & Bayi,Popok & Pispot,Popok Kain & Aksesoris,101500,1,Komisi Shopee,,91350,,1.50%,1370.25,0.00%,0,1370.25,1370.25,0,1370.25,,0,0.00%,0,100.00%,1370.25,Selesai,,Pesanan dari Toko yang tidak Dipromosikan,Ada,rakdapur3,,,,,Facebook
260526DF8TT9DV,Tertunda,233463079285035,2026-05-26 09:51:19,,2026-05-23 14:43:17,Maybelline Indonesia Official Store,62582411,Shopee Mall(Non-CB),26692762082,[NEW LAUNCH] NINGNING CHOICE - MAYBELLINE OFFICIAL Superstay Baby Matte Cushion 24H Baby Smooth Blurring Matte Oil Control Full ,266939701063,Normal Product,453548668371561_0_0,Perawatan & Kecantikan,Kosmetik,Kosmetik Wajah,165000,1,Komisi XTRA,,141750,,1.50%,2126.25,2.50%,3543.75,5670,2126.25,3543.75,5670,,0,0.00%,0,100.00%,5670,Tertunda,Pesanan sedang diproses. Komisi akan dikonfirmasi setelah pesanan selesai.,Pesanan dari Toko yang tidak Dipromosikan,Ada,multistorage,,,,,Instagram
260526DF8TT9DV,Tertunda,233463079285035,2026-05-26 09:51:19,,2026-05-23 14:43:17,Maybelline Indonesia Official Store,62582411,Shopee Mall(Non-CB),44124417456,(FREE GIFT - DO NOT ORDER) MAYBELLINE OFFICIAL GWP BABY MATTE KEYCHARMS,254030675278,Normal Product,453548668371561_0_0,Perawatan & Kecantikan,Alat Kecantikan,Aksesoris Make Up,0,1,Komisi Shopee,,0,,1.50%,0,0.00%,0,0,0,0,0,,0,0.00%,0,100.00%,0,Tertunda,Pesanan sedang diproses. Komisi akan dikonfirmasi setelah pesanan selesai.,Pesanan dari Toko yang tidak Dipromosikan,Ada,multistorage,,,,,Instagram
260526DDYWE23K,Selesai,233461707294406,2026-05-26 09:28:48,2026-05-30 16:12:18,2026-05-26 09:27:22,goldenhillsidoarjo,1397261928,Preferred(Non-CB),41929063596,( BARU) TESSA ISI 3 Facial Tissue (330 ply x 3 pak) | hemat isi 3,254177010384,Normal Product,,Perlengkapan Rumah,Perawatan Rumah,Tisu & Tisu Kertas,19600,1,Komisi XTRA,,12216,,1.50%,183.24,1.50%,183.24,366.48,183.24,183.24,366.48,,0,0.00%,0,100.00%,366.48,Selesai,,Pesanan dari Toko yang tidak Dipromosikan,Ada,rakdapur3,,,,,Instagram
260526DDXATKX6,Selesai,233461653233923,2026-05-26 09:27:33,2026-05-28 18:31:02,2026-05-25 17:30:51,Gudang Tissue Ammarhafizh,109736646,Preferred(Non-CB),52107217804,"Bandded 5 Pcs - Dettol Sabun Batang 100gr - EXP 2028/2029, Perlindungan Anti-Kuman, Melembapkan Kulit, Aroma Segar",365642750229,Normal Product,,Perawatan & Kecantikan,Perawatan Tubuh,Sabun Mandi,28814,2,Komisi XTRA,,52777,,1.50%,791.655,0.75%,395.8275,1187.4825,791.655,395.8275,1187.4825,,0,0.00%,0,100.00%,1187.4825,Selesai,,Pesanan dari Toko yang tidak Dipromosikan,Ada,rakdapur3,,,,,Facebook
260526DD8V6D34,Selesai,233460933244527,2026-05-26 09:15:37,2026-05-31 19:39:29,2026-05-26 09:09:16,Bursa Cetak,525227997,C2C(Non-CB),13437418296,"BURSA CETAK - Sticker botol minuman transparant / Label kopi, Teh, Jamu transparan cutting",235315043441,Normal Product,,Buku & Alat Tulis,Buku Tulis & Kertas,Label & Stiker,280,150,Komisi XTRA,,39900,,0.00%,0,0.50%,199.5,199.5,0,199.5,199.5,,0,0.00%,0,100.00%,199.5,Selesai,,Pesanan dari Toko yang tidak Dipromosikan,Ada,website,,,,,Instagram
260526DCS5M59T,Selesai,233460406262189,2026-05-26 09:06:46,2026-05-27 13:12:01,2026-05-26 08:38:38,sayur segar lestari,673058107,Preferred(Non-CB),41365185418,daun bawang seledri per ikat,228037088096,Normal Product,,Makanan & Minuman,Makanan Segar & Beku,Sayuran,5000,1,Komisi Shopee,,4478,,1.50%,67.17,0.00%,0,67.17,7556.4,0,7556.4,,0,0.00%,0,100.00%,7556.4,Selesai,,Pesanan dari Toko yang tidak Dipromosikan,Ada,rakdapur3,,,,,Websites
260526DCS5M59T,Selesai,233460406262189,2026-05-26 09:06:46,2026-05-27 13:12:01,2026-05-26 08:38:38,sayur segar lestari,673058107,Preferred(Non-CB),41465270214,wortel impor,157924523722,Normal Product,,Makanan & Minuman,Makanan Segar & Beku,Sayuran,9000,1,Komisi Shopee,,8061,,1.50%,120.915,0.00%,0,120.915,0,0,0,,0,0.00%,0,100.00%,0,Selesai,,Pesanan dari Toko yang tidak Dipromosikan,Ada,rakdapur3,,,,,Websites
260526DCS5M59T,Selesai,233460406262189,2026-05-26 09:06:46,2026-05-27 13:12:01,2026-05-26 08:38:38,sayur segar lestari,673058107,Preferred(Non-CB),42115735046,ikan kembung segar 500gr,296295841772,Normal Product,,Makanan & Minuman,Makanan Segar & Beku,Seafood,36000,1,Komisi Shopee,,32244,,1.50%,483.66,0.00%,0,483.66,0,0,0,,0,0.00%,0,100.00%,0,Selesai,,Pesanan dari Toko yang tidak Dipromosikan,Ada,rakdapur3,,,,,Websites
260526DCS5M59T,Selesai,233460406262189,2026-05-26 09:06:46,2026-05-27 13:12:01,2026-05-26 08:38:38,sayur segar lestari,673058107,Preferred(Non-CB),42166017439,sayur sop,301319687151,Normal Product,,Makanan & Minuman,Makanan Segar & Beku,Sayuran,9500,1,Komisi Shopee,,8508,,1.50%,127.62,0.00%,0,127.62,0,0,0,,0,0.00%,0,100.00%,0,Selesai,,Pesanan dari Toko yang tidak Dipromosikan,Ada,rakdapur3,,,,,Websites
260526DCS5M59T,Selesai,233460406262189,2026-05-26 09:06:46,2026-05-27 13:12:01,2026-05-26 08:38:38,sayur segar lestari,673058107,Preferred(Non-CB),42918905263,ati ampla segar 5 pcs,291549964878,Normal Product,,Makanan & Minuman,Makanan Segar & Beku,Daging,21000,1,Komisi Shopee,,18809,,1.50%,282.135,0.00%,0,282.135,0,0,0,,0,0.00%,0,100.00%,0,Selesai,,Pesanan dari Toko yang tidak Dipromosikan,Ada,rakdapur3,,,,,Websites
260526DCS5M59T,Selesai,233460406262189,2026-05-26 09:06:46,2026-05-27 13:12:01,2026-05-26 08:38:38,sayur segar lestari,673058107,Preferred(Non-CB),49151039786,kemiri,325093036320,Normal Product,,Makanan & Minuman,Kebutuhan Memasak,Bumbu Masak,12000,1,Komisi Shopee,,10748,,1.50%,161.22,0.00%,0,161.22,0,0,0,,0,0.00%,0,100.00%,0,Selesai,,Pesanan dari Toko yang tidak Dipromosikan,Ada,rakdapur3,,,,,Websites
260526DCS5M59T,Selesai,233460406262189,2026-05-26 09:06:46,2026-05-27 13:12:01,2026-05-26 08:38:38,sayur segar lestari,673058107,Preferred(Non-CB),24146627368,ayam boiler 1 ekor,296269909057,Normal Product,,Makanan & Minuman,Makanan Segar & Beku,Daging,55000,1,Komisi Shopee,,49261,,1.50%,738.915,0.00%,0,738.915,0,0,0,,0,0.00%,0,100.00%,0,Selesai,,Pesanan dari Toko yang tidak Dipromosikan,Ada,rakdapur3,,,,,Websites
260526DCS5M59T,Selesai,233460406262189,2026-05-26 09:06:46,2026-05-27 13:12:01,2026-05-26 08:38:38,sayur segar lestari,673058107,Preferred(Non-CB),27690651354,kencur segar 100gr,291295322966,Normal Product,,Makanan & Minuman,Makanan Segar & Beku,Sayuran,10000,1,Komisi Shopee,,8956,,1.50%,134.34,0.00%,0,134.34,0,0,0,,0,0.00%,0,100.00%,0,Selesai,,Pesanan dari Toko yang tidak Dipromosikan,Ada,rakdapur3,,,,,Websites
260526DCS5M59T,Selesai,233460406262189,2026-05-26 09:06:46,2026-05-27 13:12:01,2026-05-26 08:38:38,sayur segar lestari,673058107,Preferred(Non-CB),29240407873,cabe rawit  merah,108733866803,Normal Product,,Makanan & Minuman,Makanan Segar & Beku,Sayuran,37050,1,Komisi Shopee,,33184,,1.50%,497.76,0.00%,0,497.76,0,0,0,,0,0.00%,0,100.00%,0,Selesai,,Pesanan dari Toko yang tidak Dipromosikan,Ada,rakdapur3,,,,,Websites
260526DCS5M59T,Selesai,233460406262189,2026-05-26 09:06:46,2026-05-27 13:12:01,2026-05-26 08:38:38,sayur segar lestari,673058107,Preferred(Non-CB),40365215691,tempe daun,266258585714,Normal Product,,Makanan & Minuman,Susu & Olahan,Tahu,9500,1,Komisi Shopee,,8508,,1.50%,127.62,0.00%,0,127.62,0,0,0,,0,0.00%,0,100.00%,0,Selesai,,Pesanan dari Toko yang tidak Dipromosikan,Ada,rakdapur3,,,,,Websites
260526DCS5M59T,Selesai,233460406262189,2026-05-26 09:06:46,2026-05-27 13:12:01,2026-05-26 08:38:38,sayur segar lestari,673058107,Preferred(Non-CB),40765929864,udang segar 250 gr,306313333671,Normal Product,,Makanan & Minuman,Makanan Segar & Beku,Seafood,29000,1,Komisi Shopee,,25974,,1.50%,389.61,0.00%,0,389.61,0,0,0,,0,0.00%,0,100.00%,0,Selesai,,Pesanan dari Toko yang tidak Dipromosikan,Ada,rakdapur3,,,,,Websites
260526DCS5M59T,Selesai,233460406262189,2026-05-26 09:06:46,2026-05-27 13:12:01,2026-05-26 08:38:38,sayur segar lestari,673058107,Preferred(Non-CB),41215723274,bumbu dapur segar,276295400648,Normal Product,,Makanan & Minuman,Makanan Segar & Beku,Sayuran,6000,1,Komisi Shopee,,5374,,1.50%,80.61,0.00%,0,80.61,0,0,0,,0,0.00%,0,100.00%,0,Selesai,,Pesanan dari Toko yang tidak Dipromosikan,Ada,rakdapur3,,,,,Websites
260526DCS5M59T,Selesai,233460406262189,2026-05-26 09:06:46,2026-05-27 13:12:01,2026-05-26 08:38:38,sayur segar lestari,673058107,Preferred(Non-CB),41426234250,ayam kampung /ekor,435093097982,Normal Product,,Makanan & Minuman,Makanan Segar & Beku,Daging,130000,0,Komisi Shopee,,0,116436,1.50%,0,0.00%,0,0,0,0,0,,0,0.00%,0,100.00%,0,Dibatalkan,Pesanan tidak memenuhi S&K.,Pesanan dari Toko yang tidak Dipromosikan,Ada,rakdapur3,,,,,Websites
260526DCS5M59T,Selesai,233460406262189,2026-05-26 09:06:46,2026-05-27 13:12:01,2026-05-26 08:38:38,sayur segar lestari,673058107,Preferred(Non-CB),42565040466,cabe merah kriting,39582891126,Normal Product,,Makanan & Minuman,Makanan Segar & Beku,Sayuran,25000,1,Komisi Shopee,,22391,,1.50%,335.865,0.00%,0,335.865,0,0,0,,0,0.00%,0,100.00%,0,Selesai,,Pesanan dari Toko yang tidak Dipromosikan,Ada,rakdapur3,,,,,Websites
260526DCS5M59T,Selesai,233460406262189,2026-05-26 09:06:46,2026-05-27 13:12:01,2026-05-26 08:38:38,sayur segar lestari,673058107,Preferred(Non-CB),43165258956,sawi putih segar,296261710781,Normal Product,,Makanan & Minuman,Makanan Segar & Beku,Sayuran,5390,1,Komisi Shopee,,4827,,1.50%,72.405,0.00%,0,72.405,0,0,0,,0,0.00%,0,100.00%,0,Selesai,,Pesanan dari Toko yang tidak Dipromosikan,Ada,rakdapur3,,,,,Websites
260526DCS5M59T,Selesai,233460406262189,2026-05-26 09:06:46,2026-05-27 13:12:01,2026-05-26 08:38:38,sayur segar lestari,673058107,Preferred(Non-CB),43415262808,kol putih segar,266261894313,Normal Product,,Makanan & Minuman,Makanan Segar & Beku,Sayuran,10000,1,Komisi Shopee,,8956,,1.50%,134.34,0.00%,0,134.34,0,0,0,,0,0.00%,0,100.00%,0,Selesai,,Pesanan dari Toko yang tidak Dipromosikan,Ada,rakdapur3,,,,,Websites
260526DCS5M59T,Selesai,233460406262189,2026-05-26 09:06:46,2026-05-27 13:12:01,2026-05-26 08:38:38,sayur segar lestari,673058107,Preferred(Non-CB),43918679826,daging sapi segar 500gr,296533272478,Normal Product,,Makanan & Minuman,Makanan Segar & Beku,Daging,100000,1,Komisi Shopee,,89566,,1.50%,1343.49,0.00%,0,1343.49,0,0,0,,0,0.00%,0,100.00%,0,Selesai,,Pesanan dari Toko yang tidak Dipromosikan,Ada,rakdapur3,,,,,Websites
260526DCS5M59T,Selesai,233460406262189,2026-05-26 09:06:46,2026-05-27 13:12:01,2026-05-26 08:38:38,sayur segar lestari,673058107,Preferred(Non-CB),26690637269,daun jeruk segar,291295413368,Normal Product,,Makanan & Minuman,Makanan Segar & Beku,Sayuran,4000,1,Komisi Shopee,,3594,,1.50%,53.91,0.00%,0,53.91,0,0,0,,0,0.00%,0,100.00%,0,Selesai,,Pesanan dari Toko yang tidak Dipromosikan,Ada,rakdapur3,,,,,Websites
260526DCS5M59T,Selesai,233460406262189,2026-05-26 09:06:46,2026-05-27 13:12:01,2026-05-26 08:38:38,sayur segar lestari,673058107,Preferred(Non-CB),28540520495,kentang dieng 500 gr,281261681898,Normal Product,,Makanan & Minuman,Makanan Segar & Beku,Sayuran,15000,1,Komisi Shopee,,13435,,1.50%,201.525,0.00%,0,201.525,0,0,0,,0,0.00%,0,100.00%,0,Selesai,,Pesanan dari Toko yang tidak Dipromosikan,Ada,rakdapur3,,,,,Websites
260526DCS5M59T,Selesai,233460406262189,2026-05-26 09:06:46,2026-05-27 13:12:01,2026-05-26 08:38:38,sayur segar lestari,673058107,Preferred(Non-CB),28940499141,tahu putih isi 10 pcs,306259734231,Normal Product,,Makanan & Minuman,Susu & Olahan,Tahu,8000,1,Komisi Shopee,,7165,,1.50%,107.475,0.00%,0,107.475,0,0,0,,0,0.00%,0,100.00%,0,Selesai,,Pesanan dari Toko yang tidak Dipromosikan,Ada,rakdapur3,,,,,Websites
260526DCS5M59T,Selesai,233460406262189,2026-05-26 09:06:46,2026-05-27 13:12:01,2026-05-26 08:38:38,sayur segar lestari,673058107,Preferred(Non-CB),41017401867,cumi asin 125gr,301434493828,Normal Product,,Makanan & Minuman,Bahan Pokok,Makanan Kering,21000,1,Komisi Shopee,,18809,,1.50%,282.135,0.00%,0,282.135,0,0,0,,0,0.00%,0,100.00%,0,Selesai,,Pesanan dari Toko yang tidak Dipromosikan,Ada,rakdapur3,,,,,Websites
260526DCS5M59T,Selesai,233460406262189,2026-05-26 09:06:46,2026-05-27 13:12:01,2026-05-26 08:38:38,sayur segar lestari,673058107,Preferred(Non-CB),42264929491,bawang putih kating,266237593692,Normal Product,,Makanan & Minuman,Makanan Segar & Beku,Sayuran,35000,1,Komisi Shopee,,31348,,1.50%,470.22,0.00%,0,470.22,0,0,0,,0,0.00%,0,100.00%,0,Selesai,,Pesanan dari Toko yang tidak Dipromosikan,Ada,rakdapur3,,,,,Websites
260526DCS5M59T,Selesai,233460406262189,2026-05-26 09:06:46,2026-05-27 13:12:01,2026-05-26 08:38:38,sayur segar lestari,673058107,Preferred(Non-CB),29690710706,ikan lele segar 500 gr,301313290676,Normal Product,,Makanan & Minuman,Makanan Segar & Beku,Seafood,25000,1,Komisi Shopee,,22391,,1.50%,335.865,0.00%,0,335.865,0,0,0,,0,0.00%,0,100.00%,0,Selesai,,Pesanan dari Toko yang tidak Dipromosikan,Ada,rakdapur3,,,,,Websites
260526DCS5M59T,Selesai,233460406262189,2026-05-26 09:06:46,2026-05-27 13:12:01,2026-05-26 08:38:38,sayur segar lestari,673058107,Preferred(Non-CB),41664936505,bawang merah brebes,218662869190,Normal Product,,Makanan & Minuman,Makanan Segar & Beku,Sayuran,40000,1,Komisi Shopee,,35826,,1.50%,537.39,0.00%,0,537.39,0,0,0,,0,0.00%,0,100.00%,0,Selesai,,Pesanan dari Toko yang tidak Dipromosikan,Ada,rakdapur3,,,,,Websites
260526DCS5M59T,Selesai,233460406262189,2026-05-26 09:06:46,2026-05-27 13:12:01,2026-05-26 08:38:38,sayur segar lestari,673058107,Preferred(Non-CB),42217931489,bumbu giling,258869212292,Normal Product,,Makanan & Minuman,Kebutuhan Memasak,Bumbu Masak Instan,6500,2,Komisi Shopee,,11643,,1.50%,174.645,0.00%,0,174.645,0,0,0,,0,0.00%,0,100.00%,0,Selesai,,Pesanan dari Toko yang tidak Dipromosikan,Ada,rakdapur3,,,,,Websites
260526DCS5M59T,Selesai,233460406262189,2026-05-26 09:06:46,2026-05-27 13:12:01,2026-05-26 08:38:38,sayur segar lestari,673058107,Preferred(Non-CB),42717762137,kelapa parut dan santan per butir,243864935075,Normal Product,,Makanan & Minuman,Kebutuhan Memasak,Kebutuhan Memasak Lainnya,22000,1,Komisi Shopee,,19704,,1.50%,295.56,0.00%,0,295.56,0,0,0,,0,0.00%,0,100.00%,0,Selesai,,Pesanan dari Toko yang tidak Dipromosikan,Ada,rakdapur3,,,,,Websites
260526DC37Q8C1,Selesai,233459670265412,2026-05-26 08:54:30,2026-05-30 18:17:45,2026-05-20 21:35:01,Fresh Vision Official Shop,891452376,Shopee Mall(Non-CB),20663476537,"Fresh Vision Madu Herbal Paket 2 Botol Mini Atasi Minus, Silinder, Rabun, Floater, dan Lemak Mata  [TERALRIS LIVE!!!]",286874835176,Normal Product,,Kesehatan,Suplemen Makanan,Kesejahteraan,95000,1,Komisi XTRA,,89750,,1.50%,1346.25,5.00%,4487.5,5833.75,1346.25,4487.5,5833.75,,0,0.00%,0,100.00%,5833.75,Selesai,,Pesanan dari Toko yang tidak Dipromosikan,Ada,rakdapur3,,,,,Instagram
260526DBMS4QNM,Selesai,233459185219621,2026-05-26 08:46:26,2026-05-28 11:23:05,2026-05-26 05:40:51,Juragan Plastik 168,192746042,C2C(Non-CB),26454326473,Mika Alas Donat Tatakan Isi 6 Lubang - Isi 50 Pcs,236504611161,Normal Product,,Perlengkapan Rumah,Perlengkapan Pesta,Peralatan Makan Sekali Pakai,39700,1,Komisi XTRA,,39700,,0.00%,0,0.50%,198.5,198.5,0,198.5,198.5,,0,0.00%,0,100.00%,198.5,Selesai,,Pesanan dari Toko yang tidak Dipromosikan,Ada,rakdapur3,,,,,Others
260526DAKY6WRJ,Tertunda,233458084284139,2026-05-26 08:28:05,,2026-05-24 05:48:00,Hijabstory id,1092840192,C2C(Non-CB),56350680723,"plastik opp 16x25-35x40 (04),plastik packing hijab#baju#jaket#kemeja",365060022209,Normal Product,,Perlengkapan Rumah,Perawatan Rumah,Kantong Plastik  & Kantong Sampah,30170,3,Komisi XTRA,,90510,,0.00%,0,3.00%,2715.3,2715.3,0,2715.3,2715.3,,0,0.00%,0,100.00%,2715.3,Tertunda,Pesanan sedang diproses. Komisi akan dikonfirmasi setelah pesanan selesai.,Pesanan dari Toko yang tidak Dipromosikan,Ada,rakdapur3,,,,,Websites
260526DAK7B0XP,Selesai,233458059254281,2026-05-26 08:27:40,2026-05-30 22:32:33,2026-05-26 08:12:58,kitchenshop11,144647947,Preferred(Non-CB),5218827971,Nampan stainless persegi 32cm / nampan baki stainless / baking tray stainless 32cmx22cm,115269272784,Normal Product,,Perlengkapan Rumah,Peralatan Makan,Tatakan Piring & Gelas,25000,1,Komisi XTRA,,25000,,1.50%,375,1.00%,250,625,375,250,625,,0,0.00%,0,100.00%,625,Selesai,,Pesanan dari Toko yang tidak Dipromosikan,Ada,rakdapur3,,,,,Instagram
260526D9F974GN,Selesai,233456853269037,2026-05-26 08:07:33,2026-05-29 21:18:36,2026-05-26 04:05:13,Sckindapsu_$tore,351965069,Preferred(Non-CB),10380392818,Anggrek gantung - coelogyne rochussenii per/1pohon dewasa,133331538337,Normal Product,,Perlengkapan Rumah,Taman,Tanaman,3060,3,Komisi XTRA,,6885,,1.50%,103.275,5.50%,378.675,481.95,103.275,378.675,481.95,,0,0.00%,0,100.00%,481.95,Selesai,,Pesanan dari Toko yang tidak Dipromosikan,Ada,rakdapur3,,,,,Facebook
260526D66J12GG,Tertunda,233453339288375,2026-05-26 07:09:00,,2026-05-23 14:56:24,Elegant Daily Life Store,946986803,Preferred(Non-CB),55910697053,[New Blue] Twin Pack Nu Skin Scion Roll On Deodorant Original 75ML Underarm Whitening Anti Odor 24H Fresh Protection EXP 2028,390936251251,Normal Product,,Perawatan & Kecantikan,Perawatan Tubuh,Deodoran,76900,1,Komisi Shopee,,65380,,1.50%,980.7,0.00%,0,980.7,2892.3,0,2892.3,,0,0.00%,0,100.00%,2892.3,Tertunda,Pesanan sedang diproses. Komisi akan dikonfirmasi setelah pesanan selesai.,Pesanan dari Toko yang tidak Dipromosikan,Ada,rakdapur3,,,,,Others
260526D66J12GG,Tertunda,233453339288375,2026-05-26 07:09:00,,2026-05-23 14:56:24,Elegant Daily Life Store,946986803,Preferred(Non-CB),55910697053,[New Blue] Twin Pack Nu Skin Scion Roll On Deodorant Original 75ML Underarm Whitening Anti Odor 24H Fresh Protection EXP 2028,385936247545,Normal Product,,Perawatan & Kecantikan,Perawatan Tubuh,Deodoran,149900,1,Komisi Shopee,,127440,,1.50%,1911.6,0.00%,0,1911.6,0,0,0,,0,0.00%,0,100.00%,0,Tertunda,Pesanan sedang diproses. Komisi akan dikonfirmasi setelah pesanan selesai.,Pesanan dari Toko yang tidak Dipromosikan,Ada,rakdapur3,,,,,Others
260526D648HFJ6,Tertunda,233453262222457,2026-05-26 07:07:43,,2026-05-21 12:19:49,Feliz.Kosmetik,383972992,Preferred(Non-CB),9651535918,* FELIZ * GARNIER Micellar Water 125ml,253801159895,Normal Product,,Perawatan & Kecantikan,Kosmetik,Pembersih Make Up,28000,1,Komisi Shopee,,27082,,1.50%,406.23,0.00%,0,406.23,406.23,0,406.23,,0,0.00%,0,100.00%,406.23,Tertunda,Pesanan sedang diproses. Komisi akan dikonfirmasi setelah pesanan selesai.,Pesanan dari Toko yang tidak Dipromosikan,Ada,rakdapur3,,,,,Facebook
260526D5P7B9Q0,Selesai,233452791214240,2026-05-26 06:59:51,2026-05-30 08:25:37,2026-05-25 17:24:28,petsmommy.id,1412392938,Preferred(Non-CB),27284235355,Fast Delivery/Menara mainan kucing interaktif dengan jalur bola 3 tingkat Set meja putar kucing peliharaan,280021823476,Normal Product,,Hewan Peliharaan,Aksesoris Hewan Peliharaan,Mainan,54053,1,Komisi XTRA,,48648,,1.50%,729.72,5.00%,2432.4,3162.12,1712.82,4398.6,6111.42,,0,0.00%,0,100.00%,6111.42,Selesai,,Pesanan dari Toko yang tidak Dipromosikan,Ada,rakdapur3,,,,,Instagram
260526D5P7B9Q0,Selesai,233452791214240,2026-05-26 06:59:51,2026-05-30 08:25:37,2026-05-25 17:24:28,petsmommy.id,1412392938,Preferred(Non-CB),46801901967,Mainan Kucing Puzzle Kotak Labirin  • Mainan Felt Tahan Gigit • 5 Model • Bonus 3 Bola Berlonceng,186339196451,Normal Product,,Hewan Peliharaan,Aksesoris Hewan Peliharaan,Mainan,72823,1,Komisi XTRA,,65540,,1.50%,983.1,3.00%,1966.2,2949.3,0,0,0,,0,0.00%,0,100.00%,0,Selesai,,Pesanan dari Toko yang tidak Dipromosikan,Ada,rakdapur3,,,,,Instagram
260526D4S9A8SF,Dibatalkan,233451820200958,2026-05-26 06:43:41,--,2026-05-24 10:25:31,Celest Official Shop,456483763,Shopee Mall(Non-CB),41314326863,Celest - Poupeé Silver Bracelet Jewelry (Adjustable) | Perhiasan Asli Gelang Emas Plated | 100% Original | Perhiasan Wanita Mewa,218655894824,Normal Product,,Aksesoris Fashion,Perhiasan Berharga,Gelang Tangan,950000,0,Komisi XTRA,,0,950000,1.50%,0,3.50%,0,0,0,0,0,,0,0.00%,0,100.00%,0,Dibatalkan,Pembeli membatalkan pesanan.,Pesanan dari Toko yang tidak Dipromosikan,Ada,rakdapur3,,,,,Instagram
260526D4AH9CDS,Tertunda,233451325247379,2026-05-26 06:35:30,,2026-05-24 09:30:45,UHOUSE Official Store,766697683,Shopee Mall(Non-CB),16682415138,"Laptop, Macbook  Tas Loptop 12"", 13"",14"", 15.6"", 16""  inch HandCarry Bag /Tas Laptop Sleeve Case/Laptop Bag/Briefcase/Tablet Bag",181814584506,Normal Product,,Tas Pria,Tas Laptop,Tas & Case Laptop,85900,1,Komisi XTRA,,71860,,1.50%,1077.9,2.50%,1796.5,2874.4,1077.9,1796.5,2874.4,,0,0.00%,0,100.00%,2874.4,Tertunda,Pesanan sedang diproses. Komisi akan dikonfirmasi setelah pesanan selesai.,Pesanan dari Toko yang tidak Dipromosikan,Ada,rakdapur3,,,,,Others
260526CJC70MW1,Dibatalkan,233432054221686,2026-05-26 01:14:15,--,2026-05-26 00:38:34,Tricout,53892335,Preferred(Non-CB),24422233016,"VALLE OVERSIZE KNIT CARDIGAN BY TRICOUT, WHITE",365316486222,Normal Product,,Pakaian Wanita,Sweater & Cardigan,,220000,0,Komisi XTRA,,0,176000,1.50%,0,3.00%,0,0,0,0,0,,0,0.00%,0,100.00%,0,Dibatalkan,Pembeli membatalkan pesanan.,Pesanan dari Toko yang tidak Dipromosikan,Ada,rakdapur3,,,,,Instagram
260526CDNN3583,Tertunda,233427002275777,2026-05-25 23:50:09,,2026-05-22 07:26:11,Unilever Personal Care Official Store,1517647103,Shopee Mall(Non-CB),42100681140,Lux Botanicals Body Wash Sabun Mandi Cair Magical Orchid Pouch Refill 800g,290053436951,Normal Product,,Perawatan & Kecantikan,Perawatan Tubuh,Sabun Mandi,37100,1,Komisi XTRA,,33390,,1.50%,500.85,2.50%,834.75,1335.6,500.85,834.75,1335.6,,0,0.00%,0,100.00%,1335.6,Tertunda,Pesanan sedang diproses. Komisi akan dikonfirmasi setelah pesanan selesai.,Pesanan dari Toko yang tidak Dipromosikan,Ada,katalog,rak,,,,Others
260526CDNN3582,Selesai,233427002275777,2026-05-25 23:50:09,2026-05-29 13:55:29,2026-05-22 07:26:11,EASY SOFTWARE,1029837047,Preferred(Non-CB),28766610862,[BIG SALE] Microsoft Office 365 Original Lifetime 5 Device Suport (Windos Mac Ipad Android),233422164879,Normal Product,,Komputer & Aksesoris,Software,,33950,1,Komisi XTRA,,30555,,0.50%,152.775,4.00%,1222.2,1374.975,152.775,1222.2,1374.975,,0,0.00%,0,100.00%,1374.975,Selesai,,Pesanan dari Toko yang tidak Dipromosikan,Ada,katalog,rak,,,,Others
260526CDNN3581,Tertunda,233427002275777,2026-05-25 23:50:09,,2026-05-22 07:26:11,Makarizo Official Shop,18102367,Shopee Mall(Non-CB),1290911781,Makarizo Advisor Hair Repair Mask 100mL - Keratin Hair Mask / Masker Rambut Lembut / Rambut Ngembang Kempes,335020556643,Normal Product,,Perawatan & Kecantikan,Perawatan Rambut,Treatment Rambut,33900,1,Komisi XTRA,,30510,,1.50%,457.65,0.50%,152.55,610.2,457.65,152.55,610.2,,0,0.00%,0,100.00%,610.2,Tertunda,Pesanan sedang diproses. Komisi akan dikonfirmasi setelah pesanan selesai.,Pesanan dari Toko yang tidak Dipromosikan,Ada,katalog,rak,,,,Others
260525CA1W1MDH,Dibatalkan,233423119293922,2026-05-25 22:45:40,--,2026-05-25 00:53:21,Lynzzbutik,155414711,Preferred(Non-CB),52151936996,LIVE ALL MIX BAG PART 22,302644585094,Normal Product,,Pakaian Wanita,Pakaian Wanita Lainnya,,355000,0,Komisi Shopee,,0,305000,1.50%,0,0.00%,0,0,0,0,0,,0,0.00%,0,100.00%,0,Dibatalkan,Pembeli membatalkan pesanan.,Pesanan dari Toko yang tidak Dipromosikan,Ada,website,,,,,Instagram
260525C92B0KKK,Tertunda,233422059205764,2026-05-25 22:27:40,,2026-05-24 13:16:34,Cutbray Jeans Wanita,1008336297,Preferred(Non-CB),22569336678,HW Cutbray Jeans Wanita - Celana Cutbray Strecht Kekinian - Cutbray Flared- Streetch Premium Quality,98716507067,Normal Product,,Pakaian Wanita,Celana Jeans,,89500,1,Komisi XTRA,,62650,,1.50%,939.75,1.00%,626.5,1566.25,939.75,626.5,1566.25,,0,0.00%,0,100.00%,1566.25,Tertunda,Pesanan sedang diproses. Komisi akan dikonfirmasi setelah pesanan selesai.,Pesanan dari Toko yang tidak Dipromosikan,Ada,rakdapur3,,,,,Facebook
260525C7X2D3V7,Selesai,233420842217111,2026-05-25 22:07:22,2026-05-28 20:47:48,2026-05-25 08:51:54,avrilliamagdalena,5707412,C2C(Non-CB),53554908882,READY! DONNA COSTOSA LASAINS PERFUME NEW PACKAGING,360454340545,Normal Product,,Perawatan & Kecantikan,Parfum & Wewangian,,215000,1,Komisi XTRA,,172000,,0.00%,0,3.50%,6020,6020,0,6020,6020,,0,0.00%,0,100.00%,6020,Selesai,,Pesanan dari Toko yang tidak Dipromosikan,Ada,rakdapur3,,,,,Instagram
260525C58XQYB7,Selesai,233417986242339,2026-05-25 21:19:50,2026-05-30 14:19:04,2026-05-24 14:08:35,"Dettol, Veet, Vanish & Harpic Store",6936785,Shopee Mall(Non-CB),42919317417,Dettol Washing Machine Cleaner Lemon 250ml (2 pcs) Sabun Pembersih Mesin Cuci 6in1,261583559291,Normal Product,,Perlengkapan Rumah,Perawatan Rumah,Pembersih,119000,2,Komisi XTRA,,195359,,1.50%,2930.385,0.50%,976.795,3907.18,2930.385,976.795,3907.18,,0,0.00%,0,100.00%,3907.18,Selesai,,Pesanan dari Toko yang tidak Dipromosikan,Ada,rakdapur3,,,,,Instagram
260525C58XQYB6,Selesai,233417986242339,2026-05-25 21:19:50,2026-05-30 14:15:02,2026-05-24 14:08:35,Leaf Organic,55986533,Preferred(Non-CB),22837785179,Washing Machine Cleaner Powder VANORA Bubuk Pembersih Mesin Cuci,194184212423,Normal Product,,Perlengkapan Rumah,Perawatan Rumah,Pembersih,34998,2,Komisi XTRA,,61597,,1.50%,923.955,2.00%,1231.94,2155.895,923.955,1231.94,2155.895,,0,0.00%,0,100.00%,2155.895,Selesai,,Pesanan dari Toko yang tidak Dipromosikan,Ada,rakdapur3,,,,,Instagram
260525C58XQYB5,Selesai,233417986242339,2026-05-25 21:19:50,2026-05-30 14:11:00,2026-05-24 14:08:35,Toko Surya Jakarta,190646555,Preferred(Non-CB),21967179584,"Langgeng UNION 3/4"" WATERMUR 3/4"" watermor 3/4"" water mur 3/4"" water mur mor watermur watermor union socket 3/4"" inch polos Lang",39209619712,Normal Product,,Perlengkapan Rumah,Alat Pertukangan & Renovasi Rumah,Pompa Air & Aksesoris,12000,1,Komisi Shopee,,12000,,1.50%,180,0.00%,0,180,1432.5,0,1432.5,,0,0.00%,0,100.00%,1432.5,Selesai,,Pesanan dari Toko yang tidak Dipromosikan,Ada,rakdapur3,,,,,Instagram
260525C58XQYB5,Selesai,233417986242339,2026-05-25 21:19:50,2026-05-30 14:11:00,2026-05-24 14:08:35,Toko Surya Jakarta,190646555,Preferred(Non-CB),24317701254,"RUCIKA keni 1/2"" 3/4"" 1"" rucika aw - keni 1/2"" rucika keni 3/4"" rucika keni 1"" rucika aw keni rucika 1"" keni rucika 1/2"" keni ru",166365698522,Normal Product,,Perlengkapan Rumah,Alat Pertukangan & Renovasi Rumah,Pompa Air & Aksesoris,11500,2,Komisi Shopee,,23000,,1.50%,345,0.00%,0,345,0,0,0,,0,0.00%,0,100.00%,0,Selesai,,Pesanan dari Toko yang tidak Dipromosikan,Ada,rakdapur3,,,,,Instagram
260525C58XQYB5,Selesai,233417986242339,2026-05-25 21:19:50,2026-05-30 14:11:00,2026-05-24 14:08:35,Toko Surya Jakarta,190646555,Preferred(Non-CB),29355406969,"PENGUIN - Bulkhead 3/4"" Inch Stop kran 3/4"" Kopling tandon Air 3/4"" Bulkhead Fitting 3/4 Inch Outlet Tandon 3/4"" Mur Tandon 3/4""",256202898578,Normal Product,,Perlengkapan Rumah,Alat Pertukangan & Renovasi Rumah,Pompa Air & Aksesoris,60500,1,Komisi Shopee,,60500,,1.50%,907.5,0.00%,0,907.5,0,0,0,,0,0.00%,0,100.00%,0,Selesai,,Pesanan dari Toko yang tidak Dipromosikan,Ada,rakdapur3,,,,,Instagram
260525C4GNG5QV,Selesai,233417171243030,2026-05-25 21:06:15,2026-05-31 14:15:17,2026-05-22 13:10:46,Ace Fashion Official Shop,10221730,C2C(Non-CB),44258598222,ACE - 10PACK Clay Press Mainan Edukasi Anak Plastisin Lilin Mainan Clay Polymailer 1 PACK Isi 12 Pcs Free Pisau Mainan,305724277506,Normal Product,,Ibu & Bayi,Mainan,Mainan Edukatif,42500,1,Komisi XTRA,,34289,,0.00%,0,3.00%,1028.67,1028.67,0,1028.67,1028.67,,0,0.00%,0,100.00%,1028.67,Selesai,,Pesanan dari Toko yang tidak Dipromosikan,Ada,Dress,slingkuh,reels,fb,,Facebook
260525C36JWD3P,Selesai,233415759252288,2026-05-25 20:42:39,2026-05-31 17:37:12,2026-05-24 08:56:40,BIO HERBAL OASIS,1204768643,Preferred(Non-CB),29804822243,Organic Royal Honey Vip Ori :1 Box 24 Sachets EXP2028,128997162852,Normal Product,,Makanan & Minuman,Menu Sarapan,Madu & Olesan,255000,1,Komisi Shopee,,224400,,1.50%,3366,0.00%,0,3366,3366,0,3366,,0,0.00%,0,100.00%,3366,Selesai,,Pesanan dari Toko yang tidak Dipromosikan,Ada,website,,,,,Instagram
260525C1MFRMEU,Tertunda,233414078228050,2026-05-25 20:14:38,,2026-05-25 19:41:57,MH-24,145667606,Preferred(Non-CB),40330679538,MH-24 Sandal jepit anak hellokitty perempuan terlaris anti slip,325889197538,Normal Product,,Fashion Bayi & Anak,Sepatu Anak Perempuan,Sandal,10440,1,Komisi XTRA,,10440,,1.50%,156.6,4.00%,417.6,574.2,330.75,882,1212.75,,0,0.00%,0,100.00%,1212.75,Tertunda,Pesanan sedang diproses. Komisi akan dikonfirmasi setelah pesanan selesai.,Pesanan dari Toko yang tidak Dipromosikan,Ada,rakdapur3,,,,,Facebook
260525C1MFRMEU,Tertunda,233414078228050,2026-05-25 20:14:38,,2026-05-25 19:41:57,MH-24,145667606,Preferred(Non-CB),40330679538,MH-24 Sandal jepit anak hellokitty perempuan terlaris anti slip,345951311821,Normal Product,,Fashion Bayi & Anak,Sepatu Anak Perempuan,Sandal,11610,1,Komisi XTRA,,11610,,1.50%,174.15,4.00%,464.4,638.55,0,0,0,,0,0.00%,0,100.00%,0,Tertunda,Pesanan sedang diproses. Komisi akan dikonfirmasi setelah pesanan selesai.,Pesanan dari Toko yang tidak Dipromosikan,Ada,rakdapur3,,,,,Facebook
260525C0WWVFWQ,Selesai,233413321287501,2026-05-25 20:02:02,2026-05-31 16:33:35,2026-05-23 12:41:31,LUNICA Official Shop,298959895,Shopee Mall(Non-CB),5397198433,LUNICA Milky Facial Scrub | Bright Moist Facial SCRUB Sabun Wajah Facial Wash Sabun Muka Glowing Lembab Sensitif,76899237609,Normal Product,,Perawatan & Kecantikan,Perawatan Wajah,Scrub & Peel Wajah,116640,1,Komisi Shopee,,93312,,1.50%,1399.68,0.00%,0,1399.68,6379.38,0,6379.38,,0,0.00%,0,100.00%,6379.38,Selesai,,Pesanan dari Toko yang tidak Dipromosikan,Ada,rakdapur3,,,,,Facebook
260525C0WWVFWQ,Selesai,233413321287501,2026-05-25 20:02:02,2026-05-31 16:33:35,2026-05-23 12:41:31,LUNICA Official Shop,298959895,Shopee Mall(Non-CB),5264079973,Paket Pelembab Wajah LUNICA Aqua Blossom Package ( Skin Barrier Treatment ) Skincare BPOM Toner Serum Krim Pelembab Wajah Hyalur,41901930532,Normal Product,,Perawatan & Kecantikan,Paket & Set Kecantikan,,414975,1,Komisi Shopee,,331980,,1.50%,4979.7,0.00%,0,4979.7,0,0,0,,0,0.00%,0,100.00%,0,Selesai,,Pesanan dari Toko yang tidak Dipromosikan,Ada,rakdapur3,,,,,Facebook
260525C05QGDVC,Tertunda,233412509286809,2026-05-25 19:48:29,,2026-05-19 09:07:31,oval_sport,747009308,Preferred(Non-CB),11794823696,sabuk karate warna senkaido,58738037173,Normal Product,,Olahraga & Outdoor,Alat Rekreasi Olahraga & Aktivitas Outdoor,Tinju & Bela Diri,19999,1,Komisi Shopee,,19999,,1.50%,299.985,0.00%,0,299.985,299.985,0,299.985,,0,0.00%,0,100.00%,299.985,Tertunda,Pesanan sedang diproses. Komisi akan dikonfirmasi setelah pesanan selesai.,Pesanan dari Toko yang tidak Dipromosikan,Ada,rakdapur3,,,,,Others
260525BXCM766X,Selesai,233410593239978,2026-05-25 19:16:33,2026-05-30 12:37:40,2026-05-24 14:41:39,THE MUDS Official Store,572310528,Shopee Mall(Non-CB),27888806627,THE MUDS - Paket Bundling Kaos Kaki Jempol Fashion Muslimah Ankara,290752783766,Normal Product,,Pakaian Wanita,Kaos Kaki & Stocking,Kaos Kaki,35000,1,Komisi XTRA,,33250,,1.50%,498.75,7.50%,2493.75,2992.5,498.75,2493.75,2992.5,,0,0.00%,0,100.00%,2992.5,Selesai,,Pesanan dari Toko yang tidak Dipromosikan,Ada,rakdapur3,,,,,Others
260525BQ9TSX6E,Tertunda,233402983282572,2026-05-25 17:09:44,,2026-05-25 15:51:01,OKK Indonesia Official Store,374620305,Preferred(Non-CB),45303169596,OKK Rak Bumbu Vertikal 3 Susun Minimalis Tahan Lama / Rak Penyimpanan Bawang & Buah Minimalis Kuat,292259094336,Normal Product,,Perlengkapan Rumah,Perlengkapan Dapur,Rak Dapur,51999,1,Komisi XTRA,,47339,,1.50%,710.085,7.00%,3313.73,4023.815,710.085,3313.73,4023.815,,0,0.00%,0,100.00%,4023.815,Tertunda,Pesanan sedang diproses. Komisi akan dikonfirmasi setelah pesanan selesai.,Pesanan Produk dari Toko yang Dipromosikan,Ada,rakdapur3,,,,,Others
260525BNTAKBWC,Tertunda,233401389233976,2026-05-25 16:43:09,,2026-05-23 05:11:06,icy_eyelash,27374039,Preferred(Non-CB),18360274381,(BOX PUTIH) YELIX bloom blossom lash UJUNGNYA SAMA easy fanning volume russian. Eyelash extensions extension rusiian tebal dan l,220198927160,Normal Product,,Perawatan & Kecantikan,Alat Kecantikan,Aksesoris Make Up,49000,2,Komisi XTRA,,73500,,1.50%,1102.5,0.50%,367.5,1470,9326.25,8591.25,17917.5,,0,0.00%,0,100.00%,17917.5,Tertunda,Pesanan sedang diproses. Komisi akan dikonfirmasi setelah pesanan selesai.,Pesanan dari Toko yang tidak Dipromosikan,Ada,rakdapur3,,,,,Others
260525BNTAKBWC,Tertunda,233401389233976,2026-05-25 16:43:09,,2026-05-23 05:11:06,icy_eyelash,27374039,Preferred(Non-CB),23841892335,Inven Venne YY Lash Ellipse Eyelash Extension Super Soft Volume Lembut 2D Bulu Mata Japan Russian Lashes TERMURAH!!! Y bulumata,194281779113,Normal Product,,Perawatan & Kecantikan,Alat Kecantikan,Aksesoris Make Up,48000,1,Komisi XTRA,,36000,,1.50%,540,2.50%,900,1440,0,0,0,,0,0.00%,0,100.00%,0,Tertunda,Pesanan sedang diproses. Komisi akan dikonfirmasi setelah pesanan selesai.,Pesanan dari Toko yang tidak Dipromosikan,Ada,rakdapur3,,,,,Others
260525BNTAKBWC,Tertunda,233401389233976,2026-05-25 16:43:09,,2026-05-23 05:11:06,icy_eyelash,27374039,Preferred(Non-CB),55510155076,Yelix 3D Smaller Spacing Lash (Mekarnya Lebih Rapat) Lembut Premium Narrow Opening Shape Cabang 3 Tidak Mekar Eyelash Extension,234686742284,Normal Product,,Perawatan & Kecantikan,Alat Kecantikan,Aksesoris Make Up,59000,1,Komisi XTRA,,44250,,1.50%,663.75,1.50%,663.75,1327.5,0,0,0,,0,0.00%,0,100.00%,0,Tertunda,Pesanan sedang diproses. Komisi akan dikonfirmasi setelah pesanan selesai.,Pesanan dari Toko yang tidak Dipromosikan,Ada,rakdapur3,,,,,Others
260525BNTAKBWC,Tertunda,233401389233976,2026-05-25 16:43:09,,2026-05-23 05:11:06,icy_eyelash,27374039,Preferred(Non-CB),23576340983,Inven W Clover 3D Shaped Eyelash Cabang 3 Lembut Super Lentik Best Seller Volume Russian Lash Ellipse Extension W Shape,234523955144,Normal Product,,Perawatan & Kecantikan,Alat Kecantikan,Aksesoris Make Up,48000,2,Komisi XTRA,,72000,,1.50%,1080,2.50%,1800,2880,0,0,0,,0,0.00%,0,100.00%,0,Tertunda,Pesanan sedang diproses. Komisi akan dikonfirmasi setelah pesanan selesai.,Pesanan dari Toko yang tidak Dipromosikan,Ada,rakdapur3,,,,,Others
260525BNTAKBWC,Tertunda,233401389233976,2026-05-25 16:43:09,,2026-05-23 05:11:06,icy_eyelash,27374039,Preferred(Non-CB),23841892335,Inven Venne YY Lash Ellipse Eyelash Extension Super Soft Volume Lembut 2D Bulu Mata Japan Russian Lashes TERMURAH!!! Y bulumata,194281779112,Normal Product,,Perawatan & Kecantikan,Alat Kecantikan,Aksesoris Make Up,48000,1,Komisi XTRA,,36000,,1.50%,540,2.50%,900,1440,0,0,0,,0,0.00%,0,100.00%,0,Tertunda,Pesanan sedang diproses. Komisi akan dikonfirmasi setelah pesanan selesai.,Pesanan dari Toko yang tidak Dipromosikan,Ada,rakdapur3,,,,,Others
260525BNTAKBWC,Tertunda,233401389233976,2026-05-25 16:43:09,,2026-05-23 05:11:06,icy_eyelash,27374039,Preferred(Non-CB),18360274381,(BOX PUTIH) YELIX bloom blossom lash UJUNGNYA SAMA easy fanning volume russian. Eyelash extensions extension rusiian tebal dan l,220198927164,Normal Product,,Perawatan & Kecantikan,Alat Kecantikan,Aksesoris Make Up,49000,2,Komisi XTRA,,73500,,1.50%,1102.5,0.50%,367.5,1470,0,0,0,,0,0.00%,0,100.00%,0,Tertunda,Pesanan sedang diproses. Komisi akan dikonfirmasi setelah pesanan selesai.,Pesanan dari Toko yang tidak Dipromosikan,Ada,rakdapur3,,,,,Others
260525BNTAKBWC,Tertunda,233401389233976,2026-05-25 16:43:09,,2026-05-23 05:11:06,icy_eyelash,27374039,Preferred(Non-CB),18360274381,(BOX PUTIH) YELIX bloom blossom lash UJUNGNYA SAMA easy fanning volume russian. Eyelash extensions extension rusiian tebal dan l,220198927171,Normal Product,,Perawatan & Kecantikan,Alat Kecantikan,Aksesoris Make Up,70000,2,Komisi XTRA,,105000,,1.50%,1575,0.50%,525,2100,0,0,0,,0,0.00%,0,100.00%,0,Tertunda,Pesanan sedang diproses. Komisi akan dikonfirmasi setelah pesanan selesai.,Pesanan dari Toko yang tidak Dipromosikan,Ada,rakdapur3,,,,,Others
260525BNTAKBWC,Tertunda,233401389233976,2026-05-25 16:43:09,,2026-05-23 05:11:06,icy_eyelash,27374039,Preferred(Non-CB),18360274381,(BOX PUTIH) YELIX bloom blossom lash UJUNGNYA SAMA easy fanning volume russian. Eyelash extensions extension rusiian tebal dan l,220198927172,Normal Product,,Perawatan & Kecantikan,Alat Kecantikan,Aksesoris Make Up,49000,2,Komisi XTRA,,73500,,1.50%,1102.5,0.50%,367.5,1470,0,0,0,,0,0.00%,0,100.00%,0,Tertunda,Pesanan sedang diproses. Komisi akan dikonfirmasi setelah pesanan selesai.,Pesanan dari Toko yang tidak Dipromosikan,Ada,rakdapur3,,,,,Others
260525BNTAKBWC,Tertunda,233401389233976,2026-05-25 16:43:09,,2026-05-23 05:11:06,icy_eyelash,27374039,Preferred(Non-CB),23576340983,Inven W Clover 3D Shaped Eyelash Cabang 3 Lembut Super Lentik Best Seller Volume Russian Lash Ellipse Extension W Shape,234523955145,Normal Product,,Perawatan & Kecantikan,Alat Kecantikan,Aksesoris Make Up,48000,2,Komisi XTRA,,72000,,1.50%,1080,2.50%,1800,2880,0,0,0,,0,0.00%,0,100.00%,0,Tertunda,Pesanan sedang diproses. Komisi akan dikonfirmasi setelah pesanan selesai.,Pesanan dari Toko yang tidak Dipromosikan,Ada,rakdapur3,,,,,Others
260525BNTAKBWC,Tertunda,233401389233976,2026-05-25 16:43:09,,2026-05-23 05:11:06,icy_eyelash,27374039,Preferred(Non-CB),23841892335,Inven Venne YY Lash Ellipse Eyelash Extension Super Soft Volume Lembut 2D Bulu Mata Japan Russian Lashes TERMURAH!!! Y bulumata,194281779111,Normal Product,,Perawatan & Kecantikan,Alat Kecantikan,Aksesoris Make Up,48000,1,Komisi XTRA,,36000,,1.50%,540,2.50%,900,1440,0,0,0,,0,0.00%,0,100.00%,0,Tertunda,Pesanan sedang diproses. Komisi akan dikonfirmasi setelah pesanan selesai.,Pesanan dari Toko yang tidak Dipromosikan,Ada,rakdapur3,,,,,Others
260525BM8HX85W,Selesai,233399719218348,2026-05-25 16:15:19,2026-05-26 09:09:02,2026-05-22 08:01:31,gudangkurmabandung,165486157,Preferred(Non-CB),3645163934,Bawang Goreng Asli Premium - Bawang Goreng non MSG,225783177395,Normal Product,,Makanan & Minuman,Kebutuhan Memasak,Bumbu Masak,40000,0,Komisi XTRA,,0,39847,1.50%,0,0.50%,0,0,1344.795,448.265,1793.06,,0,0.00%,0,100.00%,1793.06,Dibatalkan,Pesanan tidak memenuhi S&K.,Pesanan dari Toko yang tidak Dipromosikan,Ada,rakdapur3,,,,,Instagram
260525BM8HX85W,Selesai,233399719218348,2026-05-25 16:15:19,2026-05-26 09:09:02,2026-05-22 08:01:31,gudangkurmabandung,165486157,Preferred(Non-CB),23934154990,Kurma Ajwa Premium Super Toples 500 Gram / Kurma Nabi Asli Original Madinah,315239354035,Normal Product,,Makanan & Minuman,Makanan Segar & Beku,Buah-buahan,110000,1,Komisi XTRA,,89653,,1.50%,1344.795,0.50%,448.265,1793.06,0,0,0,,0,0.00%,0,100.00%,0,Selesai,,Pesanan dari Toko yang tidak Dipromosikan,Ada,rakdapur3,,,,,Instagram
260525BJM88VT8,Selesai,233397964240893,2026-05-25 15:46:08,2026-05-31 13:45:34,2026-05-19 04:25:35,Penatu Home,1033645949,Preferred(Non-CB),43352451216,Parfum Laundry Premium Pewangi Laundry - Vanilla Snowflakes 250Ml,270201699900,Normal Product,,Perlengkapan Rumah,Perawatan Rumah,Perawatan Pakaian,65235,1,Komisi XTRA,,60016,,1.50%,900.24,2.50%,1500.4,2400.64,900.24,1500.4,2400.64,,0,0.00%,0,100.00%,2400.64,Selesai,,Pesanan dari Toko yang tidak Dipromosikan,Ada,rakdapur3,,,,,Instagram
260525BJ8EJQ4Y,Selesai,233397568206651,2026-05-25 15:39:29,2026-05-31 21:53:04,2026-05-25 13:48:48,civeto_store,87614363,Preferred(Non-CB),29380384009,CIVETO SH131 Sandal Rumah Bulu Pria Wanita Empuk Men Women Slippers,178799253188,Normal Product,,Sepatu Wanita,Sandal Jepit & Sandal Lainnya,Sandal Rumah,38500,1,Komisi XTRA,,36575,,1.50%,548.625,0.50%,182.875,731.5,548.625,182.875,731.5,,0,0.00%,0,100.00%,731.5,Selesai,,Pesanan dari Toko yang tidak Dipromosikan,Ada,rakdapur3,,,,,Facebook
260525BGKC5B7J,Selesai,233395787287344,2026-05-25 15:09:48,2026-05-27 21:34:01,2026-05-23 14:48:14,LS_Shop88,65096927,Preferred(Non-CB),24751640525,Delfi Orion K'RICE Snack Crackers rice isi 14,197163739032,Normal Product,,Makanan & Minuman,Makanan Ringan,"Biskuit, Kue, & Wafer",25490,1,Komisi Shopee,,25490,,1.50%,382.35,0.00%,0,382.35,5371.41,0,5371.41,,0,0.00%,0,100.00%,5371.41,Selesai,,Pesanan dari Toko yang tidak Dipromosikan,Ada,rakdapur3,,,,,Others
260525BGKC5B7J,Selesai,233395787287344,2026-05-25 15:09:48,2026-05-27 21:34:01,2026-05-23 14:48:14,LS_Shop88,65096927,Preferred(Non-CB),26181881820,SILVERQUEEN Bites Milk Chocolate // Dark Chocolate 30gr // Silver Queen,265006782467,Normal Product,,Makanan & Minuman,Makanan Ringan,Cokelat,14500,2,Komisi Shopee,,29000,,1.50%,435,0.00%,0,435,0,0,0,,0,0.00%,0,100.00%,0,Selesai,,Pesanan dari Toko yang tidak Dipromosikan,Ada,rakdapur3,,,,,Others
260525BGKC5B7J,Selesai,233395787287344,2026-05-25 15:09:48,2026-05-27 21:34:01,2026-05-23 14:48:14,LS_Shop88,65096927,Preferred(Non-CB),41901958711,Sosis KANZLER 65gr isi 12pcs // sosis langsung makan,390148662080,Normal Product,,Makanan & Minuman,Makanan Instan,Makanan Siap Saji,112500,1,Komisi Shopee,,112500,,1.50%,1687.5,0.00%,0,1687.5,0,0,0,,0,0.00%,0,100.00%,0,Selesai,,Pesanan dari Toko yang tidak Dipromosikan,Ada,rakdapur3,,,,,Others
260525BGKC5B7J,Selesai,233395787287344,2026-05-25 15:09:48,2026-05-27 21:34:01,2026-05-23 14:48:14,LS_Shop88,65096927,Preferred(Non-CB),41901958711,Sosis KANZLER 65gr isi 12pcs // sosis langsung makan,390148662081,Normal Product,,Makanan & Minuman,Makanan Instan,Makanan Siap Saji,112500,1,Komisi Shopee,,112500,,1.50%,1687.5,0.00%,0,1687.5,0,0,0,,0,0.00%,0,100.00%,0,Selesai,,Pesanan dari Toko yang tidak Dipromosikan,Ada,rakdapur3,,,,,Others
260525BGKC5B7J,Selesai,233395787287344,2026-05-25 15:09:48,2026-05-27 21:34:01,2026-05-23 14:48:14,LS_Shop88,65096927,Preferred(Non-CB),22678270312,Yakult Prebiotik isi 5pcs // Yakult Less Sugar,186161185817,Normal Product,,Makanan & Minuman,Susu & Olahan,Yoghurt,13900,2,Komisi Shopee,,27800,,1.50%,417,0.00%,0,417,0,0,0,,0,0.00%,0,100.00%,0,Selesai,,Pesanan dari Toko yang tidak Dipromosikan,Ada,rakdapur3,,,,,Others
260525BGKC5B7J,Selesai,233395787287344,2026-05-25 15:09:48,2026-05-27 21:34:01,2026-05-23 14:48:14,LS_Shop88,65096927,Preferred(Non-CB),24751640525,Delfi Orion K'RICE Snack Crackers rice isi 14,168423425090,Normal Product,,Makanan & Minuman,Makanan Ringan,"Biskuit, Kue, & Wafer",25402,2,Komisi Shopee,,50804,,1.50%,762.06,0.00%,0,762.06,0,0,0,,0,0.00%,0,100.00%,0,Selesai,,Pesanan dari Toko yang tidak Dipromosikan,Ada,rakdapur3,,,,,Others
260525BFS6TF13,Selesai,233394909267455,2026-05-25 14:55:09,2026-05-27 16:57:59,2026-05-24 10:34:05,Pero Indonesia,84164586,Shopee Mall(Non-CB),43122511351,[Promo Best Deal] Pero Lunch Box Fancy With 2in1 Soup Container / Set Kotak Makan Anti Tumpah Kedap Udara / Dengan Tempat Sup Mu,261831465112,Normal Product,,Perlengkapan Rumah,Perlengkapan Dapur,Tempat Penyimpanan Makanan,90000,1,Komisi Shopee,,76500,,1.50%,1147.5,0.00%,0,1147.5,1147.5,0,1147.5,,0,0.00%,0,100.00%,1147.5,Selesai,,Pesanan dari Toko yang tidak Dipromosikan,Ada,rakdapur3,,,,,Instagram
260525BFS6TF11,Selesai,233394909267455,2026-05-25 14:55:09,2026-05-27 16:58:03,2026-05-24 10:34:05,Daging Sapi Segar Khas Bunda,333971752,Preferred(Non-CB),3073400482,"Otak Sapi Lokal Premium Bersih Ga Amis – Mpasi Fresh Vacum Pack, Halal & Higienis | Daging Khas Bunda",93361065588,Normal Product,,Makanan & Minuman,Makanan Segar & Beku,Daging,96000,2,Komisi XTRA,,163200,,1.50%,2448,0.50%,816,3264,2448,816,3264,,0,0.00%,0,100.00%,3264,Selesai,,Pesanan dari Toko yang tidak Dipromosikan,Ada,rakdapur3,,,,,Instagram
260525BFS6TF10,Selesai,233394909267455,2026-05-25 14:55:09,2026-05-26 09:09:02,2026-05-24 10:34:05,ELANG FROZEN,90407762,Preferred(Non-CB),6839212880,Daging Slice Beef Teriyaki Non Lemak Ekonomis 500gr,21075333819,Normal Product,,Makanan & Minuman,Makanan Segar & Beku,Daging,59000,1,Komisi Shopee,,59000,,1.50%,885,0.00%,0,885,4755,0,4755,,0,0.00%,0,100.00%,4755,Selesai,,Pesanan dari Toko yang tidak Dipromosikan,Ada,rakdapur3,,,,,Instagram
260525BFS6TF10,Selesai,233394909267455,2026-05-25 14:55:09,2026-05-26 09:09:02,2026-05-24 10:34:05,ELANG FROZEN,90407762,Preferred(Non-CB),11056205798,Saikoro Beef Wagyu Meltique Cube 500gr,112910200511,Normal Product,,Makanan & Minuman,Makanan Segar & Beku,Daging,63000,1,Komisi Shopee,,63000,,1.50%,945,0.00%,0,945,0,0,0,,0,0.00%,0,100.00%,0,Selesai,,Pesanan dari Toko yang tidak Dipromosikan,Ada,rakdapur3,,,,,Instagram
260525BFS6TF10,Selesai,233394909267455,2026-05-25 14:55:09,2026-05-26 09:09:02,2026-05-24 10:34:05,ELANG FROZEN,90407762,Preferred(Non-CB),21794489069,Kanzler Crispy Chicken Nugget Stick 450gr,217120444559,Normal Product,,Makanan & Minuman,Makanan Segar & Beku,Daging & Seafood Beku,45500,1,Komisi Shopee,,45500,,1.50%,682.5,0.00%,0,682.5,0,0,0,,0,0.00%,0,100.00%,0,Selesai,,Pesanan dari Toko yang tidak Dipromosikan,Ada,rakdapur3,,,,,Instagram
260525BFS6TF10,Selesai,233394909267455,2026-05-25 14:55:09,2026-05-26 09:09:02,2026-05-24 10:34:05,ELANG FROZEN,90407762,Preferred(Non-CB),42564751421,Nori Tabur Gim Jaban | Original Seaweed Flakes Gim Jaban 40gr,271220297111,Normal Product,,Makanan & Minuman,Makanan Ringan,Rumput Laut,17500,1,Komisi Shopee,,17500,,1.50%,262.5,0.00%,0,262.5,0,0,0,,0,0.00%,0,100.00%,0,Selesai,,Pesanan dari Toko yang tidak Dipromosikan,Ada,rakdapur3,,,,,Instagram
260525BFS6TF10,Selesai,233394909267455,2026-05-25 14:55:09,2026-05-26 09:09:02,2026-05-24 10:34:05,ELANG FROZEN,90407762,Preferred(Non-CB),2411080632,Daging Rendang Beku 1kg,50083595003,Normal Product,,Makanan & Minuman,Makanan Segar & Beku,Daging,132000,1,Komisi Shopee,,132000,,1.50%,1980,0.00%,0,1980,0,0,0,,0,0.00%,0,100.00%,0,Selesai,,Pesanan dari Toko yang tidak Dipromosikan,Ada,rakdapur3,,,,,Instagram
260525BFHRB35D,Selesai,233394659203231,2026-05-25 14:51:00,2026-05-30 17:04:31,2026-05-23 14:46:37,Sami Sehat Rejosari,61335105,Preferred(Non-CB),42973657089,6 Box SCABIMITE BLACK SOAP CLEANSING BAR 60 GRAM,276922666439,Normal Product,,Perawatan & Kecantikan,Perawatan Tubuh,Sabun Mandi,103000,1,Komisi XTRA,,82930,,1.50%,1243.95,0.50%,414.65,1658.6,1243.95,414.65,1658.6,,0,0.00%,0,100.00%,1658.6,Selesai,,Pesanan dari Toko yang tidak Dipromosikan,Ada,rakdapur3,,,,,Others
260525BDS77UMC,Tertunda,233392762229537,2026-05-25 14:19:22,,2026-05-25 07:32:56,Yonex Official Shop,69446580,Shopee Mall(Non-CB),21286287183,YONEX BADMINTON FRAME NEW ASTROX 3 DG,232272835280,Normal Product,,Olahraga & Outdoor,Alat Rekreasi Olahraga & Aktivitas Outdoor,Bulu Tangkis,1340000,1,Komisi XTRA,,1130500,,1.50%,10000,0.50%,5652.5,15652.5,10000,5652.5,15652.5,,0,0.00%,0,100.00%,15652.5,Tertunda,Pesanan sedang diproses. Komisi akan dikonfirmasi setelah pesanan selesai.,Pesanan dari Toko yang tidak Dipromosikan,Ada,rakdapur3,,,,,Facebook
260525BD9XYPUS,Selesai,233392250255982,2026-05-25 14:10:51,2026-05-27 18:52:15,2026-05-25 11:00:51,Sayur Fresh,903739130,Preferred(Non-CB),12398856942,Buncis Muda 500gram,206738946072,Normal Product,,Makanan & Minuman,Makanan Segar & Beku,Sayuran,23880,1,Komisi XTRA,,21014,,1.50%,315.21,0.50%,105.07,420.28,3251.415,2377.375,5628.79,,0,0.00%,0,100.00%,5628.79,Selesai,,Pesanan dari Toko yang tidak Dipromosikan,Ada,rakdapur3,,,,,Websites
260525BD9XYPUS,Selesai,233392250255982,2026-05-25 14:10:51,2026-05-27 18:52:15,2026-05-25 11:00:51,Sayur Fresh,903739130,Preferred(Non-CB),19388662142,Santan Kara 1pcs / Santen Kara Sun kara,146856378611,Normal Product,,Makanan & Minuman,Kebutuhan Memasak,Kebutuhan Memasak Lainnya,10260,2,Komisi XTRA,,18468,,1.50%,277.02,0.50%,92.34,369.36,0,0,0,,0,0.00%,0,100.00%,0,Selesai,,Pesanan dari Toko yang tidak Dipromosikan,Ada,rakdapur3,,,,,Websites
260525BD9XYPUS,Selesai,233392250255982,2026-05-25 14:10:51,2026-05-27 18:52:15,2026-05-25 11:00:51,Sayur Fresh,903739130,Preferred(Non-CB),20388661040,Promo !!! Paha Ayam Pentung Segar 500gr Bukan Frozen,204289160405,Normal Product,,Makanan & Minuman,Makanan Segar & Beku,Daging,33015,2,Komisi XTRA,,58106,,1.50%,871.59,0.50%,290.53,1162.12,0,0,0,,0,0.00%,0,100.00%,0,Selesai,,Pesanan dari Toko yang tidak Dipromosikan,Ada,rakdapur3,,,,,Websites
260525BD9XYPUS,Selesai,233392250255982,2026-05-25 14:10:51,2026-05-27 18:52:15,2026-05-25 11:00:51,Sayur Fresh,903739130,Preferred(Non-CB),21288650525,Daun Jeruk / Daun Salam / Daun Kunyit / Daun Pandan,186738953434,Normal Product,,Makanan & Minuman,Makanan Segar & Beku,Sayuran,2328,2,Komisi XTRA,,4100,,1.50%,61.5,0.50%,20.5,82,0,0,0,,0,0.00%,0,100.00%,0,Selesai,,Pesanan dari Toko yang tidak Dipromosikan,Ada,rakdapur3,,,,,Websites
260525BD9XYPUS,Selesai,233392250255982,2026-05-25 14:10:51,2026-05-27 18:52:15,2026-05-25 11:00:51,Sayur Fresh,903739130,Preferred(Non-CB),22767700356,Indomie Goreng / Kuah,49657757884,Normal Product,,Makanan & Minuman,Makanan Instan,Mie & Pasta Instan,5340,10,Komisi XTRA,,46991,,1.50%,704.865,0.50%,234.955,939.82,0,0,0,,0,0.00%,0,100.00%,0,Selesai,,Pesanan dari Toko yang tidak Dipromosikan,Ada,rakdapur3,,,,,Websites
260525BD9XYPUS,Selesai,233392250255982,2026-05-25 14:10:51,2026-05-27 18:52:15,2026-05-25 11:00:51,Sayur Fresh,903739130,Preferred(Non-CB),22767700356,Indomie Goreng / Kuah,49657757887,Normal Product,,Makanan & Minuman,Makanan Instan,Mie & Pasta Instan,4728,6,Komisi XTRA,,24963,,1.50%,374.445,0.50%,124.815,499.26,0,0,0,,0,0.00%,0,100.00%,0,Selesai,,Pesanan dari Toko yang tidak Dipromosikan,Ada,rakdapur3,,,,,Websites
260525BD9XYPUS,Selesai,233392250255982,2026-05-25 14:10:51,2026-05-27 18:52:15,2026-05-25 11:00:51,Sayur Fresh,903739130,Preferred(Non-CB),23042206046,Cabe Rawit Merah 100-500gram / Cabai Rawit Merah Segar,217113802872,Normal Product,,Makanan & Minuman,Makanan Segar & Beku,Sayuran,49000,1,Komisi XTRA,,43119,,1.50%,646.785,3.50%,1509.165,2155.95,0,0,0,,0,0.00%,0,100.00%,0,Selesai,,Pesanan dari Toko yang tidak Dipromosikan,Ada,rakdapur3,,,,,Websites
260525BC88D3R7,Selesai,233391119277314,2026-05-25 13:52:06,2026-05-29 20:32:01,2026-05-25 04:16:13,Tokonya Bang Rahul,653372972,C2C(Non-CB),41123085284,ikan asin Tenggiri full daging super murah 1 kg,405965288706,Normal Product,,Makanan & Minuman,Bahan Pokok,Makanan Kering,80000,1,Komisi XTRA,,73600,,0.00%,0,5.00%,3680,3680,0,3680,3680,,0,0.00%,0,100.00%,3680,Selesai,,Pesanan dari Toko yang tidak Dipromosikan,Ada,rakdapur3,,,,,Instagram
260525BBY5HJ95,Selesai,233390814285264,2026-05-25 13:46:54,2026-05-28 16:54:22,2026-05-25 06:50:36,Jenntoys Official Shop,14831233,Preferred(Non-CB),23790645305,Pondan Whip Cream 100g,223849369383,Normal Product,,Makanan & Minuman,Bahan Baking,Bahan Dekorasi Kue,17569,1,Komisi XTRA,,17392,,1.50%,260.88,0.50%,86.96,347.84,260.88,86.96,347.84,,0,0.00%,0,100.00%,347.84,Selesai,,Pesanan dari Toko yang tidak Dipromosikan,Ada,rakdapur3,,,,,Instagram
260525BBY5HJ94,Selesai,233390814285264,2026-05-25 13:46:54,2026-05-26 20:08:35,2026-05-25 06:50:36,Nutrifarm Official Store,815740902,Shopee Mall(Non-CB),21552697700,Nutrifarm Madu Hutan 500 ml / 736 gr,225446147627,Normal Product,,Makanan & Minuman,Menu Sarapan,Madu & Olesan,52000,1,Komisi XTRA,,45299,,1.50%,679.485,5.00%,2264.95,2944.435,781.41,2604.7,3386.11,,0,0.00%,0,100.00%,3386.11,Selesai,,Pesanan dari Toko yang tidak Dipromosikan,Ada,rakdapur3,,,,,Instagram
260525BBY5HJ94,Selesai,233390814285264,2026-05-25 13:46:54,2026-05-26 20:08:35,2026-05-25 06:50:36,Nutrifarm Official Store,815740902,Shopee Mall(Non-CB),22411729787,Nutrifarm Natural Deodorant Tawas Spray 100ml /  Penghilang Bau Badan Alami,230525571637,Normal Product,,Perawatan & Kecantikan,Perawatan Tubuh,Deodoran,7800,1,Komisi XTRA,,6795,,1.50%,101.925,5.00%,339.75,441.675,0,0,0,,0,0.00%,0,100.00%,0,Selesai,,Pesanan dari Toko yang tidak Dipromosikan,Ada,rakdapur3,,,,,Instagram
260525BBY5HJ93,Selesai,233390814285264,2026-05-25 13:46:54,2026-05-28 09:52:20,2026-05-25 06:50:36,Paus Biru Official Shop,521149963,Shopee Mall(Non-CB),16186219022,Paus Biru - Wallpaper Dinding Linen Roll Wallpaper foam Dekorasi Kamar wallpaper coral A12,196868634555,Normal Product,,Perlengkapan Rumah,Dekorasi,Wallpaper & Stiker Dinding,23200,1,Komisi XTRA,,20211,,1.50%,303.165,1.50%,303.165,606.33,526.74,526.74,1053.48,,0,0.00%,0,100.00%,1053.48,Selesai,,Pesanan dari Toko yang tidak Dipromosikan,Ada,rakdapur3,,,,,Instagram
260525BBY5HJ93,Selesai,233390814285264,2026-05-25 13:46:54,2026-05-28 09:52:20,2026-05-25 06:50:36,Paus Biru Official Shop,521149963,Shopee Mall(Non-CB),20779192319,Paus Biru - Wall Sticker Panjang List Plat Strip Mirror Sticker Pembatas Nat Keramik A40,88802848737,Normal Product,,Perlengkapan Rumah,Dekorasi,Wallpaper & Stiker Dinding,5870,3,Komisi XTRA,,14905,,1.50%,223.575,1.50%,223.575,447.15,0,0,0,,0,0.00%,0,100.00%,0,Selesai,,Pesanan dari Toko yang tidak Dipromosikan,Ada,rakdapur3,,,,,Instagram
260525BBY5HJ92,Selesai,233390814285264,2026-05-25 13:46:54,2026-05-29 21:26:03,2026-05-25 06:50:36,TheKShop,146862594,Preferred(Non-CB),13575987671,Pendedel Kayu SKC Untuk Dedel Benang Jahitan / Perobek kain atau kancing / Sontekan / seam ripper mendedel,142346295168,Normal Product,,Hobi & Koleksi,Perlengkapan Menjahit,,7803,1,Komisi Shopee,,7724,,1.50%,115.86,0.00%,0,115.86,208.605,30.915,239.52,,0,0.00%,0,100.00%,239.52,Selesai,,Pesanan dari Toko yang tidak Dipromosikan,Ada,rakdapur3,,,,,Instagram
260525BBY5HJ92,Selesai,233390814285264,2026-05-25 13:46:54,2026-05-29 21:26:03,2026-05-25 06:50:36,TheKShop,146862594,Preferred(Non-CB),19870145546,1pcs Pinset Alat Bantu Pasang Karet Celana / Alat Pasang Karet Menjahit Jahit Jepit Karet / Pengganti Peniti Thekshop Thekfashio,175427182455,Normal Product,,Hobi & Koleksi,Perlengkapan Menjahit,,6242,1,Komisi XTRA,,6183,,1.50%,92.745,0.50%,30.915,123.66,0,0,0,,0,0.00%,0,100.00%,0,Selesai,,Pesanan dari Toko yang tidak Dipromosikan,Ada,rakdapur3,,,,,Instagram
260525BBG7QUM0,Selesai,233390313276369,2026-05-25 13:38:40,2026-05-30 20:11:15,2026-05-23 14:44:44,Zappadel,1691598712,Preferred(Non-CB),46452684644,Rak Keranjang Bola Padel Tenis Lipat Beroda ZAPPADEL Padel Ball Basket Hitam Training Cart,360258037303,Normal Product,,Olahraga & Outdoor,Alat Rekreasi Olahraga & Aktivitas Outdoor,Tenis,929000,1,Komisi XTRA,,873260,,1.50%,10000,3.00%,26197.8,36197.8,10000,26197.8,36197.8,,0,0.00%,0,100.00%,36197.8,Selesai,,Pesanan dari Toko yang tidak Dipromosikan,Ada,rakdapur3,,,,,Instagram
260525BBANCT9X,Dibatalkan,233390126263935,2026-05-25 13:35:26,--,2026-05-25 09:43:54,acrylic_akrilik,24063978,Preferred(Non-CB),27165598758,"Etalase Box Kue Akrilik, food display A2s",241880642762,Normal Product,,Perlengkapan Rumah,Perlengkapan Dapur,Tempat Penyimpanan Makanan,370000,0,Komisi XTRA,,0,310800,1.50%,0,4.00%,0,0,0,0,0,,0,0.00%,0,100.00%,0,Dibatalkan,Pembeli membatalkan pesanan.,Pesanan dari Toko yang tidak Dipromosikan,Ada,rakdapur3,,,,,Others
260525BAUFWC1R,Selesai,233389617205990,2026-05-25 13:26:57,2026-05-27 07:55:22,2026-05-24 12:02:47,Distro88Medan,1235633416,Preferred(Non-CB),27950998674,paket kaos distro 3pcs cuman 60rb/kaos distro murah/kaos distro pria miurah,217535459455,Normal Product,,Pakaian Pria,Atasan,Kaos,72000,1,Komisi XTRA,,72000,,1.50%,1080,1.00%,720,1800,1080,720,1800,,0,0.00%,0,100.00%,1800,Selesai,,Pesanan dari Toko yang tidak Dipromosikan,Ada,rakdapur3,,,,,Facebook
260525BACRVACG,Tertunda,233389123281972,2026-05-25 13:18:44,,2026-05-25 10:38:54,Secret Base Surabaya,268283092,Preferred(Non-CB),28572880487,TEMPAT SAMPAH ELIT MONO RANDOM - Bak Sampah Aesthetic / Tong Sampah Kamar Mandi,215704293912,Normal Product,,Perlengkapan Rumah,Perawatan Rumah,Tempat Sampah,15990,3,Komisi XTRA,,47970,,1.50%,719.55,0.50%,239.85,959.4,719.55,239.85,959.4,,0,0.00%,0,100.00%,959.4,Tertunda,Pesanan sedang diproses. Komisi akan dikonfirmasi setelah pesanan selesai.,Pesanan dari Toko yang tidak Dipromosikan,Ada,rakdapur3,,,,,Others
260525B9UYWDJC,Selesai,233388560232904,2026-05-25 13:09:20,2026-05-28 10:56:56,2026-05-23 15:27:00,Sosmed Boosting,570938662,C2C(Non-CB),40225251047,PENGIKUT SALURAN WHATSAPP CHANNEL MEMBER HIGH QUALITY FAST PROCESS SPECIAL ORDER S1,410020697956,Normal Product,,Komputer & Aksesoris,Software,,35000,1,Komisi XTRA,,31000,,0.00%,0,5.00%,1550,1550,0,1550,1550,,0,0.00%,0,100.00%,1550,Selesai,,Pesanan dari Toko yang tidak Dipromosikan,Ada,rakdapur3,,,,,Instagram
260525B9RAN4MN,Selesai,233388437286797,2026-05-25 13:07:18,2026-05-29 17:16:42,2026-05-24 09:39:57,weilive_store,1610573302,Preferred(Non-CB),40613549854,Serokan Air Pembersih Lantai / Sorokan Air Karet Wiper Alat Pel Dorong Penyapu Lantai Silikon ZK-17,302475221425,Normal Product,,Perlengkapan Rumah,Perawatan Rumah,Sapu,28385,1,Komisi XTRA,,19500,,1.50%,292.5,4.00%,780,1072.5,292.5,780,1072.5,,0,0.00%,0,100.00%,1072.5,Selesai,,Pesanan dari Toko yang tidak Dipromosikan,Ada,rakdapur3,,,,,Others
260525B9RAN4MM,Tertunda,233388437286797,2026-05-25 13:07:18,,2026-05-24 09:39:57,Watsons Indonesia Official,30736001,Shopee Mall(Non-CB),24371364717,Watsons Moisturising Baby Milk Bath 500ml,168127253238,Normal Product,,Ibu & Bayi,Perlengkapan Mandi,Perawatan Rambut & Sabun Mandi,42000,1,Komisi XTRA,,35936,,1.50%,539.04,1.25%,449.2,988.24,539.04,449.2,988.24,,0,0.00%,0,100.00%,988.24,Tertunda,Pesanan sedang diproses. Komisi akan dikonfirmasi setelah pesanan selesai.,Pesanan dari Toko yang tidak Dipromosikan,Ada,rakdapur3,,,,,Others
260525B9RAN4MK,Selesai,233388437286797,2026-05-25 13:07:18,2026-05-27 23:54:27,2026-05-24 09:39:57,moomimishop,281759982,Preferred(Non-CB),6740966384,susu ultra uht milk 200ml,64845556699,Normal Product,,Makanan & Minuman,Susu & Olahan,Susu,142999,1,Komisi Shopee,,122353,,1.50%,1835.295,0.00%,0,1835.295,1835.295,0,1835.295,,0,0.00%,0,100.00%,1835.295,Selesai,,Pesanan dari Toko yang tidak Dipromosikan,Ada,rakdapur3,,,,,Others
260525B9F11GD6,Selesai,233388125217302,2026-05-25 13:02:05,2026-05-28 17:03:07,2026-05-24 14:55:57,JKTmart,304582081,C2C(Non-CB),13894836729,JKTMART Sarung Tangan Scrub Mandi Serbaguna / Sarung Tangan Gosok Badan / Body Scrubber Glove Angkat Sel Kulit Mati R742,163593010024,Normal Product,,Perlengkapan Rumah,Kamar Mandi,Sikat & Spons Badan,2596,2,Komisi XTRA,,4978,,0.00%,0,1.00%,49.78,49.78,0,153.25,153.25,,0,0.00%,0,100.00%,153.25,Selesai,,Pesanan dari Toko yang tidak Dipromosikan,Ada,rakdapur3,,,,,Others
260525B9F11GD6,Selesai,233388125217302,2026-05-25 13:02:05,2026-05-28 17:03:07,2026-05-24 14:55:57,JKTmart,304582081,C2C(Non-CB),13894836729,JKTMART Sarung Tangan Scrub Mandi Serbaguna / Sarung Tangan Gosok Badan / Body Scrubber Glove Angkat Sel Kulit Mati R742,182984246659,Normal Product,,Perlengkapan Rumah,Kamar Mandi,Sikat & Spons Badan,2596,2,Komisi XTRA,,4976,,0.00%,0,1.00%,49.76,49.76,0,0,0,,0,0.00%,0,100.00%,0,Selesai,,Pesanan dari Toko yang tidak Dipromosikan,Ada,rakdapur3,,,,,Others
260525B9F11GD6,Selesai,233388125217302,2026-05-25 13:02:05,2026-05-28 17:03:07,2026-05-24 14:55:57,JKTmart,304582081,C2C(Non-CB),13894836729,JKTMART Sarung Tangan Scrub Mandi Serbaguna / Sarung Tangan Gosok Badan / Body Scrubber Glove Angkat Sel Kulit Mati R742,212984188162,Normal Product,,Perlengkapan Rumah,Kamar Mandi,Sikat & Spons Badan,2802,2,Komisi XTRA,,5371,,0.00%,0,1.00%,53.71,53.71,0,0,0,,0,0.00%,0,100.00%,0,Selesai,,Pesanan dari Toko yang tidak Dipromosikan,Ada,rakdapur3,,,,,Others
260525B98G8GCS,Tertunda,233387907294203,2026-05-25 12:58:48,,2026-05-23 14:08:02,Moona Official Store,1420468869,Shopee Mall(Non-CB),27025894162,Moona Pembalut Kain Wanita Cuci Ulang Washable Menspad,168706008739,Normal Product,0_454619830694437_1,Kesehatan,Perawatan Diri,Kewanitaan,112700,2,Komisi XTRA,,191590,,1.50%,2873.85,0.50%,957.95,3831.8,2873.85,957.95,3831.8,,0,0.00%,0,100.00%,3831.8,Tertunda,Pesanan sedang diproses. Komisi akan dikonfirmasi setelah pesanan selesai.,Pesanan dari Toko yang tidak Dipromosikan,Ada,rakdapur3,,,,,Facebook
260525B95GVURK,Selesai,233387807292192,2026-05-25 12:57:09,2026-05-30 22:29:43,2026-05-25 12:49:23,Huge Rack Mall.id,880863565,Preferred(Non-CB),22104864454,Rak Piring Stainless Steel Rak Piring Wastafel Rak Cuci Piring Dish Dapur Rak Pengering Piring,232054604591,Normal Product,,Perlengkapan Rumah,Perlengkapan Dapur,Rak Dapur,272250,1,Komisi XTRA,,221212,,1.50%,3318.18,4.00%,8848.48,12166.66,3318.18,8848.48,12166.66,,0,0.00%,0,100.00%,12166.66,Selesai,,Pesanan Produk dari Toko yang Dipromosikan,Ada,rakdapur3,,,,,Others
260525B831E8NF,Selesai,233386649231125,2026-05-25 12:37:29,2026-05-26 10:03:57,2026-05-25 09:10:24,ESELON Stationery,276135125,Preferred(Non-CB),10215425279,12warna Polymer Clay / Magic Clay /CLay ESELON SIZE BESAR,56217987874,Normal Product,,Ibu & Bayi,Mainan,Mainan Edukatif,7750,2,Komisi XTRA,,11161,,1.50%,167.415,2.50%,279.025,446.44,167.415,279.025,446.44,,0,0.00%,0,100.00%,446.44,Selesai,,Pesanan dari Toko yang tidak Dipromosikan,Ada,rakdapur3,,,,,Instagram
260525B7C51Q5H,Selesai,233385881261777,2026-05-25 12:24:41,2026-05-29 15:08:45,2026-05-24 14:31:00,hasolulbarokah,342805411,Preferred(Non-CB),13211704341,misk thaharah 6ml roll on& 3ml roll on  (miss V),141672196421,Normal Product,,Perawatan & Kecantikan,Parfum & Wewangian,,2499,2,Komisi Shopee,,0,,1.50%,0,0.00%,0,0,0,0,0,,0,0.00%,0,100.00%,0,Selesai,,Pesanan dari Toko yang tidak Dipromosikan,Ada,rakdapur3,,,,,Instagram
260525B722NF7A,Selesai,233385543222192,2026-05-25 12:19:03,2026-05-28 13:50:26,2026-05-20 21:46:15,LELAKSA BATIK Official Store,514804247,Shopee Mall(Non-CB),27088277053,LELAKSA BATIK -  Kemeja Batik Anak KA 395 Hitam Slimfit Lapis Furing Lengan Panjang Warna Hitam,196146593722,Normal Product,,Fashion Bayi & Anak,Pakaian Anak Laki-Laki,Atasan,166591,1,Komisi Shopee,,141602,,1.50%,2124.03,0.00%,0,2124.03,2124.03,0,2124.03,,0,0.00%,0,100.00%,2124.03,Selesai,,Pesanan dari Toko yang tidak Dipromosikan,Ada,rakdapur3,,,,,Instagram
260525B70SQBW1,Selesai,233385501296027,2026-05-25 12:18:42,2026-05-31 13:04:50,2026-05-25 09:11:39,JovjehStore,1194131407,C2C(Non-CB),52957030849,Acrion Figur Transformer Optimus prime dan megatron,385627490952,Normal Product,,Hobi & Koleksi,Koleksi,Action Figure,85000,1,Komisi Shopee,,85000,,0.00%,0,0.00%,0,0,0,0,0,,0,0.00%,0,100.00%,0,Selesai,,Pesanan dari Toko yang tidak Dipromosikan,Ada,rakdapur3,,,,,Threads
260525B70SQBW0,Selesai,233385501296027,2026-05-25 12:18:42,2026-05-31 17:10:37,2026-05-25 09:11:39,sateekikiel,439689924,C2C(Non-CB),51310495507,"Figure Transformers: Revenge of the Fallen Megatron Bahan Karet 9,5 cm Original Hasbro 2009",345920397144,Normal Product,,Hobi & Koleksi,Koleksi,Action Figure,50000,1,Komisi Shopee,,50000,,0.00%,0,0.00%,0,0,0,0,0,,0,0.00%,0,100.00%,0,Selesai,,Pesanan dari Toko yang tidak Dipromosikan,Ada,rakdapur3,,,,,Threads
260525B657H56R,Selesai,233384575243178,2026-05-25 12:02:59,2026-05-31 13:55:45,2026-05-25 08:51:34,Sophie Diskon Member,40101228,Preferred(Non-CB),24088593383,6pcs Tap Balik Screw Extractor Alat Pembuka Skrup Baut Rusak Broken Remover,223489647633,Normal Product,,Perlengkapan Rumah,Alat Pertukangan & Renovasi Rumah,Perkakas,29900,1,Komisi XTRA,,25900,,1.50%,388.5,0.50%,129.5,518,388.5,129.5,518,,0,0.00%,0,100.00%,518,Selesai,,Pesanan dari Toko yang tidak Dipromosikan,Ada,rakdapur3,,,,,Others
260525B5S2DMFR,Selesai,233384167230793,2026-05-25 11:56:07,2026-05-28 18:10:59,2026-05-23 11:52:50,Hijab Irnanda,1267482544,C2C(Non-CB),29017133228,Irnanda Hijab - Inara Bergo Instant Jersey Diamond Menutup Dagu Anti tembem,59485298117,Normal Product,,Fashion Muslim,Pakaian Muslim Wanita,Hijab,69000,1,Komisi XTRA,,60720,,0.00%,0,1.50%,910.8,910.8,0,910.8,910.8,,0,0.00%,0,100.00%,910.8,Selesai,,Pesanan dari Toko yang tidak Dipromosikan,Ada,multistorage,,,,,Instagram
260525B5S2DMFQ,Selesai,233384167230793,2026-05-25 11:56:07,2026-05-30 04:21:19,2026-05-23 11:52:50,abonsuper.id,130822306,Preferred(Non-CB),7411189714,Abon Sapi Super cap Burung Elang 250 gram Kemasan Ziplock | Boyolali | Abon Sapi Halal 100% Daging Asli | Tanpa MSG & Campuran |,221883625660,Normal Product,,Makanan & Minuman,Makanan Ringan,Makanan Ringan Kering,59000,2,Komisi XTRA,,103840,,1.50%,1557.6,1.00%,1038.4,2596,1557.6,1038.4,2596,,0,0.00%,0,100.00%,2596,Selesai,,Pesanan dari Toko yang tidak Dipromosikan,Ada,multistorage,,,,,Instagram
260525B5PWQNGW,Selesai,233384095211698,2026-05-25 11:54:55,2026-05-30 18:14:49,2026-05-23 14:57:34,INFINITHREE,1081711416,C2C(Non-CB),23955989640,PART 1 BROKAT / RAJUT FASHION ATASAN WANITA / KNITWEAR,176116859824,Normal Product,,Pakaian Wanita,Atasan,Kemeja & Blouse,66000,1,Komisi XTRA,,42615,,0.00%,0,3.50%,1491.525,1491.525,0,1491.525,1491.525,,0,0.00%,0,100.00%,1491.525,Selesai,,Pesanan dari Toko yang tidak Dipromosikan,Ada,rakdapur3,,,,,Facebook
260525B5J3A69C,Tertunda,233383934294013,2026-05-25 11:52:35,,2026-05-25 09:49:30,AskStore22,97900084,Preferred(Non-CB),8414151387,Bingkai Foto 10R / Frame Foto / FIGURA  / 10R 8R 20 X 25 MINIMALIS,435865286686,Normal Product,,Perlengkapan Rumah,Dekorasi,Bingkai Foto & Pajangan Dinding,16300,2,Komisi XTRA,,32600,,1.50%,489,0.50%,163,652,489,163,652,,0,0.00%,0,100.00%,652,Tertunda,Pesanan sedang diproses. Komisi akan dikonfirmasi setelah pesanan selesai.,Pesanan dari Toko yang tidak Dipromosikan,Ada,rakdapur3,,,,,Threads
260525B5929W4B,Selesai,233383630240725,2026-05-25 11:47:14,2026-05-28 12:15:03,2026-05-24 14:13:38,jojo  mall,1379379507,Preferred(Non-CB),41262087270,[Surabaya Express]Meja Tv 120CM / 140CM Meja TV Murah Meja TV Kayu Rak Tv Lemari TV Kabinet Tv Minimalis Modern,281012573780,Normal Product,,Perlengkapan Rumah,Furniture,Meja & Meja Tulis,270630,1,Komisi XTRA,,214338,,1.50%,3215.07,1.50%,3215.07,6430.14,3215.07,3215.07,6430.14,,0,0.00%,0,100.00%,6430.14,Selesai,,Pesanan dari Toko yang tidak Dipromosikan,Ada,rakdapur3,,,,,Instagram
260525B56CFHKS,Selesai,233383540252325,2026-05-25 11:45:41,2026-05-29 20:45:57,2026-05-24 10:34:55,FIURI Official Store,490054471,Shopee Mall(Non-CB),26229724835,FIURI Official - Aldi 33-37 - Sepatu Pantofel Polos Sekolah Pesta Formal Anak Laki-Laki SD - Putih,195885398557,Normal Product,,Fashion Bayi & Anak,Sepatu Anak Laki-Laki,Sepatu Formal,57500,1,Komisi XTRA,,47500,,1.50%,712.5,0.50%,237.5,950,712.5,237.5,950,,0,0.00%,0,100.00%,950,Selesai,,Pesanan dari Toko yang tidak Dipromosikan,Ada,rakdapur3,,,,,Others
260525B4Y8GWJC,Tertunda,233383326237461,2026-05-25 11:41:41,,2026-05-22 08:09:49,Slime_Bintaro,6812210,Preferred(Non-CB),8347100347,SUSU SLIME TOFU SLIME BY SLIME BINTARO || TOFU SLIME || 200 ML || MINUMAN || SLIME LUCU || MAINAN,75084834704,Normal Product,,Ibu & Bayi,Mainan,Mainan Slime & Squishy,10802,1,Komisi XTRA,,10375,,1.50%,155.625,2.50%,259.375,415,155.625,259.375,415,,0,0.00%,0,100.00%,415,Tertunda,Pesanan sedang diproses. Komisi akan dikonfirmasi setelah pesanan selesai.,Pesanan dari Toko yang tidak Dipromosikan,Ada,rakdapur3,,,,,Facebook
260525B3RRBKRP,Selesai,233382009202799,2026-05-25 11:20:10,2026-05-27 12:20:49,2026-05-21 12:46:40,Feliz.Kosmetik,383972992,Preferred(Non-CB),23877778007,* FELIZ * INSTAPERFECT Quickmatte Loose Powder 9gr,221947784655,Normal Product,,Perawatan & Kecantikan,Kosmetik,Kosmetik Wajah,120417,1,Komisi Shopee,,93925,,1.50%,1408.875,0.00%,0,1408.875,1408.875,0,1408.875,,0,0.00%,0,100.00%,1408.875,Selesai,,Pesanan dari Toko yang tidak Dipromosikan,Ada,rakdapur3,,,,,Instagram
260525B3M6GVJ6,Selesai,233381856282930,2026-05-25 11:17:37,2026-05-30 20:11:09,2026-05-25 08:18:27,HEIR Indonesia Official Store,1629288742,Preferred(Non-CB),48606001646,"FILLIZI massage Gel Pijat Perawatan Sendi Gel untuk Nyeri Sendi, Pegal & Kaku, Cocok untuk Lansia",335542584197,Normal Product,,Kesehatan,Obat-obatan & Alat Kesehatan,P3K,55820,1,Komisi XTRA,,55820,,1.50%,837.3,4.00%,2232.8,3070.1,837.3,2232.8,3070.1,,0,0.00%,0,100.00%,3070.1,Selesai,,Pesanan dari Toko yang tidak Dipromosikan,Ada,website,,,,,Facebook
260525B3AVVYN6,Selesai,233381544202212,2026-05-25 11:12:24,2026-05-27 21:12:19,2026-05-25 11:05:18,as_storeadult,1516117331,C2C(Non-CB),24343777823,LINK CO 10RB - 35RB + BIAYA ADM,258124589369,Normal Product,,Fashion Bayi & Anak,Pakaian Anak Laki-Laki,Atasan,13000,1,Komisi Shopee,,13000,,0.00%,0,0.00%,0,0,0,0,0,,0,0.00%,0,100.00%,0,Selesai,,Pesanan dari Toko yang tidak Dipromosikan,Ada,rakdapur3,,,,,Instagram
260525B3AHFPDD,Selesai,233381532239983,2026-05-25 11:12:12,2026-05-27 15:14:04,2026-05-21 12:40:34,Ade Plastik,291303581,Preferred(Non-CB),4366092242,"Plastik Wrap Makanan | Food Wrapping Cap Best Fresh uk 20,25,30,35,40,45,&60 x 500m",22877249413,Normal Product,,Perlengkapan Rumah,Perlengkapan Dapur,Cling Wrap,165000,2,Komisi Shopee,,310200,,1.50%,4653,0.00%,0,4653,4653,0,4653,,0,0.00%,0,100.00%,4653,Selesai,,Pesanan dari Toko yang tidak Dipromosikan,Ada,rakdapur3,,,,,Instagram
260525B16TPU96,Selesai,233379260206549,2026-05-25 10:34:21,2026-05-27 16:22:51,2026-05-20 22:41:27,Granology,78433039,Preferred(Non-CB),4754606348,Pearl Barley / Jali - Jali Import (1 kilogram) by Granology,41180167801,Normal Product,,Makanan & Minuman,Bahan Pokok,Makanan Kering,40900,5,Komisi XTRA,,179960,,1.50%,2699.4,2.50%,4499,7198.4,2699.4,4499,7198.4,,0,0.00%,0,100.00%,7198.4,Selesai,,Pesanan dari Toko yang tidak Dipromosikan,Ada,rakdapur3,,,,,Instagram
260525B0RE3YEY,Selesai,233378777238826,2026-05-25 10:26:17,2026-05-30 13:01:02,2026-05-24 10:17:57,Kimia.id,92698993,Preferred(Non-CB),40455136723,Oxy Powder 1Kg - Pemutih Pakaian - Detergen Oxy - Pencerah Pakaian - Penghilang Noda Pakaian,280768737104,Normal Product,,Perlengkapan Rumah,Perawatan Rumah,Perawatan Pakaian,33100,1,Komisi XTRA,,29100,,1.50%,436.5,3.00%,873,1309.5,436.5,873,1309.5,,0,0.00%,0,100.00%,1309.5,Selesai,,Pesanan dari Toko yang tidak Dipromosikan,Ada,rakdapur3,,,,,Others
260525B0F2P51R,Selesai,233378463264264,2026-05-25 10:21:03,2026-05-28 16:44:45,2026-05-25 10:00:55,Plaza Aki,383604802,Preferred(Non-CB),24719926259,Aki Motor GS GTZ5S HONDA Beat Scoopy Vario 110 Revo Spacy Blade Kharisma Supra X 125 New Megapro (GTZ5S),214981250358,Normal Product,,Sepeda Motor,Suku Cadang Motor,Aki & Aksesoris,100000,1,Komisi XTRA,,88000,,1.50%,1320,2.00%,1760,3080,1320,1760,3080,,0,0.00%,0,100.00%,3080,Selesai,,Pesanan dari Toko yang tidak Dipromosikan,Ada,rakdapur3,,,,,Others
260525B04NSSTW,Selesai,233378114207288,2026-05-25 10:15:14,2026-05-28 07:38:50,2026-05-24 15:31:42,Neoalgae Official Store,860034259,Shopee Mall(Non-CB),21044345451,Astaxani Nutraglovv - Suplemen 10mg natural astaxanthin Original BPOM suplemen kecantikan anti aging,126716686673,Normal Product,,Kesehatan,Suplemen Makanan,Suplemen Kecantikan,321000,1,Komisi XTRA,,259350,,1.50%,3890.25,4.00%,10374,14264.25,3890.25,10374,14264.25,,0,0.00%,0,100.00%,14264.25,Selesai,,Pesanan dari Toko yang tidak Dipromosikan,Ada,rakdapur3,,,,,Websites
260525AY7RQRYE,Selesai,233377144204876,2026-05-25 09:59:04,2026-05-29 18:59:10,2026-05-23 14:42:36,GemilangApparel,384245655,Preferred(Non-CB),19181660663,Neon Box Bulat Siap Pasang,184420355932,Normal Product,,Perlengkapan Rumah,Lampu,,699999,1,Komisi Shopee,,594999,,1.50%,8924.985,0.00%,0,8924.985,8924.985,0,8924.985,,0,0.00%,0,100.00%,8924.985,Selesai,,Pesanan dari Toko yang tidak Dipromosikan,Ada,rakdapur3,,,,,Others
260525AXGGXVXV,Tertunda,233376365291879,2026-05-25 09:46:26,,2026-05-24 14:52:49,vi_shop88,79437849,C2C(Non-CB),24700690890,Ikat Pinggang Pria Nylon Gesper Otomatis Sabuk Kanvas Black,207139906277,Normal Product,,Aksesoris Fashion,Ikat Pinggang,,99000,1,Komisi XTRA,,91080,,0.00%,0,3.50%,3187.8,3187.8,0,3187.8,3187.8,,0,0.00%,0,100.00%,3187.8,Tertunda,Pesanan sedang diproses. Komisi akan dikonfirmasi setelah pesanan selesai.,Pesanan dari Toko yang tidak Dipromosikan,Ada,rakdapur3,,,,,Websites
260525AXE5J23M,Selesai,233376285237719,2026-05-25 09:44:45,2026-05-29 07:35:42,2026-05-24 15:12:44,CUBOLAHBALLI,763007963,C2C(Non-CB),46909934532,Atasan Wanita Kemeja Rayon Twill UNIQLO Premium Import Lengan Tali Asimetris Adem Jumbo M-3XL LD122,340875479148,Normal Product,,Pakaian Wanita,Atasan,Kemeja & Blouse,108100,1,Komisi XTRA,,84880,,0.00%,0,6.00%,5092.8,5092.8,0,5092.8,5092.8,,0,0.00%,0,100.00%,5092.8,Selesai,,Pesanan dari Toko yang tidak Dipromosikan,Ada,rakdapur3,,,,,Others
260525AWW094A9,Selesai,233375709272270,2026-05-25 09:35:17,2026-05-27 07:18:33,2026-05-25 09:14:18,PD. MANDIRI BDG,385574355,C2C(Non-CB),9044943007,CHATRAMUE HIJAU THAI TEA 200 GR,44984405273,Normal Product,,Makanan & Minuman,Minuman,Teh,71307,1,Komisi Shopee,,65102,,0.00%,0,0.00%,0,0,0,0,0,,0,0.00%,0,100.00%,0,Selesai,,Pesanan dari Toko yang tidak Dipromosikan,Ada,rakdapur3,,,,,Instagram
260525AW50H4WD,Selesai,233374904233574,2026-05-25 09:21:44,2026-05-27 21:25:35,2026-05-23 16:44:48,meera the label,1348665934,Preferred(Non-CB),26523262018,Kemeja Flanel - Flannel Shirt Wanita Casual Formal Kerah V Neck Atasan Wanita,295186902079,Normal Product,,Pakaian Wanita,Atasan,Kemeja & Blouse,82500,1,Komisi XTRA,,65175,,1.50%,977.625,5.00%,3258.75,4236.375,977.625,3258.75,4236.375,,0,0.00%,0,100.00%,4236.375,Selesai,,Pesanan dari Toko yang tidak Dipromosikan,Ada,multistorage,,,,,Instagram
260525AW50H4WC,Selesai,233374904233574,2026-05-25 09:21:44,2026-05-27 17:35:28,2026-05-23 16:44:48,simatex.id,156354828,Preferred(Non-CB),2655872415,"(HARGA PER 0,5 METER) Kain Batik BSY - BATIK PARANG / BATIK PARANG",365355814202,Normal Product,,Pakaian Wanita,Kain,Batik,8944,5,Komisi XTRA,,35330,,1.50%,529.95,3.00%,1059.9,1589.85,1871.52,3743.04,5614.56,,0,0.00%,0,100.00%,5614.56,Selesai,,Pesanan dari Toko yang tidak Dipromosikan,Ada,multistorage,,,,,Instagram
260525AW50H4WC,Selesai,233374904233574,2026-05-25 09:21:44,2026-05-27 17:35:28,2026-05-23 16:44:48,simatex.id,156354828,Preferred(Non-CB),8015429713,"(HARGA PER 0,5 METER) Kain TOYOBO ROYAL MIX Platinum",302288993199,Normal Product,,Pakaian Wanita,Kain,Katun,12578,5,Komisi XTRA,,49682,,1.50%,745.23,3.00%,1490.46,2235.69,0,0,0,,0,0.00%,0,100.00%,0,Selesai,,Pesanan dari Toko yang tidak Dipromosikan,Ada,multistorage,,,,,Instagram
260525AW50H4WC,Selesai,233374904233574,2026-05-25 09:21:44,2026-05-27 17:35:28,2026-05-23 16:44:48,simatex.id,156354828,Preferred(Non-CB),47253708913,"(HARGA PER 0,5 METER) Kain Balotelli Premium Polos | Bahan Tebal Jatuh | Adem & Tidak Menerawang | Cocok Gamis, Dress, Atasan, G",287286820449,Normal Product,,Pakaian Wanita,Kain,Kain Lainnya,10065,5,Komisi XTRA,,39756,,1.50%,596.34,3.00%,1192.68,1789.02,0,0,0,,0,0.00%,0,100.00%,0,Selesai,,Pesanan dari Toko yang tidak Dipromosikan,Ada,multistorage,,,,,Instagram
260525AV41RVGU,Selesai,233373798231293,2026-05-25 09:03:18,2026-05-30 15:39:42,2026-05-24 18:50:59,Lozy Hijab Official Shop,255402508,Shopee Mall(Non-CB),44408558940,Lozy Hijab - Ten Sport Tencel (Instant TENCEL™ Micro Modal Serut Olahraga Anniversary Collections),295721239989,Normal Product,,Fashion Muslim,Pakaian Muslim Wanita,Hijab,119000,1,Komisi XTRA,,95200,,1.50%,1428,1.50%,1428,2856,1428,1428,2856,,0,0.00%,0,100.00%,2856,Selesai,,Pesanan dari Toko yang tidak Dipromosikan,Ada,rakdapur3,,,,,Others
260525AUX8RV7G,Selesai,233373604240201,2026-05-25 09:00:08,2026-05-27 14:03:08,2026-05-25 08:38:12,Alfa Medika Makassar,7568029,Preferred(Non-CB),18285986011,Teorol Drops Vitamin D3 400 IU,222228882837,Normal Product,,Kesehatan,Suplemen Makanan,Kesejahteraan,158910,1,Komisi Shopee,,139840,,1.50%,2097.6,0.00%,0,2097.6,2097.6,0,2097.6,,0,0.00%,0,100.00%,2097.6,Selesai,,Pesanan dari Toko yang tidak Dipromosikan,Ada,postbridge,rakpiringslider,,,,Websites
260525ATC4Q4AX,Tertunda,233371922270663,2026-05-25 08:32:09,,2026-05-24 20:30:56,kiosbalita indonesia,13717817,Preferred(Non-CB),4978198581,bantal cinta jumbo ukuran 100x50 sarung bisa di cuci bantal empuk dan tebal full silicon berat 1000gram,345503183776,Normal Product,,Perlengkapan Rumah,Kamar Tidur,Bantal,59500,1,Komisi XTRA,,54740,,1.50%,821.1,0.38%,208.012,1029.112,821.1,208.012,1029.112,,0,0.00%,0,100.00%,1029.112,Tertunda,Pesanan sedang diproses. Komisi akan dikonfirmasi setelah pesanan selesai.,Pesanan dari Toko yang tidak Dipromosikan,Ada,rakdapur3,,,,,Instagram
260525AT0PE1X8,Tertunda,233371538207498,2026-05-25 08:25:39,,2026-05-22 15:22:12,Royalstar Official Shop,417899615,Shopee Mall(Non-CB),29612251601,Royalstar Rak Sudut Rak Kamar Mandi Rak Susun Serbaguna,187834854004,Normal Product,,Perlengkapan Rumah,Kamar Mandi,Rak & Kabinet Kamar Mandi,48900,1,Komisi XTRA,,44988,,1.50%,674.82,0.50%,224.94,899.76,674.82,224.94,899.76,,0,0.00%,0,100.00%,899.76,Tertunda,Pesanan sedang diproses. Komisi akan dikonfirmasi setelah pesanan selesai.,Pesanan dari Toko yang tidak Dipromosikan,Ada,katalog,rak,,,,Others
260525AT0PE1X7,Tertunda,233371538207498,2026-05-25 08:25:39,,2026-05-22 15:22:12,Angolala Official Store,166819866,Shopee Mall(Non-CB),25429852580,ANGOLA Sikat Pembersih Kloset S18 Sikat Pembersih Toilet Duduk Jongkok Dengan Holder,250804224964,Normal Product,,Perlengkapan Rumah,Perawatan Rumah,Sikat Pembersih,17400,1,Komisi XTRA,,16008,,1.50%,240.12,3.00%,480.24,720.36,240.12,480.24,720.36,,0,0.00%,0,100.00%,720.36,Tertunda,Pesanan sedang diproses. Komisi akan dikonfirmasi setelah pesanan selesai.,Pesanan dari Toko yang tidak Dipromosikan,Ada,katalog,rak,,,,Others
260525ASSX17TW,Selesai,233371311284055,2026-05-25 08:21:51,2026-05-28 11:37:32,2026-05-24 13:06:18,dapur store Mall,358483347,Preferred(Non-CB),9679264627,2 in 1 peeler parutan pengupas serutan slicer buah sayuran kentang wortel pisau kupas/ pengupas kulit buah,36476861523,Normal Product,,Perlengkapan Rumah,Perlengkapan Dapur,Parutan & Peeler,6500,1,Komisi XTRA,,6500,,1.50%,97.5,3.50%,227.5,325,97.5,227.5,325,,0,0.00%,0,100.00%,325,Selesai,,Pesanan dari Toko yang tidak Dipromosikan,Ada,rakdapur3,,,,,Instagram
260525AREDKRXE,Selesai,233369851222227,2026-05-25 07:57:31,2026-05-29 17:41:12,2026-05-21 12:02:04,Baby Zone Indonesia,1170492113,Preferred(Non-CB),24728429424,POP IT ELEKTRONIK Mainan Edukasi Anak Squishy Viral Push Bubble Game Pop It Nyala Musik Light LED Fidget Pop It Elektrik Quick,385512521186,Normal Product,,Ibu & Bayi,Mainan,Mainan Edukatif,25953,1,Komisi XTRA,,25953,,1.50%,389.295,1.00%,259.53,648.825,389.295,259.53,648.825,,0,0.00%,0,100.00%,648.825,Selesai,,Pesanan dari Toko yang tidak Dipromosikan,Ada,rakdapur3,,,,,Instagram
260525AR8JQUR1,Selesai,233369655273058,2026-05-25 07:54:22,2026-05-30 16:28:48,2026-05-25 07:07:56,BAKOEL CLEANER STORE,253465615,C2C(Non-CB),27412934426,Toilet Cleaner 1L Pembersih Kamar Mandi Ampuh 1 liter Wush Clean Cairan 1000 ml Ajaib Serbaguna Efektif Penghilang Noda Keramik ,148815966798,Normal Product,,Perlengkapan Rumah,Perawatan Rumah,Pembersih,10999,2,Komisi XTRA,,21998,,0.00%,0,0.50%,109.99,109.99,0,109.99,109.99,,0,0.00%,0,100.00%,109.99,Selesai,,Pesanan dari Toko yang tidak Dipromosikan,Ada,rakdapur3,,,,,Others
260525AQURMF0S,Selesai,233369225256397,2026-05-25 07:47:06,2026-05-26 17:53:02,2026-05-23 13:23:50,GG_Store89,939847491,Preferred(Non-CB),29911351735,Kaos Dalam Wanita Golden Nick SA 48 / Singlet Wanita GN SA48 / Atasan Golden Nick PUTIH size M - XXL ( ISI per BIJI ),39590299909,Normal Product,,Pakaian Wanita,Atasan,Tanktop & Kamisol,17500,1,Komisi XTRA,,14860,,1.50%,222.9,0.50%,74.3,297.2,222.9,74.3,297.2,,0,0.00%,0,100.00%,297.2,Selesai,,Pesanan dari Toko yang tidak Dipromosikan,Ada,rakdapur3,,,,,Instagram
260525AP1AFYFW,Selesai,233367264266562,2026-05-25 07:14:24,2026-05-30 13:13:32,2026-05-24 16:13:43,Lovelygubuk,4354084,Preferred(Non-CB),22487216319,"[LOGU] Koleksi Mainan DIY Merakit Orang-orangan, Keranjang mini dan Mini Cup Tea, Transportasi mini",232313277093,Normal Product,,Hobi & Koleksi,Hobi & Koleksi Lainnya,,1000,5,Komisi XTRA,,4599,,1.50%,68.985,1.50%,68.985,137.97,317.385,317.385,634.77,,0,0.00%,0,100.00%,634.77,Selesai,,Pesanan dari Toko yang tidak Dipromosikan,Ada,rakdapur3,,,,,Instagram
260525AP1AFYFW,Selesai,233367264266562,2026-05-25 07:14:24,2026-05-30 13:13:32,2026-05-24 16:13:43,Lovelygubuk,4354084,Preferred(Non-CB),22487216319,"[LOGU] Koleksi Mainan DIY Merakit Orang-orangan, Keranjang mini dan Mini Cup Tea, Transportasi mini",232313277095,Normal Product,,Hobi & Koleksi,Hobi & Koleksi Lainnya,,1000,5,Komisi XTRA,,4599,,1.50%,68.985,1.50%,68.985,137.97,0,0,0,,0,0.00%,0,100.00%,0,Selesai,,Pesanan dari Toko yang tidak Dipromosikan,Ada,rakdapur3,,,,,Instagram
260525AP1AFYFW,Selesai,233367264266562,2026-05-25 07:14:24,2026-05-30 13:13:32,2026-05-24 16:13:43,Lovelygubuk,4354084,Preferred(Non-CB),22487216319,"[LOGU] Koleksi Mainan DIY Merakit Orang-orangan, Keranjang mini dan Mini Cup Tea, Transportasi mini",184777169844,Normal Product,,Hobi & Koleksi,Hobi & Koleksi Lainnya,,1000,3,Komisi XTRA,,2763,,1.50%,41.445,1.50%,41.445,82.89,0,0,0,,0,0.00%,0,100.00%,0,Selesai,,Pesanan dari Toko yang tidak Dipromosikan,Ada,rakdapur3,,,,,Instagram
260525AP1AFYFW,Selesai,233367264266562,2026-05-25 07:14:24,2026-05-30 13:13:32,2026-05-24 16:13:43,Lovelygubuk,4354084,Preferred(Non-CB),22487216319,"[LOGU] Koleksi Mainan DIY Merakit Orang-orangan, Keranjang mini dan Mini Cup Tea, Transportasi mini",184777169845,Normal Product,,Hobi & Koleksi,Hobi & Koleksi Lainnya,,1000,5,Komisi XTRA,,4599,,1.50%,68.985,1.50%,68.985,137.97,0,0,0,,0,0.00%,0,100.00%,0,Selesai,,Pesanan dari Toko yang tidak Dipromosikan,Ada,rakdapur3,,,,,Instagram
260525AP1AFYFW,Selesai,233367264266562,2026-05-25 07:14:24,2026-05-30 13:13:32,2026-05-24 16:13:43,Lovelygubuk,4354084,Preferred(Non-CB),22487216319,"[LOGU] Koleksi Mainan DIY Merakit Orang-orangan, Keranjang mini dan Mini Cup Tea, Transportasi mini",232313277091,Normal Product,,Hobi & Koleksi,Hobi & Koleksi Lainnya,,1000,5,Komisi XTRA,,4599,,1.50%,68.985,1.50%,68.985,137.97,0,0,0,,0,0.00%,0,100.00%,0,Selesai,,Pesanan dari Toko yang tidak Dipromosikan,Ada,rakdapur3,,,,,Instagram
260525AP1AFYFU,Dibatalkan,233367264266562,2026-05-25 07:14:24,--,2026-05-24 16:13:43,La Richie Baby Shop,4661501,Preferred(Non-CB),3678708358,Mainan PASIR Anak Sand Painting Edukasi Size Kecil 11.5x8.5cm Murah,73620092781,Normal Product,,Ibu & Bayi,Mainan,Mainan Edukatif,799,0,Komisi XTRA,,0,11027,1.50%,0,2.00%,0,0,0,0,0,,0,0.00%,0,100.00%,0,Dibatalkan,Penjual membatalkan pesanan.,Pesanan dari Toko yang tidak Dipromosikan,Ada,rakdapur3,,,,,Instagram
260525AP1AFYFU,Dibatalkan,233367264266562,2026-05-25 07:14:24,--,2026-05-24 16:13:43,La Richie Baby Shop,4661501,Preferred(Non-CB),22677573858,puzzle mini cocok untuk souvenir harga per pc,231941548422,Normal Product,,Ibu & Bayi,Mainan,Mainan Edukatif,1049,0,Komisi XTRA,,0,5791,1.50%,0,2.00%,0,0,0,0,0,,0,0.00%,0,100.00%,0,Dibatalkan,Penjual membatalkan pesanan.,Pesanan dari Toko yang tidak Dipromosikan,Ada,rakdapur3,,,,,Instagram
260525ANAXA2H4,Selesai,233366514299154,2026-05-25 07:02:15,2026-05-30 20:18:52,2026-05-25 06:27:02,Payless Official Shop,272753148,Shopee Mall(Non-CB),47256501722,Payless Chrissie Womens Xyla Flat Sandals - Black_05,277420749452,Normal Product,,Sepatu Wanita,Sandal Jepit & Sandal Lainnya,Sandal Flat,200000,1,Komisi XTRA,,139500,,1.50%,2092.5,3.00%,4185,6277.5,2092.5,4185,6277.5,,0,0.00%,0,100.00%,6277.5,Selesai,,Pesanan dari Toko yang tidak Dipromosikan,Ada,rakdapur3,,,,,Websites
260525AN7VXU8A,Tertunda,233366411217179,2026-05-25 07:00:11,,2026-05-25 06:17:56,BUTAMI FASHION,147477836,Preferred(Non-CB),52003831618,"[ Per 3 Pcs ] Pensil Alis Davis Orange Coklat & Hitam/ Free Cetak Alis 3 pcs - DAVIS HITAM 3 PCS, FREE CETAK ALIS",385363912905,Normal Product,,Perawatan & Kecantikan,Kosmetik,Kosmetik Mata,11999,1,Komisi XTRA,,11999,,1.50%,179.985,1.50%,179.985,359.97,179.985,179.985,359.97,,0,0.00%,0,100.00%,359.97,Tertunda,Pesanan sedang diproses. Komisi akan dikonfirmasi setelah pesanan selesai.,Pesanan dari Toko yang tidak Dipromosikan,Ada,rakdapur3,,,,,Facebook
260525AM21TK38,Selesai,233365141244642,2026-05-25 06:39:05,2026-05-28 22:29:59,2026-05-24 04:16:44,sukajadi_mart,177417070,Preferred(Non-CB),13554847115,Mangkok keramik sambal/ mangkok saus keramik unik,305057872630,Normal Product,,Perlengkapan Rumah,Peralatan Makan,Mangkuk,19999,1,Komisi XTRA,,15759,,1.50%,236.385,4.00%,630.36,866.745,472.755,1260.68,1733.435,,0,0.00%,0,100.00%,1733.435,Selesai,,Pesanan dari Toko yang tidak Dipromosikan,Ada,rakdapur3,,,,,Others
260525AM21TK38,Selesai,233365141244642,2026-05-25 06:39:05,2026-05-28 22:29:59,2026-05-24 04:16:44,sukajadi_mart,177417070,Preferred(Non-CB),13554847115,Mangkok keramik sambal/ mangkok saus keramik unik,305057872632,Normal Product,,Perlengkapan Rumah,Peralatan Makan,Mangkuk,19999,1,Komisi XTRA,,15758,,1.50%,236.37,4.00%,630.32,866.69,0,0,0,,0,0.00%,0,100.00%,0,Selesai,,Pesanan dari Toko yang tidak Dipromosikan,Ada,rakdapur3,,,,,Others
260525AHTTGA5D,Selesai,233362751200746,2026-05-25 05:59:11,2026-05-31 11:02:52,2026-05-24 12:08:49,DD6191BG,15683917,C2C(Non-CB),57860479953,Mainan Pistol Koboi Meletus Anak Bunyi Keren Mainan Jadul Cowboy Gun,272616701386,Normal Product,,Ibu & Bayi,Mainan,Mainan Olahraga & Outdoor,7000,1,Komisi Shopee,,6959,,0.00%,0,0.00%,0,0,0,0,0,,0,0.00%,0,100.00%,0,Selesai,,Pesanan dari Toko yang tidak Dipromosikan,Ada,rakdapur3,,,,,Others
260525AHTTGA5D,Selesai,233362751200746,2026-05-25 05:59:11,2026-05-31 11:02:52,2026-05-24 12:08:49,DD6191BG,15683917,C2C(Non-CB),57860479953,Mainan Pistol Koboi Meletus Anak Bunyi Keren Mainan Jadul Cowboy Gun,395944220058,Normal Product,,Ibu & Bayi,Mainan,Mainan Olahraga & Outdoor,21000,1,Komisi Shopee,,20876,,0.00%,0,0.00%,0,0,0,0,0,,0,0.00%,0,100.00%,0,Selesai,,Pesanan dari Toko yang tidak Dipromosikan,Ada,rakdapur3,,,,,Others
260525AH3CXQSR,Tertunda,233361965246481,2026-05-25 05:46:09,,2026-05-24 14:54:36,Polo Indonesia Official Shop,241278051,Shopee Mall(Non-CB),55406482492,POLO - 0325.12 Cap Fashion - Black,415583049626,Normal Product,,Aksesoris Fashion,Topi,,100000,1,Komisi Shopee,,85000,,1.50%,1275,0.00%,0,1275,1275,0,1275,,0,0.00%,0,100.00%,1275,Tertunda,Pesanan sedang diproses. Komisi akan dikonfirmasi setelah pesanan selesai.,Pesanan dari Toko yang tidak Dipromosikan,Ada,rakdapur3,,,,,Others
260525AGQKADKT,Tertunda,233361569268102,2026-05-25 05:39:29,,2026-05-24 16:06:21,Merries Official Shop,810535983,Shopee Mall(Non-CB),19147272753,Merries Pants Good Skin L 42 Twinpack,212387856480,Normal Product,,Ibu & Bayi,Popok & Pispot,Popok Sekali Pakai,177900,1,Komisi XTRA,,143900,,1.50%,2158.5,2.00%,2878,5036.5,2158.5,2878,5036.5,,0,0.00%,0,100.00%,5036.5,Tertunda,Pesanan sedang diproses. Komisi akan dikonfirmasi setelah pesanan selesai.,Pesanan dari Toko yang tidak Dipromosikan,Ada,rakdapur3,,,,,Instagram
260525AGQ25H4K,Tertunda,233361551283235,2026-05-25 05:39:12,,2026-05-24 16:51:42,Workplant Official Store ,362909912,Shopee Mall(Non-CB),22675889994,Workplant - Paket Booster Tanaman Pupuk Untuk Pertumbuhan Daun Batang Dan Akar,240363559182,Normal Product,,Perlengkapan Rumah,Taman,Pupuk,69840,1,Komisi XTRA,,56418,,1.50%,846.27,5.00%,2820.9,3667.17,1477.455,4924.85,6402.305,,0,0.00%,0,100.00%,6402.305,Tertunda,Pesanan sedang diproses. Komisi akan dikonfirmasi setelah pesanan selesai.,Pesanan dari Toko yang tidak Dipromosikan,Ada,rakdapur3,,,,,Instagram
260525AGQ25H4K,Tertunda,233361551283235,2026-05-25 05:39:12,,2026-05-24 16:51:42,Workplant Official Store ,362909912,Shopee Mall(Non-CB),23454643113,Workplant - Kapur Dolomit Untuk Tanaman Hias Dan Alas Reptil,128740044198,Normal Product,,Perlengkapan Rumah,Taman,Pupuk,6984,1,Komisi XTRA,,5643,,1.50%,84.645,5.00%,282.15,366.795,0,0,0,,0,0.00%,0,100.00%,0,Tertunda,Pesanan sedang diproses. Komisi akan dikonfirmasi setelah pesanan selesai.,Pesanan dari Toko yang tidak Dipromosikan,Ada,rakdapur3,,,,,Instagram
260525AGQ25H4K,Tertunda,233361551283235,2026-05-25 05:39:12,,2026-05-24 16:51:42,Workplant Official Store ,362909912,Shopee Mall(Non-CB),27121993576,Workplant - Paket Berkebun Lengkap Untuk Tanaman Hias,247360111004,Normal Product,,Perlengkapan Rumah,Taman,Peralatan Berkebun,45105,1,Komisi XTRA,,36436,,1.50%,546.54,5.00%,1821.8,2368.34,0,0,0,,0,0.00%,0,100.00%,0,Tertunda,Pesanan sedang diproses. Komisi akan dikonfirmasi setelah pesanan selesai.,Pesanan dari Toko yang tidak Dipromosikan,Ada,rakdapur3,,,,,Instagram
260525AG2QP5F3,Selesai,233360869209386,2026-05-25 05:27:50,2026-05-28 23:50:01,2026-05-24 14:36:16,BKA ZONE,14905453,Preferred(Non-CB),46700826581,Rak Cobek 5in1 Anti Karat Multifungsi untuk Sendok Talenan Tutup Panci & Pisau Bahan Besi Mewah Hemat Tempat,345071973328,Normal Product,,Perlengkapan Rumah,Perlengkapan Dapur,Rak Dapur,45000,1,Komisi XTRA,,38326,,1.50%,574.89,2.50%,958.15,1533.04,574.89,958.15,1533.04,,0,0.00%,0,100.00%,1533.04,Selesai,,Pesanan dari Toko yang tidak Dipromosikan,Ada,rakdapur3,,,,,Instagram
260525AG2QP5F0,Selesai,233360869209386,2026-05-25 05:27:50,2026-05-30 09:39:54,2026-05-24 14:36:16,OKK Indonesia Official Store,374620305,Preferred(Non-CB),21385694194,OKK Rak Gantung Dinding Kamar Mandi Minimalis/Rak Gantung Kayu Besi Serbaguna,137747581978,Normal Product,,Perlengkapan Rumah,Perlengkapan Dapur,Rak Dapur,46000,1,Komisi XTRA,,39194,,1.50%,587.91,1.50%,587.91,1175.82,587.91,587.91,1175.82,,0,0.00%,0,100.00%,1175.82,Selesai,,Pesanan dari Toko yang tidak Dipromosikan,Ada,rakdapur3,,,,,Instagram
260525AD3767TP,Tertunda,233357664235205,2026-05-25 04:34:24,,2026-05-24 14:51:43,Semar Jewelry,263024367,C2C(Non-CB),20042208024,Gelang custom ukir nama lapis emas Anti pudar Anti karat Bebas Request Nama,400724044060,Normal Product,,Aksesoris Fashion,Gelang Tangan & Bangle,,25000,1,Komisi XTRA,,24500,,0.00%,0,1.50%,367.5,367.5,0,367.5,367.5,,0,0.00%,0,100.00%,367.5,Tertunda,Pesanan sedang diproses. Komisi akan dikonfirmasi setelah pesanan selesai.,Pesanan dari Toko yang tidak Dipromosikan,Ada,rakdapur3,,,,,Others
260525AC3BQ66K,Tertunda,233356595246130,2026-05-25 04:16:39,,2026-05-24 19:48:13,Tintsy Store,1602959065,Preferred(Non-CB),27944558327,Braket Tabung Minyak Rem ARM Full CNC Universal,380757691260,Normal Product,,Sepeda Motor,Suku Cadang Motor,Sistem Pengereman,24500,1,Komisi XTRA,,18532,,1.50%,277.98,5.00%,926.6,1204.58,277.98,926.6,1204.58,,0,0.00%,0,100.00%,1204.58,Tertunda,Pesanan sedang diproses. Komisi akan dikonfirmasi setelah pesanan selesai.,Pesanan dari Toko yang tidak Dipromosikan,Ada,rakdapur3,,,,,Facebook
260525A997RYVU,Selesai,233353571205207,2026-05-25 03:26:11,2026-05-28 07:52:17,2026-05-24 14:01:27,Kakha Series Official Shop,12719398,Shopee Mall(Non-CB),13686100985,Kakha - Mukena Anak Basic Polos (1-9 Tahun) / Mukena Rayon / Mukena balita / Mukena Anak Polos,173570782526,Normal Product,,Fashion Muslim,Pakaian Muslim Anak,Pakaian Muslim Anak Perempuan,159000,1,Komisi XTRA,,117710,,1.50%,1765.65,0.50%,588.55,2354.2,1765.65,588.55,2354.2,,0,0.00%,0,100.00%,2354.2,Selesai,,Pesanan dari Toko yang tidak Dipromosikan,Ada,rakdapur3,,,,,Instagram
2605259XEPF59B,Selesai,233341943228459,2026-05-25 00:12:24,2026-05-26 20:10:05,2026-05-24 15:52:13,BRANDED FIRST HAND,48597292,Preferred(Non-CB),24694465447,Big SALE AMBYAR BFH 1,420964024621,Normal Product,,Pakaian Wanita,Pakaian Wanita Lainnya,,168000,1,Komisi XTRA,,134400,,1.50%,2016,1.50%,2016,4032,2016,2016,4032,,0,0.00%,0,100.00%,4032,Selesai,,Pesanan dari Toko yang tidak Dipromosikan,Ada,website,,,,,Instagram
2605259X2UWP3K,Selesai,233341547296130,2026-05-25 00:06:08,2026-05-28 21:02:22,2026-05-24 15:40:10,@DS-STORE,348544022,Preferred(Non-CB),29984539198,Bawang Merah Brebes 1kg ukuran besar ya ini,227732737278,Normal Product,,Makanan & Minuman,Makanan Segar & Beku,Sayuran,38000,1,Komisi Shopee,,38000,,1.50%,570,0.00%,0,570,570,0,570,,0,0.00%,0,100.00%,570,Selesai,,Pesanan dari Toko yang tidak Dipromosikan,Ada,rakdapur3,,,,,Threads
2605259UQ0SWXB,Tertunda,233339001279915,2026-05-24 23:23:28,,2026-05-22 07:22:15,Baju Anak Bahy,407029199,Preferred(Non-CB),45051000292,Owlakidz Flow Dress – Dress Anak Perempuan Lucu Dan Nyaman Usia 1 Sampai 5 Tahun Cotton Combed,380087596443,Normal Product,,Fashion Bayi & Anak,Pakaian Anak Perempuan,Dress,54600,1,Komisi XTRA,,52600,,1.50%,789,3.50%,1841,2630,1578,3682,5260,,0,0.00%,0,100.00%,5260,Tertunda,Pesanan sedang diproses. Komisi akan dikonfirmasi setelah pesanan selesai.,Pesanan dari Toko yang tidak Dipromosikan,Ada,rakdapur3,,,,,Instagram
2605259UQ0SWXB,Tertunda,233339001279915,2026-05-24 23:23:28,,2026-05-22 07:22:15,Baju Anak Bahy,407029199,Preferred(Non-CB),45051000292,Owlakidz Flow Dress – Dress Anak Perempuan Lucu Dan Nyaman Usia 1 Sampai 5 Tahun Cotton Combed,380087596442,Normal Product,,Fashion Bayi & Anak,Pakaian Anak Perempuan,Dress,54600,1,Komisi XTRA,,52600,,1.50%,789,3.50%,1841,2630,0,0,0,,0,0.00%,0,100.00%,0,Tertunda,Pesanan sedang diproses. Komisi akan dikonfirmasi setelah pesanan selesai.,Pesanan dari Toko yang tidak Dipromosikan,Ada,rakdapur3,,,,,Instagram
2605249M2MMKW9,Selesai,233330801234546,2026-05-24 21:06:41,2026-05-27 16:26:18,2026-05-23 14:52:42,Bigstore_supplier,49915221,Preferred(Non-CB),8683462329,"Panci Castrol Kastrol / Panci priuk / Panci liwet No 6, 7, 8, 9, 10",46661390681,Normal Product,,Perlengkapan Rumah,Perlengkapan Dapur,Panci,104100,1,Komisi XTRA,,93690,,1.50%,1405.35,1.00%,936.9,2342.25,1405.35,936.9,2342.25,,0,0.00%,0,100.00%,2342.25,Selesai,,Pesanan dari Toko yang tidak Dipromosikan,Ada,rakdapur3,,,,,Instagram
2605249J3T91QB,Selesai,233328693223747,2026-05-24 20:31:34,2026-05-28 18:36:52,2026-05-23 14:49:38,kinafarma,1313408753,C2C(Non-CB),29677569422,PROBITA - Rekomendasi Susu Peninggi Badan Terampuh,233855396207,Normal Product,,Kesehatan,Suplemen Makanan,Suplemen Makanan Lainnya,58457,1,Komisi Shopee,,54949,,0.00%,0,0.00%,0,0,0,0,0,,0,0.00%,0,100.00%,0,Selesai,,Pesanan dari Toko yang tidak Dipromosikan,Ada,rakdapur3,,,,,Others
2605249HU4RGD7,Selesai,233328402226396,2026-05-24 20:26:43,2026-05-28 16:55:44,2026-05-20 23:57:50,Viva Cosmetics Official Shop,18233004,Shopee Mall(Non-CB),20908037976,Viva Queen Eye Brow Pencil Limitied Edition,135932240283,Normal Product,,Perawatan & Kecantikan,Kosmetik,Kosmetik Mata,41700,1,Komisi XTRA,,32860,,1.50%,492.9,3.00%,985.8,1478.7,492.9,985.8,1478.7,,0,0.00%,0,100.00%,1478.7,Selesai,,Pesanan dari Toko yang tidak Dipromosikan,Ada,rakdapur3,,,,,Instagram
2605249HQ6UMXY,Selesai,233328270204953,2026-05-24 20:24:30,2026-05-29 16:47:39,2026-05-18 12:28:39,Enda DIY Official,942164100,Preferred(Non-CB),25055409884,Siku Ambalan Rak Dinding / Bracket Rak Tempel / Besi Siku Ambalan / Wall Shelf Mounted Bracket,157159986317,Normal Product,,Perlengkapan Rumah,Furniture,Rak & Rak Gantung,23000,2,Komisi XTRA,,41400,,1.50%,621,5.00%,2070,2691,1377,4590,5967,,0,0.00%,0,100.00%,5967,Selesai,,Pesanan dari Toko yang tidak Dipromosikan,Ada,rakdapur3,,,,,Others
2605249HQ6UMXY,Selesai,233328270204953,2026-05-24 20:24:30,2026-05-29 16:47:39,2026-05-18 12:28:39,Enda DIY Official,942164100,Preferred(Non-CB),25055409884,Siku Ambalan Rak Dinding / Bracket Rak Tempel / Besi Siku Ambalan / Wall Shelf Mounted Bracket,187241422938,Normal Product,,Perlengkapan Rumah,Furniture,Rak & Rak Gantung,28000,2,Komisi XTRA,,50400,,1.50%,756,5.00%,2520,3276,0,0,0,,0,0.00%,0,100.00%,0,Selesai,,Pesanan dari Toko yang tidak Dipromosikan,Ada,rakdapur3,,,,,Others
2605249ENW57T7,Selesai,233325005259239,2026-05-24 19:30:05,2026-05-26 18:24:10,2026-05-24 16:43:45,DONMI,1312062616,Preferred(Non-CB),27086034156,SNI Karpet Playmate Lipat Anak 180x200 8/10/12mm/Karpet anak/karpet main anak/karpet lantai bayi/Playmate Bayi/alas lantai DONMI,281451840777,Normal Product,,Ibu & Bayi,Mainan,Mainan Bayi & Anak,83000,1,Komisi Shopee,,83000,,1.50%,1245,0.00%,0,1245,1245,0,1245,,0,0.00%,0,100.00%,1245,Selesai,,Pesanan dari Toko yang tidak Dipromosikan,Ada,rakdapur3,,,,,Instagram
2605249ENW57T6,Selesai,233325005259239,2026-05-24 19:30:05,2026-05-28 19:58:22,2026-05-24 16:43:45,uniqsoo,1135901934,Preferred(Non-CB),42464475690,UNIQSOO 6 in 1 Keranjang Tirisan Multifungsi / Peniris Air CF096,276193198756,Normal Product,0_443331167662635_1,Perlengkapan Rumah,Perlengkapan Dapur,Saringan,19790.04988,1,Komisi XTRA,,19790.04988,,1.50%,296.85074,5.00%,989.50249,1286.35323,1423.28999,4744.29999,6167.58998,,0,0.00%,0,100.00%,6167.58998,Selesai,,Pesanan dari Toko yang tidak Dipromosikan,Ada,rakdapur3,,,,,Instagram
2605249ENW57T6,Selesai,233325005259239,2026-05-24 19:30:05,2026-05-28 19:58:22,2026-05-24 16:43:45,uniqsoo,1135901934,Preferred(Non-CB),42706257511,UNIQSOO Kantong Makanan Kedap Udara Tahan Panas Dingin | Silicone Food Storage Ziplock Bisa Dicuci,227903153594,Normal Product,0_443331167662635_1,Perlengkapan Rumah,Perlengkapan Dapur,Tempat Penyimpanan Makanan,19700.95011,1,Komisi XTRA,,19700.95011,,1.50%,295.51425,5.00%,985.0475,1280.56175,0,0,0,,0,0.00%,0,100.00%,0,Selesai,,Pesanan dari Toko yang tidak Dipromosikan,Ada,rakdapur3,,,,,Instagram
2605249ENW57T6,Selesai,233325005259239,2026-05-24 19:30:05,2026-05-28 19:58:22,2026-05-24 16:43:45,uniqsoo,1135901934,Preferred(Non-CB),42706257511,UNIQSOO Kantong Makanan Kedap Udara Tahan Panas Dingin | Silicone Food Storage Ziplock Bisa Dicuci,227903153594,Normal Product,0_443331167662635_2,Perlengkapan Rumah,Perlengkapan Dapur,Tempat Penyimpanan Makanan,19701,1,Komisi XTRA,,19701,,1.50%,295.515,5.00%,985.05,1280.565,0,0,0,,0,0.00%,0,100.00%,0,Selesai,,Pesanan dari Toko yang tidak Dipromosikan,Ada,rakdapur3,,,,,Instagram
2605249ENW57T6,Selesai,233325005259239,2026-05-24 19:30:05,2026-05-28 19:58:22,2026-05-24 16:43:45,uniqsoo,1135901934,Preferred(Non-CB),24756753880,UNIQSOO Piring Makan 2 in 1 Tempat Saus Kecap / Piring Makan Souvenir / Piring Makan Serbaguna / Tempat Snack BPA FREE PZ001,128836108351,Normal Product,0_443331167662635_3,Perlengkapan Rumah,Peralatan Makan,Piring,4900.5,2,Komisi XTRA,,9801,,1.50%,147.015,5.00%,490.05,637.065,0,0,0,,0,0.00%,0,100.00%,0,Selesai,,Pesanan dari Toko yang tidak Dipromosikan,Ada,rakdapur3,,,,,Instagram
2605249ENW57T6,Selesai,233325005259239,2026-05-24 19:30:05,2026-05-28 19:58:22,2026-05-24 16:43:45,uniqsoo,1135901934,Preferred(Non-CB),25269627050,UNIQSOO Sikat Botol Susu 7in1 / Pembersih Botol Susu 7 Set / Sponge Spons Botol Susu 7 in 1 CF061,178112825438,Normal Product,0_443331167662635_2,Ibu & Bayi,Perlengkapan Makan Bayi,Perlengkapan Botol Susu,15543,1,Komisi XTRA,,15543,,1.50%,233.145,5.00%,777.15,1010.295,0,0,0,,0,0.00%,0,100.00%,0,Selesai,,Pesanan dari Toko yang tidak Dipromosikan,Ada,rakdapur3,,,,,Instagram
2605249ENW57T6,Selesai,233325005259239,2026-05-24 19:30:05,2026-05-28 19:58:22,2026-05-24 16:43:45,uniqsoo,1135901934,Preferred(Non-CB),25283353025,UNIQSOO Tas Serut Sepatu Anti Kuning Pouch Travel Multifungsi Shoes Bag Penyimpanan Cover Sepatu dan Sendal Kantong Sepatu Tali ,241178000466,Normal Product,,Koper & Tas Travel,Tas Travel,Tas Serut,690,15,Komisi XTRA,,10350,,1.50%,155.25,5.00%,517.5,672.75,0,0,0,,0,0.00%,0,100.00%,0,Selesai,,Pesanan dari Toko yang tidak Dipromosikan,Ada,rakdapur3,,,,,Instagram
2605249ENW57T5,Selesai,233325005259239,2026-05-24 19:30:05,2026-05-27 18:08:49,2026-05-24 16:43:45,JIB Official Shop,297050097,Shopee Mall(Non-CB),22171836910,JIB Double Sided Cutting Board / Talenan stainless 2 sisi / Jerami Chopping Board Multifungsi dengan pemarut dan pengasah,291160539398,Normal Product,,Perlengkapan Rumah,Perlengkapan Dapur,Talenan,114000,1,Komisi XTRA,,104903,,1.50%,1573.545,3.00%,3147.09,4720.635,5993.295,11986.59,17979.885,,0,0.00%,0,100.00%,17979.885,Selesai,,Pesanan dari Toko yang tidak Dipromosikan,Ada,rakdapur3,,,,,Instagram
2605249ENW57T5,Selesai,233325005259239,2026-05-24 19:30:05,2026-05-27 18:08:49,2026-05-24 16:43:45,JIB Official Shop,297050097,Shopee Mall(Non-CB),42769191036,JIB Peely Pro / Peeler Pengupas Buah Sayur Kentang Wortel Stainless Steel / Pisau Pengupas Serbaguna,276605274464,Normal Product,,Perlengkapan Rumah,Perlengkapan Dapur,Parutan & Peeler,29200,1,Komisi XTRA,,26871,,1.50%,403.065,3.00%,806.13,1209.195,0,0,0,,0,0.00%,0,100.00%,0,Selesai,,Pesanan dari Toko yang tidak Dipromosikan,Ada,rakdapur3,,,,,Instagram
2605249ENW57T5,Selesai,233325005259239,2026-05-24 19:30:05,2026-05-27 18:08:49,2026-05-24 16:43:45,JIB Official Shop,297050097,Shopee Mall(Non-CB),51956364186,JIB Premium Silicone Utensil Set Cafe Edition / Kitchen Silicon Utensile Set + Bucket / Sodet Silikon / Spatula Set 12 pcs,360575420169,Normal Product,,Perlengkapan Rumah,Perlengkapan Dapur,Spatula & Capitan,291000,1,Komisi XTRA,,267779,,1.50%,4016.685,3.00%,8033.37,12050.055,0,0,0,,0,0.00%,0,100.00%,0,Selesai,,Pesanan dari Toko yang tidak Dipromosikan,Ada,rakdapur3,,,,,Instagram
2605249ENW57T4,Selesai,233325005259239,2026-05-24 19:30:05,2026-05-26 18:23:58,2026-05-24 16:43:45,FLUFFINDO HOMEWARE Official Store,144177444,Shopee Mall(Non-CB),20939791608,COD Rak Jemuran Handuk Pakaian Sepatu Baju Celana Jemuran Baju Bayi Lipat Serbaguna Rak Handuk /B01B,197769785368,Normal Product,,Perlengkapan Rumah,Perawatan Rumah,Tali Jemuran & Rak Pengering,81026,1,Komisi XTRA,,74560,,1.50%,1118.4,3.00%,2236.8,3355.2,1118.4,2236.8,3355.2,,0,0.00%,0,100.00%,3355.2,Selesai,,Pesanan dari Toko yang tidak Dipromosikan,Ada,rakdapur3,,,,,Instagram
2605249ENW57T3,Selesai,233325005259239,2026-05-24 19:30:05,2026-05-26 18:59:47,2026-05-24 16:43:45,Maxim Official Store,20296128,Shopee Mall(Non-CB),17499062429,Maxim Neostone Wajan Ceramic Anti Lengket 24cm  Frypan,69362639811,Normal Product,,Perlengkapan Rumah,Perlengkapan Dapur,Penggorengan,187230,1,Komisi XTRA,,172290,,1.50%,2584.35,3.50%,6030.15,8614.5,6869.79,16029.51,22899.3,,0,0.00%,0,100.00%,22899.3,Selesai,,Pesanan dari Toko yang tidak Dipromosikan,Ada,rakdapur3,,,,,Instagram
2605249ENW57T3,Selesai,233325005259239,2026-05-24 19:30:05,2026-05-26 18:59:47,2026-05-24 16:43:45,Maxim Official Store,20296128,Shopee Mall(Non-CB),23456340866,Maxim Neostone Panci Ceramic Anti Lengket 20cm Dutch Oven,207106893479,Normal Product,,Perlengkapan Rumah,Perlengkapan Dapur,Panci,310470,1,Komisi XTRA,,285696,,1.50%,4285.44,3.50%,9999.36,14284.8,0,0,0,,0,0.00%,0,100.00%,0,Selesai,,Pesanan dari Toko yang tidak Dipromosikan,Ada,rakdapur3,,,,,Instagram
2605249ENW57T2,Selesai,233325005259239,2026-05-24 19:30:05,2026-05-28 19:58:17,2026-05-24 16:43:45,oneso.id,312570056,Preferred(Non-CB),15288468302,TEMPAT PISAU / MEGUMI KNIVES HOLDER / TEMPAT PISAU DAPUR - Oneso.id,29414137395,Normal Product,,Perlengkapan Rumah,Perlengkapan Dapur,Rak Dapur,25457,1,Komisi XTRA,,23427,,1.50%,351.405,3.50%,819.945,1171.35,818.79,1910.51,2729.3,,0,0.00%,0,100.00%,2729.3,Selesai,,Pesanan dari Toko yang tidak Dipromosikan,Ada,rakdapur3,,,,,Instagram
2605249ENW57T2,Selesai,233325005259239,2026-05-24 19:30:05,2026-05-28 19:58:17,2026-05-24 16:43:45,oneso.id,312570056,Preferred(Non-CB),21185501041,TEMPAT SENDOK HANDLE FELICIA / PERLENGKAPAN MAKAN / TEMPAT SENDOK GARPU SERBAGUNA - oneso.id,217118135319,Normal Product,,Perlengkapan Rumah,Perlengkapan Dapur,Perlengkapan Dapur Lainnya,33859,1,Komisi XTRA,,31159,,1.50%,467.385,3.50%,1090.565,1557.95,0,0,0,,0,0.00%,0,100.00%,0,Selesai,,Pesanan dari Toko yang tidak Dipromosikan,Ada,rakdapur3,,,,,Instagram
2605249ENW57T1,Selesai,233325005259239,2026-05-24 19:30:05,2026-05-30 05:51:49,2026-05-24 16:43:45,HAN RIVER Official Shop,177266177,Shopee Mall(Non-CB),12467827610,HAN RIVER panci listrik serbaguna 2L HRDZG02 Kompor listrik pintar Pelajar/panci listrik/Asrama/Perjalanan Bisnis -putih,104891548257,Normal Product,,Elektronik,Perangkat Dapur,Alat Masak Serbaguna,119000,1,Komisi XTRA,,107718,,0.50%,538.59,3.00%,3231.54,3770.13,832.785,4702.515,5535.3,,0,0.00%,0,100.00%,5535.3,Selesai,,Pesanan dari Toko yang tidak Dipromosikan,Ada,rakdapur3,,,,,Instagram
2605249ENW57T1,Selesai,233325005259239,2026-05-24 19:30:05,2026-05-30 05:51:49,2026-05-24 16:43:45,HAN RIVER Official Shop,177266177,Shopee Mall(Non-CB),27422007647,HAN RIVER Dispenser HRCSQ03 Pompa Galon Electric Dapat Dilipat USB Rechargeable Pompa Air Minum,119363212947,Normal Product,,Elektronik,Perangkat Dapur,Dispenser & Filter Air,65000,1,Komisi XTRA,,58839,,0.50%,294.195,2.50%,1470.975,1765.17,0,0,0,,0,0.00%,0,100.00%,0,Selesai,,Pesanan dari Toko yang tidak Dipromosikan,Ada,rakdapur3,,,,,Instagram
2605249EM21KS6,Selesai,233324943267378,2026-05-24 19:29:03,2026-05-29 19:56:03,2026-05-24 19:18:43,Riski.Store46,597045298,Preferred(Non-CB),18007608007,Jas Hujan Setelan Hoodie & Zipper Tebal Waterproof Parasut PVC 0.25 Elastis Anti Rembes By Xwin,380626554107,Normal Product,,Olahraga & Outdoor,Aksesoris Olahraga & Aktivitas Outdoor,Jas Hujan,84000,1,Komisi XTRA,,66671,,1.50%,1000.065,3.50%,2333.485,3333.55,2000.13,4666.97,6667.1,,0,0.00%,0,100.00%,6667.1,Selesai,,Pesanan dari Toko yang tidak Dipromosikan,Ada,rakdapur3,,,,,Instagram
2605249EM21KS6,Selesai,233324943267378,2026-05-24 19:29:03,2026-05-29 19:56:03,2026-05-24 19:18:43,Riski.Store46,597045298,Preferred(Non-CB),18007608007,Jas Hujan Setelan Hoodie & Zipper Tebal Waterproof Parasut PVC 0.25 Elastis Anti Rembes By Xwin,380626554130,Normal Product,,Olahraga & Outdoor,Aksesoris Olahraga & Aktivitas Outdoor,Jas Hujan,84000,1,Komisi XTRA,,66671,,1.50%,1000.065,3.50%,2333.485,3333.55,0,0,0,,0,0.00%,0,100.00%,0,Selesai,,Pesanan dari Toko yang tidak Dipromosikan,Ada,rakdapur3,,,,,Instagram
2605249E6D7U74,Selesai,233324485244425,2026-05-24 19:21:29,2026-05-31 21:33:45,2026-05-24 18:42:26,OKK Indonesia Official Store,374620305,Preferred(Non-CB),42866087438,OKK Rak Bumbu 2 Susun Dapur Multifungsi / Rak Sabun Jaring 2 Susun Kamar Mandi Anti Karat,258820846059,Normal Product,,Perlengkapan Rumah,Perlengkapan Dapur,Rak Dapur,49000,1,Komisi XTRA,,45194,,1.50%,677.91,3.00%,1355.82,2033.73,677.91,1355.82,2033.73,,0,0.00%,0,100.00%,2033.73,Selesai,,Pesanan dari Toko yang tidak Dipromosikan,Ada,rakdapur3,,,,,Others
2605249DD7CE1E,Selesai,233323640248121,2026-05-24 19:07:24,2026-05-29 19:56:02,2026-05-24 19:00:41,La Rêverie,101044460,Preferred(Non-CB),28172441430,FJBOTTLE - Botol Minum Tumbler Olahraga 2000ml Stainless Steel Sport Water Thermos Bottle Jumbo,79856226182,Normal Product,,Perlengkapan Rumah,Peralatan Makan,Botol Minum & Aksesoris,149500,1,Komisi XTRA,,100236,,1.50%,1503.54,0.50%,501.18,2004.72,1503.54,501.18,2004.72,,0,0.00%,0,100.00%,2004.72,Selesai,,Pesanan dari Toko yang tidak Dipromosikan,Ada,rakdapur3,,,,,Instagram
2605249DAFP4YT,Selesai,233323548287761,2026-05-24 19:05:49,2026-05-28 21:56:59,2026-05-19 04:24:08,Kimia.id,92698993,Preferred(Non-CB),21564745023,Cuka Dapur 1Kg - Serbaguna Food Grade Pembersih & Masak Penghilang Bau,156324230896,Normal Product,,Makanan & Minuman,Kebutuhan Memasak,Bumbu Masak,45000,1,Komisi XTRA,,41484,,1.50%,622.26,3.00%,1244.52,1866.78,1025.265,2050.53,3075.795,,0,0.00%,0,100.00%,3075.795,Selesai,,Pesanan dari Toko yang tidak Dipromosikan,Ada,rakdapur3,,,,,Instagram
2605249DAFP4YT,Selesai,233323548287761,2026-05-24 19:05:49,2026-05-28 21:56:59,2026-05-19 04:24:08,Kimia.id,92698993,Preferred(Non-CB),10117693408,Soda Kue 1 Kg Baking Soda Powder Pengembang Kue Penghilang Noda Dapur Toilet Pembersih Pemutih,93386532556,Normal Product,,Makanan & Minuman,Bahan Baking,Baking Powder & Soda Kue,30000,1,Komisi XTRA,,26867,,1.50%,403.005,3.00%,806.01,1209.015,0,0,0,,0,0.00%,0,100.00%,0,Selesai,,Pesanan dari Toko yang tidak Dipromosikan,Ada,rakdapur3,,,,,Instagram
2605249CPW3KJB,Selesai,233322891272213,2026-05-24 18:54:58,2026-05-28 18:49:12,2026-05-24 12:21:39,Snack dan sembako syifa,509849623,C2C(Non-CB),41827248999,Kerupuk Udang Finna 10gr 1dus isi 120pcs,410300338260,Normal Product,,Makanan & Minuman,Makanan Ringan,Keripik & Kerupuk,122950,1,Komisi Shopee,,110655,,0.00%,0,0.00%,0,0,0,0,0,,0,0.00%,0,100.00%,0,Selesai,,Pesanan dari Toko yang tidak Dipromosikan,Ada,rakdapur3,,,,,Instagram
2605249CCTQC2A,Dibatalkan,233322553224095,2026-05-24 18:49:13,--,2026-05-21 05:49:28,quality_shop,9716068,Preferred(Non-CB),1512660787,Tiang tirai flexible/ Tiang fleksibel gorden /TIANG PINTU/ TIANG KOLONG DAPUR/tiang fleksibel /tongkat gorden/ tongkat ajaib/ to,126082525548,Normal Product,,Perlengkapan Rumah,Dekorasi,Tirai & Tirai Gulung,17000,0,Komisi XTRA,,0,34000,1.50%,0,4.50%,0,0,0,0,0,,0,0.00%,0,100.00%,0,Dibatalkan,Pembeli membatalkan pesanan.,Pesanan dari Toko yang tidak Dipromosikan,Ada,rakdapur3,,,,,Facebook
2605249CCTQC2A,Dibatalkan,233322553224095,2026-05-24 18:49:13,--,2026-05-21 05:49:28,quality_shop,9716068,Preferred(Non-CB),1512660787,Tiang tirai flexible/ Tiang fleksibel gorden /TIANG PINTU/ TIANG KOLONG DAPUR/tiang fleksibel /tongkat gorden/ tongkat ajaib/ to,126082525546,Normal Product,,Perlengkapan Rumah,Dekorasi,Tirai & Tirai Gulung,14500,0,Komisi XTRA,,0,29000,1.50%,0,4.50%,0,0,0,0,0,,0,0.00%,0,100.00%,0,Dibatalkan,Pembeli membatalkan pesanan.,Pesanan dari Toko yang tidak Dipromosikan,Ada,rakdapur3,,,,,Facebook
2605249AX84U8B,Tertunda,233320990240714,2026-05-24 18:23:14,,2026-05-23 13:41:13,New Hope 88,653651763,Preferred(Non-CB),18979481724,Taplak Meja Makan 90x140 cm Anti Air Bahan PEVA Motif Buah Alas,138248670757,Normal Product,,Perlengkapan Rumah,Dekorasi,Taplak Meja,38800,1,Komisi XTRA,,38660,,1.50%,579.9,2.00%,773.2,1353.1,579.9,773.2,1353.1,,0,0.00%,0,100.00%,1353.1,Tertunda,Pesanan sedang diproses. Komisi akan dikonfirmasi setelah pesanan selesai.,Pesanan dari Toko yang tidak Dipromosikan,Ada,rakdapur3,,,,,Instagram
2605249920SSX7,Selesai,233318969272452,2026-05-24 17:49:37,2026-05-31 20:13:25,2026-05-24 13:13:03,Ratu Packaging,231953189,Preferred(Non-CB),16234711433,RATU | Dos Tatakan Kue KOTAK / BULAT 14 16 18 20 22 24 26 28 30CM,161354199224,Normal Product,,Perlengkapan Rumah,Perlengkapan Dapur,Alat & Dekorasi Baking,1700,30,Komisi XTRA,,47000,,1.50%,705,3.50%,1645,2350,705,1645,2350,,0,0.00%,0,100.00%,2350,Selesai,,Pesanan dari Toko yang tidak Dipromosikan,Ada,rakdapur3,,,,,Instagram
260524990QS77P,Selesai,233318926261221,2026-05-24 17:48:46,2026-05-26 10:13:00,2026-05-19 11:00:44,EmLife.id,572802783,Preferred(Non-CB),20657750110,Rak Dapur Rak Piring Rak Peniris Rak Penyimpanan Dapur dengan Baki,212913264191,Normal Product,,Perlengkapan Rumah,Perlengkapan Dapur,Rak Dapur,249600,1,Komisi XTRA,,198803,,1.50%,2982.045,3.00%,5964.09,8946.135,2982.045,5964.09,8946.135,,0,0.00%,0,100.00%,8946.135,Selesai,,Pesanan Produk dari Toko yang Dipromosikan,Ada,rakdapur3,,,,,Others
26052498QBC0XH,Selesai,233318611265595,2026-05-24 17:43:31,2026-05-29 16:47:31,2026-05-20 23:00:41,ducks.garage,143089609,Preferred(Non-CB),9914571409,Kulit jok Honda astrea grand tahun muda 93 - 97 imi SET SABUK,53681565155,Normal Product,,Sepeda Motor,Aksesoris Sepeda Motor,Jok & Sarung Jok Motor,60000,1,Komisi XTRA,,10000,,1.50%,150,1.00%,100,250,150,100,250,,0,0.00%,0,100.00%,250,Selesai,,Pesanan dari Toko yang tidak Dipromosikan,Ada,rakdapur3,,,,,Others
26052497TG6J11,Selesai,233317643244256,2026-05-24 17:27:27,2026-05-29 16:24:35,2026-05-24 16:45:47,MAC_Housewares,9457502,Preferred(Non-CB),1843815918,Super PAN BOLDe Wok 28 plus Penutup KACA,19307252611,Normal Product,,Perlengkapan Rumah,Perlengkapan Dapur,Penggorengan,285484,1,Komisi XTRA,,220516,,1.50%,3307.74,3.50%,7718.06,11025.8,3307.74,7718.06,11025.8,,0,0.00%,0,100.00%,11025.8,Selesai,,Pesanan dari Toko yang tidak Dipromosikan,Ada,rakdapur3,,,,,Others
26052497GW4JDJ,Selesai,233317321260200,2026-05-24 17:22:01,2026-05-27 19:57:35,2026-05-24 13:19:43,Serba Serbu Official Store,38109645,Shopee Mall(Non-CB),49510301475,Pixy 4 Beauty Benefits Velvet Melt Balm Foundation 8g/Alas Bedak,335903463435,Normal Product,,Perawatan & Kecantikan,Kosmetik,Kosmetik Wajah,68000,1,Komisi XTRA,,67900,,1.50%,1018.5,3.00%,2037,3055.5,1018.5,2037,3055.5,,0,0.00%,0,100.00%,3055.5,Selesai,,Pesanan dari Toko yang tidak Dipromosikan,Ada,rakdapur3,,,,,Instagram
26052496Y3T7NH,Selesai,233316724288413,2026-05-24 17:12:05,2026-05-30 11:43:44,2026-05-24 17:09:36,BK Herbalisme,767365856,Preferred(Non-CB),48809893494,Wedang Rempah Akar Purwaceng - isi 10 sachet dari akar purwaceng asli,430871493635,Normal Product,,Makanan & Minuman,Minuman,Minuman Tradisional & Herbal,89000,1,Komisi XTRA,,71200,,1.50%,1068,13.00%,9256,10324,1068,9256,10324,,0,0.00%,0,100.00%,10324,Selesai,,Pesanan Produk dari Toko yang Dipromosikan,Ada,website,,,,,Instagram
26052494XG6D8C,Selesai,233314556234127,2026-05-24 16:35:56,2026-05-28 16:08:15,2026-05-24 12:45:45,JEMBER STATIONERY,8746387,Preferred(Non-CB),8713796245,(6pcs) Alat Cukur Besi / Stainless Steel Razor Shaving,310556336374,Normal Product,,Perawatan & Kecantikan,Perawatan Pria,Shaving & Grooming,18000,1,Komisi Shopee,,18000,,1.50%,270,0.00%,0,270,270,0,270,,0,0.00%,0,100.00%,270,Selesai,,Pesanan dari Toko yang tidak Dipromosikan,Ada,rakdapur3,,,,,Others
26052493MEJCTP,Selesai,233313145243658,2026-05-24 16:12:29,2026-05-30 11:55:56,2026-05-24 16:08:10,Lebihmurah88,30260886,Preferred(Non-CB),24022630206,Sikat sabut aluminium cuci piring sikat sabut kawat panci multifungsi,185012288990,Normal Product,,Perlengkapan Rumah,Perawatan Rumah,Spons & Scouring Pad,4750,3,Komisi XTRA,,14250,,1.50%,213.75,1.50%,213.75,427.5,213.75,213.75,427.5,,0,0.00%,0,100.00%,427.5,Selesai,,Pesanan dari Toko yang tidak Dipromosikan,Ada,rakdapur3,,,,,Others
26052493038JSC,Selesai,233312463298363,2026-05-24 16:01:24,2026-05-30 15:39:35,2026-05-21 13:55:44,ZB BATIK,327926627,Preferred(Non-CB),42570062182,Daster Yukensi Kurara Jumbo LD 130 Bahan Rayon Bahu Kancing Kekinian Terbaru,291639722225,Normal Product,,Pakaian Wanita,Pakaian Tidur & Piyama,Daster,54900,1,Komisi XTRA,,54900,,1.50%,823.5,5.00%,2745,3568.5,823.5,2745,3568.5,,0,0.00%,0,100.00%,3568.5,Selesai,,Pesanan Produk dari Toko yang Dipromosikan,Ada,rakdapur3,,,,,Others
26052492H2J7WY,Tertunda,233311958244264,2026-05-24 15:52:42,,2026-05-22 08:37:20,Ikka Memei Officialshop,83830339,C2C(Non-CB),44150665631,Hijab  Segiempat Journey LAILA & ANGGUN Series Jilbab By Journey Scarves,390595106654,Normal Product,,Fashion Muslim,Pakaian Muslim Wanita,Hijab,98999,1,Komisi XTRA,,98999,,0.00%,0,0.50%,494.995,494.995,0,494.995,494.995,,0,0.00%,0,100.00%,494.995,Tertunda,Pesanan sedang diproses. Komisi akan dikonfirmasi setelah pesanan selesai.,Pesanan dari Toko yang tidak Dipromosikan,Ada,rakdapur3,,,,,Instagram
26052491Q9K1RU,Selesai,233311093200020,2026-05-24 15:38:14,2026-05-25 09:50:49,2026-05-24 10:10:23,DG MACRO M2,310905678,Preferred(Non-CB),12601093696,PAPER INSTAX MINI ISI 20 SHEETS,130010678645,Normal Product,,Kamera & Drone,Aksesoris Kamera,Roll Film & Kertas Foto,299000,1,Komisi Shopee,,263120,,0.50%,1315.6,0.00%,0,1315.6,1315.6,0,1315.6,,0,0.00%,0,100.00%,1315.6,Selesai,,Pesanan dari Toko yang tidak Dipromosikan,Ada,katalog,rak,,,,Others
26052491JC8RNJ,Selesai,233310928234393,2026-05-24 15:35:28,2026-05-31 17:59:47,2026-05-21 11:36:09,Beautysoft313,20263704,Preferred(Non-CB),21750615344,Bantal Duduk Busa Refill Busa Kuning Royal Foam Bantal Lantai Kursi Sofa Tebal 8cm & 5cm,214457956265,Normal Product,,Perlengkapan Rumah,Furniture,Sofa,64000,1,Komisi XTRA,,64000,,1.50%,960,1.25%,800,1760,960,800,1760,,0,0.00%,0,100.00%,1760,Selesai,,Pesanan dari Toko yang tidak Dipromosikan,Ada,rakdapur3,,,,,Facebook
26052490A0YB5T,Selesai,233309574213288,2026-05-24 15:12:54,2026-05-28 18:15:16,2026-05-21 12:24:17,MAANGE Official Store,539721608,Shopee Mall(Non-CB),20567951050,MAANGE 2 Pcs Brushes Make Up Sempurna Set Kuas Foundation Kuas Concealer Kosmetik Aksesoris Kecantikan Brush,252993400688,Normal Product,,Perawatan & Kecantikan,Alat Kecantikan,Aksesoris Make Up,31900,1,Komisi Shopee,,31900,,1.50%,478.5,0.00%,0,478.5,913.5,1305,2218.5,,0,0.00%,0,100.00%,2218.5,Selesai,,Pesanan dari Toko yang tidak Dipromosikan,Ada,rakdapur3,,,,,Instagram
26052490A0YB5T,Selesai,233309574213288,2026-05-24 15:12:54,2026-05-28 18:15:16,2026-05-21 12:24:17,MAANGE Official Store,539721608,Shopee Mall(Non-CB),29485544391,MAANGE Flawless Foundation Brush Make Up Kuas Alas Bedak Concealer Tunggal Kuas Riasan 52668,237776384563,Normal Product,,Perawatan & Kecantikan,Alat Kecantikan,Aksesoris Make Up,29000,1,Komisi XTRA,,29000,,1.50%,435,4.50%,1305,1740,0,0,0,,0,0.00%,0,100.00%,0,Selesai,,Pesanan dari Toko yang tidak Dipromosikan,Ada,rakdapur3,,,,,Instagram
2605248UV6DVU3,Tertunda,233304815207893,2026-05-24 13:53:36,,2026-05-23 15:00:39,Matahari,253017647,Shopee Mall(Non-CB),53206522929,Mxm Connexion Regular Fit Kaos Wanita 123934057,410586269909,Normal Product,,Pakaian Wanita,Atasan,Tanktop & Kamisol,60000,1,Komisi XTRA,,51000,,1.50%,765,3.50%,1785,2550,765,1785,2550,,0,0.00%,0,100.00%,2550,Tertunda,Pesanan sedang diproses. Komisi akan dikonfirmasi setelah pesanan selesai.,Pesanan dari Toko yang tidak Dipromosikan,Ada,rakdapur3,,,,,Facebook
2605248UT3Q5NT,Selesai,233304745257317,2026-05-24 13:52:26,2026-05-30 11:35:31,2026-05-21 12:29:07,sakiina_id,1318023957,Preferred(Non-CB),26209656478,Rok Plisket Jumbo Panjang,223760401532,Normal Product,,Fashion Muslim,Pakaian Muslim Wanita,Bawahan,38000,1,Komisi XTRA,,29030,,1.50%,435.45,2.50%,725.75,1161.2,435.45,725.75,1161.2,,0,0.00%,0,100.00%,1161.2,Selesai,,Pesanan dari Toko yang tidak Dipromosikan,Ada,rakdapur3,,,,,Others
2605248T67C4QN,Tertunda,233303004258901,2026-05-24 13:23:25,,2026-05-23 14:52:15,SAFF & Co. Official Shop,267621044,Shopee Mall(Non-CB),5166139866,SAFF & Co. Extrait de Parfum - TRAVEL SIZE,165034677346,Normal Product,,Perawatan & Kecantikan,Parfum & Wewangian,,99000,1,Komisi XTRA,,82871,,1.50%,1243.065,1.00%,828.71,2071.775,3614.31,2409.54,6023.85,,0,0.00%,0,100.00%,6023.85,Tertunda,Pesanan sedang diproses. Komisi akan dikonfirmasi setelah pesanan selesai.,Pesanan dari Toko yang tidak Dipromosikan,Ada,rakdapur3,,,,,Instagram
2605248T67C4QN,Tertunda,233303004258901,2026-05-24 13:23:25,,2026-05-23 14:52:15,SAFF & Co. Official Shop,267621044,Shopee Mall(Non-CB),29175354805,SAFF & Co. x INDOFRAGZ CLOUD MIST - AM KAMIN,178713605823,Normal Product,,Perawatan & Kecantikan,Parfum & Wewangian,,109850,1,Komisi XTRA,,91953,,1.50%,1379.295,1.00%,919.53,2298.825,0,0,0,,0,0.00%,0,100.00%,0,Tertunda,Pesanan sedang diproses. Komisi akan dikonfirmasi setelah pesanan selesai.,Pesanan dari Toko yang tidak Dipromosikan,Ada,rakdapur3,,,,,Instagram
2605248T67C4QN,Tertunda,233303004258901,2026-05-24 13:23:25,,2026-05-23 14:52:15,SAFF & Co. Official Shop,267621044,Shopee Mall(Non-CB),5166139866,SAFF & Co. Extrait de Parfum - TRAVEL SIZE,62089025504,Normal Product,,Perawatan & Kecantikan,Parfum & Wewangian,,79000,1,Komisi XTRA,,66130,,1.50%,991.95,1.00%,661.3,1653.25,0,0,0,,0,0.00%,0,100.00%,0,Tertunda,Pesanan sedang diproses. Komisi akan dikonfirmasi setelah pesanan selesai.,Pesanan dari Toko yang tidak Dipromosikan,Ada,rakdapur3,,,,,Instagram
2605248T2TNF5U,Selesai,233302890267053,2026-05-24 13:21:30,2026-05-26 22:50:55,2026-05-23 19:18:44,Marenta Official Shop,234474619,Shopee Mall(Non-CB),44960191814,BELI 1 GRATIS 1 Marenta Seblakeun Viral Pedas – Bisa Pilih Seblak Coet / Cireng Rujak / Baso Aci Kuah Pedas Instan Bandung,385893417912,Normal Product,,Makanan & Minuman,Makanan Instan,Makanan Instan Lainnya,24999,1,Komisi XTRA,,18709,,1.50%,280.635,1.50%,280.635,561.27,280.635,280.635,561.27,,0,0.00%,0,100.00%,561.27,Selesai,,Pesanan dari Toko yang tidak Dipromosikan,Ada,multistorage,,,,,Facebook
2605248SWE2PG6,Selesai,233302710294789,2026-05-24 13:18:51,2026-05-28 11:29:07,2026-05-24 13:08:10,Rumah Proyek,1200563830,Preferred(Non-CB),28113578831,Jemuran Baju Stainless Steel 240cm Jemuran Pakaian Lipat Basah Tahan Karat Jemuran hanger Portable Jemuran Pakaian Tahan Karat,207865360139,Normal Product,,Perlengkapan Rumah,Perawatan Rumah,Tali Jemuran & Rak Pengering,108800,1,Komisi XTRA,,97920,,1.50%,1468.8,6.00%,5875.2,7344,1468.8,5875.2,7344,,0,0.00%,0,100.00%,7344,Selesai,,Pesanan Produk dari Toko yang Dipromosikan,Ada,rakdapur3,,,,,Others
2605248SR1EX8P,Selesai,233302529297980,2026-05-24 13:15:50,2026-05-26 09:26:09,2026-05-24 11:23:12,Maju Petshop1,926509110,Preferred(Non-CB),26066055769,Cat Choize Mother & Kitten - Makanan Ibu dan Anak Kucing 800Gr,205508334375,Normal Product,,Hewan Peliharaan,Makanan Hewan,Makanan Kucing,28626,1,Komisi Shopee,,25764,,1.50%,386.46,0.00%,0,386.46,1572.525,0,1572.525,,0,0.00%,0,100.00%,1572.525,Selesai,,Pesanan dari Toko yang tidak Dipromosikan,Ada,rakdapur3,,,,,Threads
2605248SR1EX8P,Selesai,233302529297980,2026-05-24 13:15:50,2026-05-26 09:26:09,2026-05-24 11:23:12,Maju Petshop1,926509110,Preferred(Non-CB),12199738181,Nature Bridge Gastro Intestinal 190 gr cat - makanan kucing diare 190g,231960770035,Normal Product,,Hewan Peliharaan,Makanan Hewan,Makanan Kucing,43929,2,Komisi Shopee,,79071,,1.50%,1186.065,0.00%,0,1186.065,0,0,0,,0,0.00%,0,100.00%,0,Selesai,,Pesanan dari Toko yang tidak Dipromosikan,Ada,rakdapur3,,,,,Threads
2605248SQDBPSK,Selesai,233302507217306,2026-05-24 13:15:07,2026-05-28 21:02:09,2026-05-23 14:46:42,JIEMEI KESET,1313814364,Preferred(Non-CB),27526752583,JIEMEI Sarung Cover Motor Sarung Sepeda Listrik Penutup Motor Listrik Murah Universal 180x120cm /220x120cm,176977093185,Normal Product,,Sepeda Motor,Aksesoris Sepeda Motor,Aksesoris Sepeda Motor Lainnya,29500,1,Komisi XTRA,,27775,,1.50%,416.625,3.50%,972.125,1388.75,833.25,1944.25,2777.5,,0,0.00%,0,100.00%,2777.5,Selesai,,Pesanan dari Toko yang tidak Dipromosikan,Ada,rakdapur3,,,,,Others
2605248SQDBPSK,Selesai,233302507217306,2026-05-24 13:15:07,2026-05-28 21:02:09,2026-05-23 14:46:42,JIEMEI KESET,1313814364,Preferred(Non-CB),27526752583,JIEMEI Sarung Cover Motor Sarung Sepeda Listrik Penutup Motor Listrik Murah Universal 180x120cm /220x120cm,176977093187,Normal Product,,Sepeda Motor,Aksesoris Sepeda Motor,Aksesoris Sepeda Motor Lainnya,29500,1,Komisi XTRA,,27775,,1.50%,416.625,3.50%,972.125,1388.75,0,0,0,,0,0.00%,0,100.00%,0,Selesai,,Pesanan dari Toko yang tidak Dipromosikan,Ada,rakdapur3,,,,,Others
2605248S3QY1EN,Selesai,233301847258066,2026-05-24 13:04:07,2026-05-28 18:12:50,2026-05-22 07:56:28,surabayashopcentre,169137968,Preferred(Non-CB),11349303026,TaffOmicron Tensimeter Digital Pengukur Tekanan Darah Indonesia Voice - BW-3205,226081112546,Normal Product,,Kesehatan,Obat-obatan & Alat Kesehatan,Alat Tes & Monitor,77999,1,Komisi Shopee,,77999,,1.50%,1169.985,0.00%,0,1169.985,1169.985,0,1169.985,,0,0.00%,0,100.00%,1169.985,Selesai,,Pesanan dari Toko yang tidak Dipromosikan,Ada,rakdapur3,,,,,Instagram
2605248RY8W59V,Selesai,233301697249914,2026-05-24 13:01:41,2026-05-29 17:19:18,2026-05-22 10:31:32,Kiswah Hijab Style,751027839,Preferred(Non-CB),22250782254,Kiswah - Hijab Instan Hamidah Pinguin Lembut Nyaman Size  M,166602397447,Normal Product,,Fashion Muslim,Pakaian Muslim Wanita,Hijab,25999,1,Komisi XTRA,,25999,,1.50%,389.985,5.00%,1299.95,1689.935,389.985,1299.95,1689.935,,0,0.00%,0,100.00%,1689.935,Selesai,,Pesanan dari Toko yang tidak Dipromosikan,Ada,rakdapur3,,,,,Others
2605248RS5EJGC,Tertunda,233301493293797,2026-05-24 12:58:34,,2026-05-23 14:48:09,GiantMeng Official Store,1559347904,Shopee Mall(Non-CB),42503996965,"GiantMeng - Tempat Sampah Transparan 12L Aesthetic | Meja, Dapur, Kamar Mandi & Kantor",275337780359,Normal Product,,Perlengkapan Rumah,Perawatan Rumah,Tempat Sampah,36899,1,Komisi XTRA,,34104,,1.50%,511.56,2.00%,682.08,1193.64,511.56,682.08,1193.64,,0,0.00%,0,100.00%,1193.64,Tertunda,Pesanan sedang diproses. Komisi akan dikonfirmasi setelah pesanan selesai.,Pesanan dari Toko yang tidak Dipromosikan,Ada,rakdapur3,,,,,Facebook
2605248PT954A0,Selesai,233299382249031,2026-05-24 12:23:06,2026-05-30 22:31:18,2026-05-23 14:42:00,noteo,1660423233,Preferred(Non-CB),47650590436,Kuas + Palette Set Kuas Melukis Lengkap dan Palet Plastik 6 Lubang Kuas Premium YL0309-01,420050273596,Normal Product,,Buku & Alat Tulis,Perlengkapan Menggambar,Palet Lukis,15390,1,Komisi XTRA,,13097,,1.50%,196.455,4.00%,523.88,720.335,428.025,1141.4,1569.425,,0,0.00%,0,100.00%,1569.425,Selesai,,Pesanan dari Toko yang tidak Dipromosikan,Ada,multistorage,,,,,Instagram
2605248PT954A0,Selesai,233299382249031,2026-05-24 12:23:06,2026-05-30 22:31:18,2026-05-23 14:42:00,noteo,1660423233,Preferred(Non-CB),49750868939,Set Cat Air Lengkap 3 in 1 Palet Bunga Kuas Cat Praktis Untuk Melukis Dan Mewarnai YL-031302,355076379997,Normal Product,,Buku & Alat Tulis,Perlengkapan Menggambar,Palet Lukis,18145,1,Komisi XTRA,,15438,,1.50%,231.57,4.00%,617.52,849.09,0,0,0,,0,0.00%,0,100.00%,0,Selesai,,Pesanan dari Toko yang tidak Dipromosikan,Ada,multistorage,,,,,Instagram
2605248NJPNY8C,Selesai,233298054256170,2026-05-24 12:00:55,2026-05-30 20:20:51,2026-05-23 12:53:29,intipajadulu.id,65173496,C2C(Non-CB),25230168809,SHEETMASK AVOSKIN,147300077008,Normal Product,,Perawatan & Kecantikan,Perawatan Wajah,Masker Wajah,40000,1,Komisi Shopee,,38000,,0.00%,0,0.00%,0,0,0,0,0,,0,0.00%,0,100.00%,0,Selesai,,Pesanan dari Toko yang tidak Dipromosikan,Ada,rakdapur3,,,,,Instagram
2605248MYVWKAK,Selesai,233297423263983,2026-05-24 11:50:23,2026-05-25 16:52:15,2026-05-23 14:52:51,TOKO ANEKA MAKASSAR,323535766,Preferred(Non-CB),21921366208,SABUN CUCI PIRING EKONOMI 700ML,126247888444,Normal Product,,Perlengkapan Rumah,Perawatan Rumah,Pembersih,13500,2,Komisi Shopee,,24300,,1.50%,364.5,0.00%,0,364.5,5724,0,5724,,0,0.00%,0,100.00%,5724,Selesai,,Pesanan dari Toko yang tidak Dipromosikan,Ada,rakdapur3,,,,,Instagram
2605248MYVWKAK,Selesai,233297423263983,2026-05-24 11:50:23,2026-05-25 16:52:15,2026-05-23 14:52:51,TOKO ANEKA MAKASSAR,323535766,Preferred(Non-CB),29568882252,GULA PASIR ROSEBRAND PREMIUM 1KG,168567181895,Normal Product,,Makanan & Minuman,Kebutuhan Memasak,Gula,25000,15,Komisi Shopee,,337500,,1.50%,5062.5,0.00%,0,5062.5,0,0,0,,0,0.00%,0,100.00%,0,Selesai,,Pesanan dari Toko yang tidak Dipromosikan,Ada,rakdapur3,,,,,Instagram
2605248MYVWKAK,Selesai,233297423263983,2026-05-24 11:50:23,2026-05-25 16:52:15,2026-05-23 14:52:51,TOKO ANEKA MAKASSAR,323535766,Preferred(Non-CB),9572694342,SOSRO TEH CELUP 30S,215592808191,Normal Product,,Makanan & Minuman,Minuman,Teh,11000,2,Komisi Shopee,,19800,,1.50%,297,0.00%,0,297,0,0,0,,0,0.00%,0,100.00%,0,Selesai,,Pesanan dari Toko yang tidak Dipromosikan,Ada,rakdapur3,,,,,Instagram
2605248MN7F03W,Selesai,233297065213970,2026-05-24 11:44:25,2026-05-28 19:28:07,2026-05-22 10:12:46,COZME Official ✅,39943822,Preferred(Non-CB),12820648150,COZME X NU FACE,120928463824,Normal Product,457176368038468_0_0,Perawatan & Kecantikan,Perawatan Wajah,Pembersih Wajah,0,1,Komisi XTRA,,0,,1.50%,0,0.50%,0,0,774.225,258.075,1032.3,,0,0.00%,0,100.00%,1032.3,Selesai,,Pesanan dari Toko yang tidak Dipromosikan,Ada,rakdapur3,,,,,Instagram
2605248MN7F03W,Selesai,233297065213970,2026-05-24 11:44:25,2026-05-28 19:28:07,2026-05-22 10:12:46,COZME Official ✅,39943822,Preferred(Non-CB),26953798281,NUFACE Brighten & Supple Skin Serum 20mL,119198005762,Normal Product,457176368038468_0_0,Perawatan & Kecantikan,Perawatan Wajah,Serum & Essence Wajah,27800,2,Komisi XTRA,,51615,,1.50%,774.225,0.50%,258.075,1032.3,0,0,0,,0,0.00%,0,100.00%,0,Selesai,,Pesanan dari Toko yang tidak Dipromosikan,Ada,rakdapur3,,,,,Instagram
2605248K9M8DVG,Tertunda,233295602235370,2026-05-24 11:20:02,,2026-05-23 14:44:38,Bulmatchic,27535275,Preferred(Non-CB),28456211044,Bulmatchic All Full Package Magnetic Eyelashes Bulumata Magnet Reusable Waterproof Tahan Lama,315588358704,Normal Product,,Perawatan & Kecantikan,Alat Kecantikan,Aksesoris Make Up,75000,1,Komisi XTRA,,75000,,1.50%,1125,5.00%,3750,4875,1125,3750,4875,,0,0.00%,0,100.00%,4875,Tertunda,Pesanan sedang diproses. Komisi akan dikonfirmasi setelah pesanan selesai.,Pesanan dari Toko yang tidak Dipromosikan,Ada,rakdapur3,,,,,Others
2605248K0511MB,Selesai,233295284277461,2026-05-24 11:14:51,2026-05-30 11:45:25,2026-05-19 09:02:07,Danzh24_,318024108,Preferred(Non-CB),55204756843,Kulot Anak Perempuan Knite Japan Line Modis 3-12 Tahun Anti Kusut Tidak Nerawang,277337823774,Normal Product,,Fashion Bayi & Anak,Pakaian Anak Perempuan,Bawahan,32500,1,Komisi XTRA,,30875,,1.50%,463.125,1.50%,463.125,926.25,463.125,463.125,926.25,,0,0.00%,0,100.00%,926.25,Selesai,,Pesanan dari Toko yang tidak Dipromosikan,Ada,rakdapur3,,,,,Instagram
2605248H6FP1YE,Selesai,233293350290512,2026-05-24 10:42:51,2026-05-30 12:20:09,2026-05-18 17:59:54,pratama Wijaya store,1656232903,Preferred(Non-CB),47801133144,CAIRAN PEMBASMI RAYAP/RAYAP KAYU/RAYAP RUMAH SIAP PAKAI,380101868909,Normal Product,,Perlengkapan Rumah,Perawatan Rumah,Pembasmi Hama & Gulma,25750,1,Komisi XTRA,,25750,,1.50%,386.25,2.50%,643.75,1030,386.25,643.75,1030,,0,0.00%,0,100.00%,1030,Selesai,,Pesanan dari Toko yang tidak Dipromosikan,Ada,rakdapur3,,,,,Facebook
2605248GSEV6QP,Selesai,233292912249212,2026-05-24 10:35:16,2026-05-25 19:50:26,2026-05-23 12:19:54,Rinmu.id,1100915932,Preferred(Non-CB),20694569477,Rinmu.id - CIPUT TALI KAOS RAYON / INNER BASIC KAOS PREMIUM,246969228430,Normal Product,,Fashion Muslim,Pakaian Muslim Wanita,Hijab,8820,1,Komisi XTRA,,7538,,1.50%,113.07,5.00%,376.9,489.97,226.14,753.8,979.94,,0,0.00%,0,100.00%,979.94,Selesai,,Pesanan dari Toko yang tidak Dipromosikan,Ada,rakdapur3,,,,,Instagram
2605248GSEV6QP,Selesai,233292912249212,2026-05-24 10:35:16,2026-05-25 19:50:26,2026-05-23 12:19:54,Rinmu.id,1100915932,Preferred(Non-CB),20694569477,Rinmu.id - CIPUT TALI KAOS RAYON / INNER BASIC KAOS PREMIUM,246969228439,Normal Product,,Fashion Muslim,Pakaian Muslim Wanita,Hijab,8820,1,Komisi XTRA,,7538,,1.50%,113.07,5.00%,376.9,489.97,0,0,0,,0,0.00%,0,100.00%,0,Selesai,,Pesanan dari Toko yang tidak Dipromosikan,Ada,rakdapur3,,,,,Instagram
2605248EBUG7Q4,Selesai,233290308231787,2026-05-24 09:51:48,2026-05-30 10:20:26,2026-05-23 14:52:24,JJ LATTE ART ID,136866770,Preferred(Non-CB),46101547799,JJ Milk Frother Superfine – Alat Foaming Susu Latte Art Terhalus | Stainless Food Grade | Portable & Tahan Lama,350139860913,Normal Product,,Perlengkapan Rumah,Perlengkapan Dapur,"Peralatan Teh, Kopi, & Bartending",175000,1,Komisi XTRA,,175000,,1.50%,2625,5.00%,8750,11375,2625,8750,11375,,0,0.00%,0,100.00%,11375,Selesai,,Pesanan dari Toko yang tidak Dipromosikan,Ada,rakdapur3,,,,,Instagram
2605248DXDBW7M,Selesai,233289857204694,2026-05-24 09:44:17,2026-05-28 15:25:41,2026-05-22 11:37:16,Cevella,61876682,Preferred(Non-CB),23019527806,Anting Kembar Emas Muda 1/2 Gram,156556329051,Normal Product,,Aksesoris Fashion,Anting,,75000,1,Komisi XTRA,,68250,,1.50%,1023.75,2.00%,1365,2388.75,1023.75,1365,2388.75,,0,0.00%,0,100.00%,2388.75,Selesai,,Pesanan dari Toko yang tidak Dipromosikan,Ada,rakdapur3,,,,,Others
2605248D1WPNAW,Selesai,233288901251395,2026-05-24 09:28:21,2026-05-29 07:49:59,2026-05-21 12:10:56,Kit Auto Care Official Shop,115310494,Shopee Mall(Non-CB),1768640212,Kit Wiper Fluid Pouch 400 ml,70591692660,Normal Product,,Mobil,Suku Cadang Mobil,Wiper & Penyemprot Wiper Mobil,8500,1,Komisi XTRA,,8500,,1.50%,127.5,4.50%,382.5,510,343.5,1102.5,1446,,0,0.00%,0,100.00%,1446,Selesai,,Pesanan dari Toko yang tidak Dipromosikan,Ada,rakdapur3,,,,,Instagram
2605248D1WPNAW,Selesai,233288901251395,2026-05-24 09:28:21,2026-05-29 07:49:59,2026-05-21 12:10:56,Kit Auto Care Official Shop,115310494,Shopee Mall(Non-CB),1768640256,Kit Rubbing Compound 60 gr,40591714504,Normal Product,,Mobil,Perawatan Kendaraan,"Poles, Coating, & Sealant Mobil",14400,1,Komisi XTRA,,14400,,1.50%,216,5.00%,720,936,0,0,0,,0,0.00%,0,100.00%,0,Selesai,,Pesanan dari Toko yang tidak Dipromosikan,Ada,rakdapur3,,,,,Instagram
2605248D1WPNAV,Selesai,233288901251395,2026-05-24 09:28:21,2026-05-28 18:15:07,2026-05-21 12:10:56,RISMARKET,10647243,Preferred(Non-CB),263252367,Shower cap mandi karakter / penutup rambut untuk mandi,609932518,Normal Product,,Perlengkapan Rumah,Kamar Mandi,Shower Cap,3300,6,Komisi XTRA,,19800,,1.50%,297,0.50%,99,396,297,99,396,,0,0.00%,0,100.00%,396,Selesai,,Pesanan dari Toko yang tidak Dipromosikan,Ada,rakdapur3,,,,,Instagram
2605248CJR7MY2,Selesai,233288392200293,2026-05-24 09:19:53,2026-05-28 20:11:00,2026-05-23 19:17:22,KIA KIDS STORE,1531266694,C2C(Non-CB),28336399453,Hijab Anak Pita Ricis Remaja Umur 7-12 th I Bergo Ricis,270017689416,Normal Product,,Fashion Muslim,Pakaian Muslim Anak,Pakaian Muslim Anak Perempuan,21999,1,Komisi XTRA,,17999,,0.00%,0,2.50%,449.975,449.975,0,449.975,449.975,,0,0.00%,0,100.00%,449.975,Selesai,,Pesanan dari Toko yang tidak Dipromosikan,Ada,rakdapur3,,,,,Instagram
2605248CCPPHA4,Selesai,233288189263831,2026-05-24 09:16:30,2026-05-28 21:28:34,2026-05-24 07:29:39,Reality.ID,204388579,Preferred(Non-CB),28536441473,Holder HP Lipat ZM-4208 Stand Holder Mini Lipat Universal Tempel,290026285064,Normal Product,,Handphone & Aksesoris,Aksesoris,Phone Holder,7999,1,Komisi XTRA,,7999,,0.50%,39.995,2.00%,159.98,199.975,39.995,159.98,199.975,,0,0.00%,0,100.00%,199.975,Selesai,,Pesanan dari Toko yang tidak Dipromosikan,Ada,rakdapur3,,,,,Facebook
26052489EJYNXF,Selesai,233285031259363,2026-05-24 08:23:51,2026-05-30 18:29:03,2026-05-23 13:22:15,SKIN1004 Οffiсial Shоp,1671510891,Preferred(Non-CB),48052883459,"Skin1004 Madagascar Centella Asiatica -Four-piece set - (5-in-1)Perlindungan UV, Pelembapan, Anti Jerawat & Pembersihan Wajah",254117453132,Normal Product,,Perawatan & Kecantikan,Paket & Set Kecantikan,,472380,1,Komisi XTRA,,388089,,1.50%,5821.335,4.00%,15523.56,21344.895,5821.335,15523.56,21344.895,,0,0.00%,0,100.00%,21344.895,Selesai,,Pesanan dari Toko yang tidak Dipromosikan,Ada,rakdapur3,,,,,Others
26052484CB6RFM,Selesai,233279587284908,2026-05-24 06:53:08,2026-05-25 09:50:49,2026-05-23 14:43:19,Rahmatika Freshmart,320956062,Preferred(Non-CB),18827821883,Ayam Karkas Utuh Ukuran 1.3 - 1.4 Kg (Frozen),211442295584,Normal Product,,Makanan & Minuman,Makanan Segar & Beku,Daging,68000,1,Komisi XTRA,,61200,,1.50%,918,1.00%,612,1530,5906.25,3937.5,9843.75,,0,0.00%,0,100.00%,9843.75,Selesai,,Pesanan dari Toko yang tidak Dipromosikan,Ada,multistorage,,,,,Instagram
26052484CB6RFM,Selesai,233279587284908,2026-05-24 06:53:08,2026-05-25 09:50:49,2026-05-23 14:43:19,Rahmatika Freshmart,320956062,Preferred(Non-CB),4171673943,Boneless Dada Ayam Segar / Fillet Dada Ayam Fresh 1 kg (Ayam Segar),72876614266,Normal Product,,Makanan & Minuman,Makanan Segar & Beku,Daging,55000,1,Komisi XTRA,,49500,,1.50%,742.5,1.00%,495,1237.5,0,0,0,,0,0.00%,0,100.00%,0,Selesai,,Pesanan dari Toko yang tidak Dipromosikan,Ada,multistorage,,,,,Instagram
26052484CB6RFM,Selesai,233279587284908,2026-05-24 06:53:08,2026-05-25 09:50:49,2026-05-23 14:43:19,Rahmatika Freshmart,320956062,Preferred(Non-CB),7684641613,Fillet Dori / Fillet Ikan Dori 1 Kg,44640728098,Normal Product,,Makanan & Minuman,Makanan Segar & Beku,Seafood,54600,1,Komisi XTRA,,49140,,1.50%,737.1,1.00%,491.4,1228.5,0,0,0,,0,0.00%,0,100.00%,0,Selesai,,Pesanan dari Toko yang tidak Dipromosikan,Ada,multistorage,,,,,Instagram
26052484CB6RFM,Selesai,233279587284908,2026-05-24 06:53:08,2026-05-25 09:50:49,2026-05-23 14:43:19,Rahmatika Freshmart,320956062,Preferred(Non-CB),9428357158,Shabu Slice / Beef Slices / Daging Sapi Shabu Slice Lokal 500 gram,44261104390,Normal Product,,Makanan & Minuman,Makanan Segar & Beku,Daging,80000,1,Komisi XTRA,,72000,,1.50%,1080,1.00%,720,1800,0,0,0,,0,0.00%,0,100.00%,0,Selesai,,Pesanan dari Toko yang tidak Dipromosikan,Ada,multistorage,,,,,Instagram
26052484CB6RFM,Selesai,233279587284908,2026-05-24 06:53:08,2026-05-25 09:50:49,2026-05-23 14:43:19,Rahmatika Freshmart,320956062,Preferred(Non-CB),11166527761,Ikan Gurame Segar 1 Kg,131842586816,Normal Product,,Makanan & Minuman,Makanan Segar & Beku,Seafood,74500,2,Komisi XTRA,,134100,,1.50%,2011.5,1.00%,1341,3352.5,0,0,0,,0,0.00%,0,100.00%,0,Selesai,,Pesanan dari Toko yang tidak Dipromosikan,Ada,multistorage,,,,,Instagram
26052484CB6RFM,Selesai,233279587284908,2026-05-24 06:53:08,2026-05-25 09:50:49,2026-05-23 14:43:19,Rahmatika Freshmart,320956062,Preferred(Non-CB),11801255063,Ati Ampela Ayam Bersih / Hati Ampela Fresh 1 Kg (Ayam Segar),110066660014,Normal Product,,Makanan & Minuman,Makanan Segar & Beku,Daging,30900,1,Komisi XTRA,,27810,,1.50%,417.15,1.00%,278.1,695.25,0,0,0,,0,0.00%,0,100.00%,0,Selesai,,Pesanan dari Toko yang tidak Dipromosikan,Ada,multistorage,,,,,Instagram
26052484BCPP9N,Selesai,233279556291143,2026-05-24 06:52:58,2026-05-27 13:52:13,2026-05-23 14:43:48,SPARKLING STAR,218212330,Preferred(Non-CB),53059667630,ORABELLA S EXP 2026/9 ISI 15 PCS DIJAMIN ORIGINAL,355854256856,Normal Product,,Perawatan & Kecantikan,Perawatan & Kecantikan Lainnya,,455000,1,Komisi Shopee,,355092,,1.50%,5326.38,0.00%,0,5326.38,5326.38,0,5326.38,,0,0.00%,0,100.00%,5326.38,Selesai,,Pesanan dari Toko yang tidak Dipromosikan,Ada,rakdapur3,,,,,Instagram
26052483B01HJV,Selesai,233278523211248,2026-05-24 06:34:29,2026-05-27 04:59:09,2026-05-23 16:24:20,AIKOKY OFFICIAL SHOP,742539346,Preferred(Non-CB),27872390295,AIKOKY Kacamata Renang Snorkeling Anak Kids Swimming Glasses Perlengkapan Renang Anak 3-16 Tahun,242387188429,Normal Product,,Olahraga & Outdoor,Alat Rekreasi Olahraga & Aktivitas Outdoor,Diving & Renang,33900,1,Komisi XTRA,,32913,,1.50%,493.695,0.50%,164.565,658.26,493.695,164.565,658.26,,0,0.00%,0,100.00%,658.26,Selesai,,Pesanan dari Toko yang tidak Dipromosikan,Ada,website,,,,,Instagram
260524812U4F4R,Selesai,233276047210843,2026-05-24 05:54:07,2026-05-28 21:43:32,2026-05-21 08:56:07,Berrybenka Official Shop,81219906,Shopee Mall(Non-CB),54757615301,Berrybenka Sofia Mashea Mesh Mary Jane – Sepatu Flat Wanita Jelly Breathable Anti Lecet Tahan Air,108782084363,Normal Product,,Sepatu Wanita,Sepatu Flat,Flat & Ballerina,169000,1,Komisi Shopee,,148720,,1.50%,2230.8,0.00%,0,2230.8,2230.8,0,2230.8,,0,0.00%,0,100.00%,2230.8,Selesai,,Pesanan dari Toko yang tidak Dipromosikan,Ada,rakdapur3,,,,,Instagram
2605247PG3R5J6,Selesai,233264682290946,2026-05-24 02:45:03,2026-05-26 14:27:36,2026-05-23 14:25:23,TCL Official Shop ,227074971,Shopee Mall(Non-CB),42572757421,TCL Ultimate QLED FHD TV 50 inch V5C - HDR 10 - Dolby Audio - Google Play/Netflix/Youtube/Disney+Hotstar - Smart-Digital -Promo-,218738670915,Normal Product,,Elektronik,TV & Aksesoris,TV,4449900,1,Komisi XTRA,,4182906,,0.50%,10000,1.00%,41829.06,51829.06,10000,41829.06,51829.06,,0,0.00%,0,100.00%,51829.06,Selesai,,Pesanan dari Toko yang tidak Dipromosikan,Ada,rakdapur3,,,,,Instagram
2605247HBJE2EJ,Selesai,233259160210515,2026-05-24 01:12:40,2026-05-25 13:11:06,2026-05-23 14:52:01,Pinmood,234906318,Preferred(Non-CB),53556276544,LUXCRIME - BLUSHIN BABE ( 4 g ) - Blush On Perona Pipi Cheek Cream Ringan Lembut High Pigmented,425568301993,Normal Product,,Perawatan & Kecantikan,Kosmetik,Kosmetik Wajah,84700,1,Komisi Shopee,,77268,,1.50%,1159.02,0.00%,0,1159.02,1159.02,0,1159.02,,0,0.00%,0,100.00%,1159.02,Selesai,,Pesanan dari Toko yang tidak Dipromosikan,Ada,rakdapur3,,,,,Instagram
2605247HBJE2EH,Selesai,233259160210515,2026-05-24 01:12:40,2026-05-25 22:43:42,2026-05-23 14:52:01,Altherglow,47749323,Preferred(Non-CB),51251229974,Keana Rice Mask / Keana Tightening Mask,307216693570,Normal Product,,Perawatan & Kecantikan,Perawatan Wajah,Masker Wajah,129890,1,Komisi Shopee,,119194,,1.50%,1787.91,0.00%,0,1787.91,1787.91,0,1787.91,,0,0.00%,0,100.00%,1787.91,Selesai,,Pesanan dari Toko yang tidak Dipromosikan,Ada,rakdapur3,,,,,Instagram
2605247H46WHAQ,Tertunda,233258913259935,2026-05-24 01:08:33,,2026-05-23 05:49:25,Joodutp Official Store,1414571451,Shopee Mall(Non-CB),41977211699,JOODUTP Kunci Kulkas Kunci Pengaman Kulkas Dari Bayi Safety Lock,350291842110,Normal Product,,Perlengkapan Rumah,Alat Pertukangan & Renovasi Rumah,Perkakas,7350,2,Komisi XTRA,,14506,,1.50%,217.59,5.50%,797.83,1015.42,1011.75,3853.34,4865.09,,0,0.00%,0,100.00%,4865.09,Tertunda,Pesanan sedang diproses. Komisi akan dikonfirmasi setelah pesanan selesai.,Pesanan dari Toko yang tidak Dipromosikan,Ada,rakdapur3,,,,,Others
2605247H46WHAQ,Tertunda,233258913259935,2026-05-24 01:08:33,,2026-05-23 05:49:25,Joodutp Official Store,1414571451,Shopee Mall(Non-CB),43714806544,"JOODUTP Penjepit Makanan Serbaguna BBQ Clip Tongs  Alat Masak Dapur / Clip Tongs 30,5cm / Food Tong Stainless Steel",271226470955,Normal Product,,Perlengkapan Rumah,Alat Pertukangan & Renovasi Rumah,Perkakas,14550,1,Komisi XTRA,,14359,,1.50%,215.385,6.50%,933.335,1148.72,0,0,0,,0,0.00%,0,100.00%,0,Tertunda,Pesanan sedang diproses. Komisi akan dikonfirmasi setelah pesanan selesai.,Pesanan dari Toko yang tidak Dipromosikan,Ada,rakdapur3,,,,,Others
2605247H46WHAQ,Tertunda,233258913259935,2026-05-24 01:08:33,,2026-05-23 05:49:25,Joodutp Official Store,1414571451,Shopee Mall(Non-CB),52202870184,JOODUTP Kotak Penyimpanan Pintu Kulkas Serbaguna Box Organizer Wadah Tempat Sayuran Buah Penghemat Tempat,395276062737,Normal Product,,Perlengkapan Rumah,Organizer Rumah,"Box, Tas, & Keranjang Penyimpanan",19550,2,Komisi XTRA,,38585,,1.50%,578.775,5.50%,2122.175,2700.95,0,0,0,,0,0.00%,0,100.00%,0,Tertunda,Pesanan sedang diproses. Komisi akan dikonfirmasi setelah pesanan selesai.,Pesanan dari Toko yang tidak Dipromosikan,Ada,rakdapur3,,,,,Others
2605247H46WHAP,Selesai,233258913259935,2026-05-24 01:08:33,2026-05-29 14:00:52,2026-05-23 05:49:25,Minara Cats Supply Official Store,143510146,Shopee Mall(Non-CB),29552768041,"Minara Cats Supply - Snack Kucing Paket 50 pcs Liebao | Varian Tuna, COD Fish & Chicken",246014785616,Normal Product,,Hewan Peliharaan,Makanan Hewan,Snack Kucing,45000,1,Komisi XTRA,,40499,,1.50%,607.485,0.50%,202.495,809.98,607.485,202.495,809.98,,0,0.00%,0,100.00%,809.98,Selesai,,Pesanan dari Toko yang tidak Dipromosikan,Ada,rakdapur3,,,,,Others
2605247H46WHAN,Selesai,233258913259935,2026-05-24 01:08:33,2026-05-29 14:01:08,2026-05-23 05:49:25,RG Aksesoris HP,7299953,Preferred(Non-CB),29439642403,RG BOTOL MINYAK GORENG Saus Kecap 1100ml 500ml Anti Tumpah Botol Plastik Isi Ulang Fliptop Serbaguna,296009455658,Normal Product,,Perlengkapan Rumah,Perlengkapan Dapur,Tempat Penyimpanan Makanan,5700,1,Komisi XTRA,,5700,,1.50%,85.5,0.50%,28.5,114,232.5,77.5,310,,0,0.00%,0,100.00%,310,Selesai,,Pesanan dari Toko yang tidak Dipromosikan,Ada,rakdapur3,,,,,Others
2605247H46WHAN,Selesai,233258913259935,2026-05-24 01:08:33,2026-05-29 14:01:08,2026-05-23 05:49:25,RG Aksesoris HP,7299953,Preferred(Non-CB),29439642403,RG BOTOL MINYAK GORENG Saus Kecap 1100ml 500ml Anti Tumpah Botol Plastik Isi Ulang Fliptop Serbaguna,296009455657,Normal Product,,Perlengkapan Rumah,Perlengkapan Dapur,Tempat Penyimpanan Makanan,9800,1,Komisi XTRA,,9800,,1.50%,147,0.50%,49,196,0,0,0,,0,0.00%,0,100.00%,0,Selesai,,Pesanan dari Toko yang tidak Dipromosikan,Ada,rakdapur3,,,,,Others
2605247H46WHAK,Selesai,233258913259935,2026-05-24 01:08:33,2026-05-31 02:45:05,2026-05-23 05:49:25,By Lovika,128914867,Preferred(Non-CB),26688668409,(35 PCS) READY STOCK STIKER BUMBU DAPUR BULAT VOL 3 KITCHEN SPICES 4X4 CM KITCHEN LABEL TERMURAH BISA COD ANTI AIR DAN ANTI MINY,243626391367,Normal Product,,Buku & Alat Tulis,Buku Tulis & Kertas,Label & Stiker,18499,1,Komisi Shopee,,18499,,1.50%,277.485,0.00%,0,277.485,277.485,0,277.485,,0,0.00%,0,100.00%,277.485,Selesai,,Pesanan dari Toko yang tidak Dipromosikan,Ada,rakdapur3,,,,,Others
2605247H46WHAJ,Tertunda,233258913259935,2026-05-24 01:08:33,,2026-05-23 05:49:25,MUMO MALL,1069114612,Preferred(Non-CB),24108621637,Rak Troli besi  Rak Susun Serbaguna Rak kamar mandi Rak Salon Rak Roda,204873771917,Normal Product,,Perlengkapan Rumah,Perlengkapan Dapur,Rak Dapur,155000,1,Komisi XTRA,,138104,,1.50%,2071.56,1.00%,1381.04,3452.6,2071.56,1381.04,3452.6,,0,0.00%,0,100.00%,3452.6,Tertunda,Pesanan sedang diproses. Komisi akan dikonfirmasi setelah pesanan selesai.,Pesanan dari Toko yang tidak Dipromosikan,Ada,rakdapur3,,,,,Others
2605247H46WHAH,Selesai,233258913259935,2026-05-24 01:08:33,2026-05-28 17:43:29,2026-05-23 05:49:25,bedola,128213168,Preferred(Non-CB),23734221094,5 roll kantong plastik sampah dengan tali trash bag,231315780083,Normal Product,,Perlengkapan Rumah,Perawatan Rumah,Kantong Plastik  & Kantong Sampah,15497,2,Komisi XTRA,,30994,,1.50%,464.91,2.50%,774.85,1239.76,755.91,1744.85,2500.76,,0,0.00%,0,100.00%,2500.76,Selesai,,Pesanan dari Toko yang tidak Dipromosikan,Ada,rakdapur3,,,,,Others
2605247H46WHAH,Selesai,233258913259935,2026-05-24 01:08:33,2026-05-28 17:43:29,2026-05-23 05:49:25,bedola,128213168,Preferred(Non-CB),25353208301,Plastik ziplock sayuran reusable fresh bag kantong kulkas penyimpanan makanan,184807466749,Normal Product,,Perlengkapan Rumah,Perlengkapan Dapur,Tempat Penyimpanan Makanan,8500,1,Komisi XTRA,,8500,,1.50%,127.5,5.00%,425,552.5,0,0,0,,0,0.00%,0,100.00%,0,Selesai,,Pesanan dari Toko yang tidak Dipromosikan,Ada,rakdapur3,,,,,Others
2605247H46WHAH,Selesai,233258913259935,2026-05-24 01:08:33,2026-05-28 17:43:29,2026-05-23 05:49:25,bedola,128213168,Preferred(Non-CB),25353208301,Plastik ziplock sayuran reusable fresh bag kantong kulkas penyimpanan makanan,184807466750,Normal Product,,Perlengkapan Rumah,Perlengkapan Dapur,Tempat Penyimpanan Makanan,10900,1,Komisi XTRA,,10900,,1.50%,163.5,5.00%,545,708.5,0,0,0,,0,0.00%,0,100.00%,0,Selesai,,Pesanan dari Toko yang tidak Dipromosikan,Ada,rakdapur3,,,,,Others
2605247H46WHAF,Selesai,233258913259935,2026-05-24 01:08:33,2026-05-29 14:01:16,2026-05-23 05:49:25,Ruang Indah,999981604,Preferred(Non-CB),18280309009,"Botol Bumbu Kaca 120 ml Tempat Bumbu Dapur Anti Tumpah, Wadah Dapur Serbaguna, Kedap Udara, Tutup Kayu, 2 Lubang Keluar – Untuk ",194391510879,Normal Product,,Perlengkapan Rumah,Perlengkapan Dapur,Tempat Penyimpanan Makanan,10900,5,Komisi XTRA,,53652,,1.50%,804.78,4.00%,2146.08,2950.86,949.485,2483.725,3433.21,,0,0.00%,0,100.00%,3433.21,Selesai,,Pesanan dari Toko yang tidak Dipromosikan,Ada,rakdapur3,,,,,Others
2605247H46WHAF,Selesai,233258913259935,2026-05-24 01:08:33,2026-05-29 14:01:16,2026-05-23 05:49:25,Ruang Indah,999981604,Preferred(Non-CB),19080300985,Alat buka kaleng susu/Bukaan Kaleng/Pembuka tutup botol/Pembuka Kaleng/Alat Pembuka/Pembuka tutup kaleng/Pembuka botol bir / Dan,127622402457,Normal Product,,Perlengkapan Rumah,Perlengkapan Dapur,Pembuka Tutup Kaleng & Botol,9799,1,Komisi XTRA,,9647,,1.50%,144.705,3.50%,337.645,482.35,0,0,0,,0,0.00%,0,100.00%,0,Selesai,,Pesanan dari Toko yang tidak Dipromosikan,Ada,rakdapur3,,,,,Others
2605247H46WHAE,Selesai,233258913259935,2026-05-24 01:08:33,2026-05-30 11:34:57,2026-05-23 05:49:25,AZKO Indonesia,229515338,Shopee Mall(Non-CB),13641030065,AZKO Kris Tempat Beras Plastik Double Seal 12.5 Liter - Abu-Abu Rice Container Food Grade Kotak Beras Wadah Penyimpanan Beras Pe,85631695661,Normal Product,,Perlengkapan Rumah,Perlengkapan Rumah Lainnya,,172400,1,Komisi XTRA,,155159,,1.50%,2327.385,2.50%,3878.975,6206.36,2327.385,3878.975,6206.36,,0,0.00%,0,100.00%,6206.36,Selesai,,Pesanan dari Toko yang tidak Dipromosikan,Ada,rakdapur3,,,,,Others
2605247H46WHAD,Selesai,233258913259935,2026-05-24 01:08:33,2026-05-29 06:33:26,2026-05-23 05:49:25,EmLife.id,572802783,Preferred(Non-CB),11969443624,Rak Bumbu Dapur Stainless Steel Rak Bumbu Rak Dapur Serbaguna Rak Botol Bumbu,103744366267,Normal Product,,Perlengkapan Rumah,Perlengkapan Dapur,Rak Dapur,256200,1,Komisi XTRA,,230579,,1.50%,3458.685,3.50%,8070.265,11528.95,3458.685,8070.265,11528.95,,0,0.00%,0,100.00%,11528.95,Selesai,,Pesanan dari Toko yang tidak Dipromosikan,Ada,rakdapur3,,,,,Others
2605247EB85T6W,Selesai,233255928237107,2026-05-24 00:18:48,2026-05-28 17:12:23,2026-05-23 13:26:29,Yoomik,1770085838,Preferred(Non-CB),42179651810,"YOOMIK  Rak Pamor Akrilik dengan Tutup Lipat Multifungsi | Rak Penyimpanan untuk Gelas, Gelas Wine & Gelas Kopi | Organizer Meja",410709469425,Normal Product,,Perlengkapan Rumah,Organizer Rumah,Organizer Meja,118000,1,Komisi XTRA,,115640,,1.50%,1734.6,0.50%,578.2,2312.8,1734.6,578.2,2312.8,,0,0.00%,0,100.00%,2312.8,Selesai,,Pesanan dari Toko yang tidak Dipromosikan,Ada,multistorage,,,,,Others
