ID Pemesanan,Status Pesanan,Kode Pesanan Affiliate,Waktu Pemesanan,Waktu Terselesaikan,Waktu Klik,Nama Toko,ID Shop,Tipe toko.,ID Barang,Nama Barange,ID Model,Tipe Produk,ID Promosi,L1 Kategori Global,L2 Kategori Global,L3 Kategori Global,Harga(Rp),Jumlah,Tipe Penawaran,Kampanye Partnerr,Nilai Pembelian(Rp),Jumlah Pengembalian Dana(Rp),Persentase Komisi Shopee pada Produk,Komisi Barang Shopee(Rp),Persentase Komisi XTRA pada Produk,Komisi XTRA Produk(Rp),Total Komisi per Produk(Rp),Komisi Shopee per Pesanan(Rp),Komisi XTRA per Pesanan(Rp),Total Komisi per Pesanan(Rp),Nama MCN Terhubung,ID Kontrak MCN,Persentase Biaya Manajemen MCN,Biaya Manajemen MCN(Rp),Persentase Pembagian Komisi Affiliate,Komisi Bersih Affiliate (Rp),Status Produk Affiliate,Catatan Produk,Tipe Pesanan,Status Pemebelian,Tag_link1,Tag_link2,Tag_link3,Tag_link4,Tag_link5,Platform
2606033E5E63KK,Tertunda,234118294259257,2026-06-02 23:51:35,,2026-06-02 23:39:08,CORALDAISY Official Store,1384531049,Shopee Mall(Non-CB),27372570299,CORALDAISY Tas Wanita 2026 Terbaru Tas Selempang Shoulder Bag Fashion sling bag Rantai bag,390487655055,Normal Product,,Tas Wanita,Tas Selempang & Bahu Wanita,,213225,1,Komisi XTRA,,135824,,1.50%,2037.36,2.50%,3395.6,5432.96,2037.36,3395.6,5432.96,,0,0.00%,0,100.00%,5432.96,Tertunda,Pesanan sedang diproses. Komisi akan dikonfirmasi setelah pesanan selesai.,Pesanan dari Toko yang tidak Dipromosikan,Ada,Atayasetelankaosanak,,,,,Facebook
2606033DR2YMG0,Tertunda,234117847292363,2026-06-02 23:44:28,,2026-06-02 23:21:08,ARJUNA KIDS,36731604,Preferred(Non-CB),22060103312,ARJUNA CUSSONS Baby Minyak Telon Plus / Minyak Telon Bayi Cussons / Minyak Telon Bayi  KT4,49392775522,Normal Product,,Ibu & Bayi,Kesehatan Bayi,Perawatan Kulit Bayi,25999,1,Komisi XTRA,,25999,,1.50%,389.985,3.50%,909.965,1299.95,389.985,909.965,1299.95,,0,0.00%,0,100.00%,1299.95,Tertunda,Pesanan sedang diproses. Komisi akan dikonfirmasi setelah pesanan selesai.,Pesanan dari Toko yang tidak Dipromosikan,Ada,Atayasetelankaosanak,,,,,Facebook
2606033D6FBJTS,Tertunda,234117256293911,2026-06-02 23:34:37,,2026-06-02 13:13:11,desicreambath20,454378828,Preferred(Non-CB),20269630357,Paket Shampo & Conditioner Salon 250ml+250ml BPOM,117863307292,Normal Product,,Perawatan & Kecantikan,Perawatan Rambut,Kondisioner Rambut dan Kulit Kepala,28999,1,Komisi XTRA,,14499,,1.50%,217.485,5.00%,724.95,942.435,217.485,724.95,942.435,,0,0.00%,0,100.00%,942.435,Tertunda,Pesanan sedang diproses. Komisi akan dikonfirmasi setelah pesanan selesai.,Pesanan dari Toko yang tidak Dipromosikan,Ada,WallpaperDindingVinyl,,,,,Facebook
2606033D0AVBKS,Tertunda,234117049278087,2026-06-02 23:30:56,,2026-06-02 23:25:30,AVA COLLECTIONS,275381193,Preferred(Non-CB),42652784979,LIVE KODE F 01-50 crewneck polos-motif,285229534499,Normal Product,,Pakaian Pria,Hoodie & Sweatshirt,Sweatshirt,179999,1,Komisi Shopee,,169999,,1.50%,2549.985,0.00%,0,2549.985,2549.985,0,2549.985,,0,0.00%,0,100.00%,2549.985,Tertunda,Pesanan sedang diproses. Komisi akan dikonfirmasi setelah pesanan selesai.,Pesanan dari Toko yang tidak Dipromosikan,Ada,Atayasetelankaosanak,,,,,Facebook
2606033CFWCGNB,Tertunda,234116498250024,2026-06-02 23:21:39,,2026-06-02 22:36:25,isam_ps2,803218715,Preferred(Non-CB),23388223490,"Cantaxanthin 10% NHU (pigmen pemerah sejenis leader red, carophyll red) 50 gr",225894739867,Normal Product,,Hewan Peliharaan,Perawatan Kesehatan Hewan,Vitamin & Suplemen,46000,5,Komisi Shopee,,207000,,1.50%,3105,0.00%,0,3105,3105,0,3105,,0,0.00%,0,100.00%,3105,Tertunda,Pesanan sedang diproses. Komisi akan dikonfirmasi setelah pesanan selesai.,Pesanan dari Toko yang tidak Dipromosikan,Ada,rakdapur3,,,,,Facebook
2606033C4F5TBW,Tertunda,234116114251440,2026-06-02 23:15:15,,2026-06-02 22:40:25,ArabelleWear Indonesia,1043208370,C2C(Non-CB),50456992938,DIORA - SETELAN ANAK COUPLE 1-9 TAHUN/ ONE SET ANAK ADEM BAHAN RAYON MOTIF BUNGA HOMEDRESS,445692670436,Normal Product,,Fashion Bayi & Anak,Pakaian Anak Perempuan,Pakaian Anak Perempuan Lainnya,69500,1,Komisi XTRA,,69500,,0.00%,0,2.50%,1737.5,1737.5,0,1737.5,1737.5,,0,0.00%,0,100.00%,1737.5,Tertunda,Pesanan sedang diproses. Komisi akan dikonfirmasi setelah pesanan selesai.,Pesanan dari Toko yang tidak Dipromosikan,Ada,Atayasetelankaosanak,,,,,Facebook
2606033BYDYYQY,Tertunda,234115945243512,2026-06-02 23:12:30,,2026-06-02 23:10:33,Nabila25collection,237168819,Preferred(Non-CB),43180958467,ONE SET ANAK VIRAL MOTIP GAJAH KICAU MANIA USIA 2-12 TAHUN  SETELAN ANAK PEREMPUAN,420934589213,Normal Product,,Fashion Bayi & Anak,Pakaian Anak Perempuan,Jas & Setelan,60000,1,Komisi Shopee,,57000,,1.50%,855,0.00%,0,855,855,0,855,,0,0.00%,0,100.00%,855,Tertunda,Pesanan sedang diproses. Komisi akan dikonfirmasi setelah pesanan selesai.,Pesanan dari Toko yang tidak Dipromosikan,Ada,Atayasetelankaosanak,,,,,Facebook
2606033BWNR1BS,Tertunda,234115886262510,2026-06-02 23:11:26,,2026-06-02 20:14:20,Amicaa,1480970623,Preferred(Non-CB),28781896506,Amicaa - Sweatpants Loose Highwaist Celana Panjang Daily Wanita Nyaman Soft Lembut Tebal,380051148253,Normal Product,,Pakaian Wanita,Celana Panjang & Legging,Celana Panjang,60000,1,Komisi XTRA,,48556,,1.50%,728.34,5.00%,2427.8,3156.14,728.34,2427.8,3156.14,,0,0.00%,0,100.00%,3156.14,Tertunda,Pesanan sedang diproses. Komisi akan dikonfirmasi setelah pesanan selesai.,Pesanan dari Toko yang tidak Dipromosikan,Ada,WallpaperDindingVinyl,,,,,Instagram
2606033BKS583R,Tertunda,234115555292108,2026-06-02 23:06:16,,2026-06-02 23:01:04,Senka by FineToday Official,138850166,Shopee Mall(Non-CB),20208140039,SENKA Perfect Whip Acne Care Facial Foam 100gr [FS],154710700950,Normal Product,,Perawatan & Kecantikan,Perawatan Wajah,Pembersih Wajah,83260,1,Komisi XTRA,,83260,,1.50%,1248.9,5.00%,4163,5411.9,1248.9,4163,5411.9,,0,0.00%,0,100.00%,5411.9,Tertunda,Pesanan sedang diproses. Komisi akan dikonfirmasi setelah pesanan selesai.,Pesanan dari Toko yang tidak Dipromosikan,Ada,Atayasetelankaosanak,,,,,Facebook
2606033BJ5MK0G,Tertunda,234115500273905,2026-06-02 23:05:07,,2026-06-01 17:45:03,Olike Official Shop,59414059,Shopee Mall(Non-CB),26774187054,[Best Selling] Olike Super Bass Mini TWS T114 lite Wireless Earphone Headset Bluetooth 6.0 IPX4,233735880428,Normal Product,,Audio,"Earphone, Headphone, & Headset",,112000,2,Komisi XTRA,,196293,,0.50%,981.465,2.50%,4907.325,5888.79,1962.93,9814.65,11777.58,,0,0.00%,0,100.00%,11777.58,Tertunda,Pesanan sedang diproses. Komisi akan dikonfirmasi setelah pesanan selesai.,Pesanan dari Toko yang tidak Dipromosikan,Ada,Atayasetelankaosanak,,,,,Facebook
2606033BJ5MK0G,Tertunda,234115500273905,2026-06-02 23:05:07,,2026-06-01 17:45:03,Olike Official Shop,59414059,Shopee Mall(Non-CB),26774187054,[Best Selling] Olike Super Bass Mini TWS T114 lite Wireless Earphone Headset Bluetooth 6.0 IPX4,157656989774,Normal Product,,Audio,"Earphone, Headphone, & Headset",,112000,2,Komisi XTRA,,196293,,0.50%,981.465,2.50%,4907.325,5888.79,0,0,0,,0,0.00%,0,100.00%,0,Tertunda,Pesanan sedang diproses. Komisi akan dikonfirmasi setelah pesanan selesai.,Pesanan dari Toko yang tidak Dipromosikan,Ada,Atayasetelankaosanak,,,,,Facebook
2606023APQA2V2,Tertunda,234114579271292,2026-06-02 22:49:47,,2026-06-02 22:40:32,Megah Sakti Official Store,149492840,Shopee Mall(Non-CB),7545229826,Megah Sakti - Cod Liver Oil Cap Ikan Paus - Suplemen Kesehatan Tubuh Minyak Ikan,60514927957,Normal Product,,Kesehatan,Suplemen Makanan,Kesejahteraan,23000,1,Komisi XTRA,,23000,,1.50%,345,0.50%,115,460,345,115,460,,0,0.00%,0,100.00%,460,Tertunda,Pesanan sedang diproses. Komisi akan dikonfirmasi setelah pesanan selesai.,Pesanan dari Toko yang tidak Dipromosikan,Ada,Atayasetelankaosanak,,,,,Facebook
2606023AP8XE90,Tertunda,234114564218063,2026-06-02 22:49:24,,2026-06-02 22:42:08,Ula_Cobra01,608232887,C2C(Non-CB),28141183276,PROMO TERLARIS!! 6 Pcs Miniset Remaja Termurah/Miniset SD/SMP Usia 7-14Tahun/ Bra Remaja/Bra Termurah/Bra Cewek,287062858145,Normal Product,,Fashion Bayi & Anak,Pakaian Anak Perempuan,Pakaian Dalam,24500,1,Komisi XTRA,,20500,,0.00%,0,5.00%,1025,1025,0,1025,1025,,0,0.00%,0,100.00%,1025,Tertunda,Pesanan sedang diproses. Komisi akan dikonfirmasi setelah pesanan selesai.,Pesanan dari Toko yang tidak Dipromosikan,Ada,Atayasetelankaosanak,,,,,Facebook
2606023ANRSHC2,Tertunda,234114547276776,2026-06-02 22:49:14,,2026-06-02 22:37:39,samawa_grosir,536898082,C2C(Non-CB),51858518742,Motif Abstrak - Celana Panjang Wanita Baggy Kantor Kuliah - Kulot Pinstripe - Celana Formal Casual,272521470257,Normal Product,,Pakaian Wanita,Celana Panjang & Legging,Celana Panjang,26999,1,Komisi Shopee,,23680,,0.00%,0,0.00%,0,0,0,0,0,,0,0.00%,0,100.00%,0,Tertunda,Pesanan sedang diproses. Komisi akan dikonfirmasi setelah pesanan selesai.,Pesanan dari Toko yang tidak Dipromosikan,Ada,Atayasetelankaosanak,,,,,Facebook
2606023ANRSHC2,Tertunda,234114547276776,2026-06-02 22:49:14,,2026-06-02 22:37:39,samawa_grosir,536898082,C2C(Non-CB),51858518742,Motif Abstrak - Celana Panjang Wanita Baggy Kantor Kuliah - Kulot Pinstripe - Celana Formal Casual,272521470264,Normal Product,,Pakaian Wanita,Celana Panjang & Legging,Celana Panjang,26999,1,Komisi Shopee,,23680,,0.00%,0,0.00%,0,0,0,0,0,,0,0.00%,0,100.00%,0,Tertunda,Pesanan sedang diproses. Komisi akan dikonfirmasi setelah pesanan selesai.,Pesanan dari Toko yang tidak Dipromosikan,Ada,Atayasetelankaosanak,,,,,Facebook
2606023A8P401X,Tertunda,234114108268697,2026-06-02 22:41:49,,2026-06-02 22:35:07,UMP SHOP,185038613,Preferred(Non-CB),14150070948,BAUT SETELAN LANGSAM BEAT FI BEAT POP VARIO 110 VARIO 125 VARIO 150 BAUT STELAN LANSAM BEAT FI,124104364000,Normal Product,,Sepeda Motor,Suku Cadang Motor,Suku Cadang Motor Lainnya,3000,2,Komisi XTRA,,0,,1.50%,0,1.00%,0,0,0,0,0,,0,0.00%,0,100.00%,0,Tertunda,Pesanan sedang diproses. Komisi akan dikonfirmasi setelah pesanan selesai.,Pesanan dari Toko yang tidak Dipromosikan,Ada,WallpaperDindingVinyl,,,,,Facebook
2606023A4WXUV9,Tertunda,234113982275864,2026-06-02 22:39:49,,2026-06-02 22:25:32,Tiga Putra sentral teknik,1337920916,Preferred(Non-CB),27226963644,"Engsel Pintu 4 Inch Tebal Silver Gomeo – Anti Karat.Untuk Jendela, Pintu Kayu & Aluminium",257693300670,Normal Product,,Perlengkapan Rumah,Alat Pertukangan & Renovasi Rumah,Pintu & Jendela,218000,1,Komisi XTRA,,196200,,1.50%,2943,3.50%,6867,9810,2943,6867,9810,,0,0.00%,0,100.00%,9810,Tertunda,Pesanan sedang diproses. Komisi akan dikonfirmasi setelah pesanan selesai.,Pesanan dari Toko yang tidak Dipromosikan,Ada,Atayasetelankaosanak,,,,,Facebook
2606023A1PVWVJ,Tertunda,234113874205105,2026-06-02 22:37:55,,2026-06-02 22:30:01,NajwaFashionMuslim,67693195,Preferred(Non-CB),26662594053,Najwa - Ataya Setelan Kaos Anak Perempuan Karakter Digital Printing Terlaris / Fashion Oneset Baju Pendek & Celana / Rok Pendek ,385924425681,Normal Product,,Fashion Bayi & Anak,Pakaian Anak Perempuan,Jas & Setelan,29890,1,Komisi XTRA,,29890,,1.50%,448.35,10.00%,2989,3437.35,448.35,2989,3437.35,,0,0.00%,0,100.00%,3437.35,Tertunda,Pesanan sedang diproses. Komisi akan dikonfirmasi setelah pesanan selesai.,Pesanan Produk dari Toko yang Dipromosikan,Ada,Atayasetelankaosanak,,,,,Facebook
2606023A0D0KRW,Tertunda,234113830282700,2026-06-02 22:37:12,,2026-06-02 22:28:06,Jestham Official Store ,4703852,Shopee Mall(Non-CB),28870781748,Jestham Flawless Facial Wash All Skin Type,237155889919,Normal Product,,Perawatan & Kecantikan,Perawatan Wajah,Pembersih Wajah,39999,1,Komisi XTRA,,39999,,1.50%,599.985,5.00%,1999.95,2599.935,599.985,1999.95,2599.935,,0,0.00%,0,100.00%,2599.935,Tertunda,Pesanan sedang diproses. Komisi akan dikonfirmasi setelah pesanan selesai.,Pesanan dari Toko yang tidak Dipromosikan,Ada,Atayasetelankaosanak,,,,,Facebook
26060239N4FUTM,Tertunda,234113452243922,2026-06-02 22:30:56,,2026-06-02 22:24:36,NaturalBeauty2023,1039049680,Preferred(Non-CB),29076777467,Dapat 5 Botol Parfum Anak Kiddy Series Blessing Treasure 30mL Eau De Cologne Tahan Lama,195802196580,Normal Product,,Ibu & Bayi,Perlengkapan Mandi,Parfum Bayi,24555,1,Komisi XTRA,,24555,,1.50%,368.325,4.00%,982.2,1350.525,368.325,982.2,1350.525,,0,0.00%,0,100.00%,1350.525,Tertunda,Pesanan sedang diproses. Komisi akan dikonfirmasi setelah pesanan selesai.,Pesanan dari Toko yang tidak Dipromosikan,Ada,Atayasetelankaosanak,,,,,Facebook
260602397BVCDE,Tertunda,234112990230590,2026-06-02 22:23:10,,2026-06-02 17:12:26,hokiflix,391189127,C2C(Non-CB),29969617203,NETFLXXX 3BULAN MURAH ANTI HOLD TANPA VPN ULTRA HD [FULL GARANSI],257176628504,Normal Product,,Komputer & Aksesoris,Software,,25850,1,Komisi XTRA,,25850,,0.00%,0,0.50%,129.25,129.25,0,129.25,129.25,,0,0.00%,0,100.00%,129.25,Tertunda,Pesanan sedang diproses. Komisi akan dikonfirmasi setelah pesanan selesai.,Pesanan dari Toko yang tidak Dipromosikan,Ada,WallpaperDindingVinyl,,,,,Instagram
260602390Q8V5X,Tertunda,234112768296751,2026-06-02 22:19:49,,2026-06-02 15:36:27,Adinda Home Art,114451931,Preferred(Non-CB),17701041507,Rak kayu serbaguna/rak bumbu serbaguna/hiasan dinding,146516981256,Normal Product,,Perlengkapan Rumah,Perlengkapan Dapur,Rak Dapur,52500,1,Komisi Shopee,,48500,,1.50%,727.5,0.00%,0,727.5,727.5,0,727.5,,0,0.00%,0,100.00%,727.5,Tertunda,Pesanan sedang diproses. Komisi akan dikonfirmasi setelah pesanan selesai.,Pesanan dari Toko yang tidak Dipromosikan,Ada,rakdapur3,,,,,Facebook
2606023913K6HP,Tertunda,234112780221305,2026-06-02 22:19:41,,2026-06-02 22:09:45,alfinsandang,17821964,Preferred(Non-CB),25566218802,Kelambu Kotak Polos Jumbo Ukuran 180 x 200,250397078928,Normal Product,,Perlengkapan Rumah,Kamar Tidur,Kelambu,37900,1,Komisi XTRA,,36005,,1.50%,540.075,1.50%,540.075,1080.15,540.075,540.075,1080.15,,0,0.00%,0,100.00%,1080.15,Tertunda,Pesanan sedang diproses. Komisi akan dikonfirmasi setelah pesanan selesai.,Pesanan dari Toko yang tidak Dipromosikan,Ada,Atayasetelankaosanak,,,,,Facebook
26060238JQWMQH,Tertunda,234112298215719,2026-06-02 22:11:38,,2026-06-02 22:09:38,Lightstore.01,371940233,Preferred(Non-CB),45810333106,Setelan Anak Perempuan Terbaru Celana Salur Renda Motif Gadis Bahan Babyterry Tersedia Usia 1 sampai 10 tahun,395906268835,Normal Product,,Fashion Bayi & Anak,Pakaian Anak Perempuan,Bawahan,69750,1,Komisi XTRA,,66744,,1.50%,1001.16,5.00%,3337.2,4338.36,1001.16,3337.2,4338.36,,0,0.00%,0,100.00%,4338.36,Tertunda,Pesanan sedang diproses. Komisi akan dikonfirmasi setelah pesanan selesai.,Pesanan dari Toko yang tidak Dipromosikan,Ada,Atayasetelankaosanak,,,,,Facebook
26060238G2377M,Tertunda,234112208223093,2026-06-02 22:10:08,,2026-06-02 21:19:47,Sigma Farm,16112062,Preferred(Non-CB),23152403016,"Paket-paket benih 25 jenis, 20 jenis, 15 jenis, 10 jenis Sayuran Daun dan Sayuran Buah",295947150310,Normal Product,,Perlengkapan Rumah,Taman,Bibit & Umbi,11700,1,Komisi Shopee,,11700,,1.50%,175.5,0.00%,0,175.5,175.5,0,175.5,,0,0.00%,0,100.00%,175.5,Tertunda,Pesanan sedang diproses. Komisi akan dikonfirmasi setelah pesanan selesai.,Pesanan dari Toko yang tidak Dipromosikan,Ada,rakdapur3,,,,,Others
26060238BRTTXY,Tertunda,234112065291673,2026-06-02 22:08:06,,2026-06-02 21:24:50,apriliasbyaurora,406345491,Preferred(Non-CB),24937040210,AZARA JILBAB OSKARA SYARI METAL LOGO HIJAB JUMBO 130X130CM LASERCUT KERUDUNG SEGI EMPAT JUMBO,207876700800,Normal Product,,Fashion Muslim,Pakaian Muslim Wanita,Hijab,22987,1,Komisi XTRA,,22987,,1.50%,344.805,1.00%,229.87,574.675,344.805,229.87,574.675,,0,0.00%,0,100.00%,574.675,Tertunda,Pesanan sedang diproses. Komisi akan dikonfirmasi setelah pesanan selesai.,Pesanan dari Toko yang tidak Dipromosikan,Ada,Atayasetelankaosanak,,,,,Facebook
260602385EJPUF,Tertunda,234111852215574,2026-06-02 22:04:12,,2026-06-02 21:59:13,Goojodoq Authorized Store Surabaya,1412347694,Preferred(Non-CB),40157013745,[GOOJODOQ × nailoong]GFS002 Kipas senter/ 4000mAh High-speed kipas 100 Gear Wind kipas angin Digital Display Adjustable Turbo ki,280595626135,Normal Product,,Handphone & Aksesoris,Aksesoris,Kipas USB,184530,1,Komisi XTRA,,136669,,0.50%,683.345,4.00%,5466.76,6150.105,683.345,5466.76,6150.105,,0,0.00%,0,100.00%,6150.105,Tertunda,Pesanan sedang diproses. Komisi akan dikonfirmasi setelah pesanan selesai.,Pesanan dari Toko yang tidak Dipromosikan,Ada,Atayasetelankaosanak,,,,,Facebook
26060237MA99RM,Tertunda,234111277281913,2026-06-02 21:54:39,,2026-06-02 21:47:40,VJ RUMAH BUNGA,46083996,Preferred(Non-CB),40179024884,Benih seribuan Best Seller Benih Bibit Sayur Seribuan,365604785732,Normal Product,,Perlengkapan Rumah,Taman,Bibit & Umbi,1000,5,Komisi XTRA,,5000,,1.50%,75,8.00%,400,475,390,2080,2470,,0,0.00%,0,100.00%,2470,Tertunda,Pesanan sedang diproses. Komisi akan dikonfirmasi setelah pesanan selesai.,Pesanan Produk dari Toko yang Dipromosikan,Ada,benihsayuran,,,,,Others
26060237MA99RM,Tertunda,234111277281913,2026-06-02 21:54:39,,2026-06-02 21:47:40,VJ RUMAH BUNGA,46083996,Preferred(Non-CB),40179024884,Benih seribuan Best Seller Benih Bibit Sayur Seribuan,365604785735,Normal Product,,Perlengkapan Rumah,Taman,Bibit & Umbi,1000,2,Komisi XTRA,,2000,,1.50%,30,8.00%,160,190,0,0,0,,0,0.00%,0,100.00%,0,Tertunda,Pesanan sedang diproses. Komisi akan dikonfirmasi setelah pesanan selesai.,Pesanan Produk dari Toko yang Dipromosikan,Ada,benihsayuran,,,,,Others
26060237MA99RM,Tertunda,234111277281913,2026-06-02 21:54:39,,2026-06-02 21:47:40,VJ RUMAH BUNGA,46083996,Preferred(Non-CB),40179024884,Benih seribuan Best Seller Benih Bibit Sayur Seribuan,365604785738,Normal Product,,Perlengkapan Rumah,Taman,Bibit & Umbi,1000,2,Komisi XTRA,,2000,,1.50%,30,8.00%,160,190,0,0,0,,0,0.00%,0,100.00%,0,Tertunda,Pesanan sedang diproses. Komisi akan dikonfirmasi setelah pesanan selesai.,Pesanan Produk dari Toko yang Dipromosikan,Ada,benihsayuran,,,,,Others
26060237MA99RM,Tertunda,234111277281913,2026-06-02 21:54:39,,2026-06-02 21:47:40,VJ RUMAH BUNGA,46083996,Preferred(Non-CB),40179024884,Benih seribuan Best Seller Benih Bibit Sayur Seribuan,208811295102,Normal Product,,Perlengkapan Rumah,Taman,Bibit & Umbi,1000,2,Komisi XTRA,,2000,,1.50%,30,8.00%,160,190,0,0,0,,0,0.00%,0,100.00%,0,Tertunda,Pesanan sedang diproses. Komisi akan dikonfirmasi setelah pesanan selesai.,Pesanan Produk dari Toko yang Dipromosikan,Ada,benihsayuran,,,,,Others
26060237MA99RM,Tertunda,234111277281913,2026-06-02 21:54:39,,2026-06-02 21:47:40,VJ RUMAH BUNGA,46083996,Preferred(Non-CB),40179024884,Benih seribuan Best Seller Benih Bibit Sayur Seribuan,208811295104,Normal Product,,Perlengkapan Rumah,Taman,Bibit & Umbi,1000,2,Komisi XTRA,,2000,,1.50%,30,8.00%,160,190,0,0,0,,0,0.00%,0,100.00%,0,Tertunda,Pesanan sedang diproses. Komisi akan dikonfirmasi setelah pesanan selesai.,Pesanan Produk dari Toko yang Dipromosikan,Ada,benihsayuran,,,,,Others
26060237MA99RM,Tertunda,234111277281913,2026-06-02 21:54:39,,2026-06-02 21:47:40,VJ RUMAH BUNGA,46083996,Preferred(Non-CB),40179024884,Benih seribuan Best Seller Benih Bibit Sayur Seribuan,208811295105,Normal Product,,Perlengkapan Rumah,Taman,Bibit & Umbi,1000,2,Komisi XTRA,,2000,,1.50%,30,8.00%,160,190,0,0,0,,0,0.00%,0,100.00%,0,Tertunda,Pesanan sedang diproses. Komisi akan dikonfirmasi setelah pesanan selesai.,Pesanan Produk dari Toko yang Dipromosikan,Ada,benihsayuran,,,,,Others
26060237MA99RM,Tertunda,234111277281913,2026-06-02 21:54:39,,2026-06-02 21:47:40,VJ RUMAH BUNGA,46083996,Preferred(Non-CB),40179024884,Benih seribuan Best Seller Benih Bibit Sayur Seribuan,208811295113,Normal Product,,Perlengkapan Rumah,Taman,Bibit & Umbi,1000,1,Komisi XTRA,,1000,,1.50%,15,8.00%,80,95,0,0,0,,0,0.00%,0,100.00%,0,Tertunda,Pesanan sedang diproses. Komisi akan dikonfirmasi setelah pesanan selesai.,Pesanan Produk dari Toko yang Dipromosikan,Ada,benihsayuran,,,,,Others
26060237MA99RM,Tertunda,234111277281913,2026-06-02 21:54:39,,2026-06-02 21:47:40,VJ RUMAH BUNGA,46083996,Preferred(Non-CB),40179024884,Benih seribuan Best Seller Benih Bibit Sayur Seribuan,365604785729,Normal Product,,Perlengkapan Rumah,Taman,Bibit & Umbi,1000,10,Komisi XTRA,,10000,,1.50%,150,8.00%,800,950,0,0,0,,0,0.00%,0,100.00%,0,Tertunda,Pesanan sedang diproses. Komisi akan dikonfirmasi setelah pesanan selesai.,Pesanan Produk dari Toko yang Dipromosikan,Ada,benihsayuran,,,,,Others
26060237JUJA10,Tertunda,234111229292027,2026-06-02 21:54:10,,2026-06-02 21:38:52,Lexander Fashion,86041563,Preferred(Non-CB),40227381751,Lexander Fashion Setelan Anak Cowok Cewek Gambar Terbaru Kartun Trending Viral Boboiboy Frostfire,282270239202,Normal Product,,Fashion Bayi & Anak,Pakaian Anak Laki-Laki,Jas & Setelan,25300,1,Komisi XTRA,,22091,,1.50%,331.365,0.50%,110.455,441.82,662.715,220.905,883.62,,0,0.00%,0,100.00%,883.62,Tertunda,Pesanan sedang diproses. Komisi akan dikonfirmasi setelah pesanan selesai.,Pesanan dari Toko yang tidak Dipromosikan,Ada,Atayasetelankaosanak,,,,,Facebook
26060237JUJA10,Tertunda,234111229292027,2026-06-02 21:54:10,,2026-06-02 21:38:52,Lexander Fashion,86041563,Preferred(Non-CB),40227381751,Lexander Fashion Setelan Anak Cowok Cewek Gambar Terbaru Kartun Trending Viral Boboiboy Frostfire,375323510219,Normal Product,,Fashion Bayi & Anak,Pakaian Anak Laki-Laki,Jas & Setelan,25300,1,Komisi XTRA,,22090,,1.50%,331.35,0.50%,110.45,441.8,0,0,0,,0,0.00%,0,100.00%,0,Tertunda,Pesanan sedang diproses. Komisi akan dikonfirmasi setelah pesanan selesai.,Pesanan dari Toko yang tidak Dipromosikan,Ada,Atayasetelankaosanak,,,,,Facebook
26060237FB0D62,Tertunda,234111110275710,2026-06-02 21:51:58,,2026-06-02 21:08:00,Galery Tas Bandung,286928127,Preferred(Non-CB),19791090905,Tas Ransel Sekolah Anak TK Sd Dino Tas Ransel Anak Laki-Laki Terbaru,231836228067,Normal Product,,Fashion Bayi & Anak,Aksesoris Bayi & Anak,Tas & Koper,53000,1,Komisi XTRA,,53000,,1.50%,795,3.50%,1855,2650,795,1855,2650,,0,0.00%,0,100.00%,2650,Tertunda,Pesanan sedang diproses. Komisi akan dikonfirmasi setelah pesanan selesai.,Pesanan dari Toko yang tidak Dipromosikan,Ada,Atayasetelankaosanak,,,,,Facebook
260602374U81SG,Tertunda,234110758205361,2026-06-02 21:45:58,,2026-06-01 09:00:32,Sibu Beauty,1364173925,Preferred(Non-CB),27114587276,100% Original Shampo Penghitam Rambut Uban Menjadi Hitam Permanen Sampo Penghilang Uban Shampoo Uban Menjadi Hitam Black Herbal ,99667945591,Normal Product,,Perawatan & Kecantikan,Perawatan Rambut,Shampo,60580,1,Komisi XTRA,,60580,,1.50%,908.7,4.00%,2423.2,3331.9,908.7,2423.2,3331.9,,0,0.00%,0,100.00%,3331.9,Tertunda,Pesanan sedang diproses. Komisi akan dikonfirmasi setelah pesanan selesai.,Pesanan dari Toko yang tidak Dipromosikan,Ada,rakdapur3,,,,,Instagram
26060236W836VX,Tertunda,234110503238354,2026-06-02 21:41:43,,2026-06-02 21:23:02,sukostyle,60893130,Preferred(Non-CB),26601299363,Inner Basic Turki/Ciput Kaos Premium,232843787317,Normal Product,,Fashion Muslim,Pakaian Muslim Wanita,Hijab,13800,1,Komisi XTRA,,13800,,1.50%,207,3.50%,483,690,414,966,1380,,0,0.00%,0,100.00%,1380,Tertunda,Pesanan sedang diproses. Komisi akan dikonfirmasi setelah pesanan selesai.,Pesanan dari Toko yang tidak Dipromosikan,Ada,Atayasetelankaosanak,,,,,Facebook
26060236W836VX,Tertunda,234110503238354,2026-06-02 21:41:43,,2026-06-02 21:23:02,sukostyle,60893130,Preferred(Non-CB),26601299363,Inner Basic Turki/Ciput Kaos Premium,241932102163,Normal Product,,Fashion Muslim,Pakaian Muslim Wanita,Hijab,13800,1,Komisi XTRA,,13800,,1.50%,207,3.50%,483,690,0,0,0,,0,0.00%,0,100.00%,0,Tertunda,Pesanan sedang diproses. Komisi akan dikonfirmasi setelah pesanan selesai.,Pesanan dari Toko yang tidak Dipromosikan,Ada,Atayasetelankaosanak,,,,,Facebook
26060236VN20D0,Tertunda,234110483273078,2026-06-02 21:41:30,,2026-06-02 21:39:47,KIDDY.ID,13435405,C2C(Non-CB),42528715699,NOTA 2 Pakaian Anak import KIDDY.ID,440553670507,Normal Product,,Fashion Bayi & Anak,Fashion Bayi & Anak Lainnya,,35900,1,Komisi Shopee,,35900,,0.00%,0,0.00%,0,0,0,0,0,,0,0.00%,0,100.00%,0,Tertunda,Pesanan sedang diproses. Komisi akan dikonfirmasi setelah pesanan selesai.,Pesanan dari Toko yang tidak Dipromosikan,Ada,Atayasetelankaosanak,,,,,Facebook
26060236VRSVQU,Tertunda,234110487205339,2026-06-02 21:41:28,,2026-06-02 21:37:26,Kormesic Official Store,1492098465,Shopee Mall(Non-CB),44103314448,Kormesic Shampoo Keratin Anti Hair Loss 240gr,188543861043,Normal Product,,Perawatan & Kecantikan,Perawatan Rambut,Shampo,18315,1,Komisi XTRA,,18315,,1.50%,274.725,0.50%,91.575,366.3,274.725,91.575,366.3,,0,0.00%,0,100.00%,366.3,Tertunda,Pesanan sedang diproses. Komisi akan dikonfirmasi setelah pesanan selesai.,Pesanan dari Toko yang tidak Dipromosikan,Ada,Atayasetelankaosanak,,,,,Facebook
26060236U6B9T8,Tertunda,234110435290352,2026-06-02 21:40:56,,2026-06-02 14:38:26,babylex,148738214,Preferred(Non-CB),25229614111,OMO! Krispy - O Snack Bayi / Puff Crunchies bayi / Cemilan MPASI Tanpa Pengawet / Cereal Choco Dino,226317146569,Normal Product,,Ibu & Bayi,Susu Formula & Makanan Bayi,Camilan Bayi,7930,1,Komisi XTRA,,7817,,1.50%,117.255,0.50%,39.085,156.34,513.66,171.22,684.88,,0,0.00%,0,100.00%,684.88,Tertunda,Pesanan sedang diproses. Komisi akan dikonfirmasi setelah pesanan selesai.,Pesanan dari Toko yang tidak Dipromosikan,Ada,rakdapur3,,,,,Others
26060236U6B9T8,Tertunda,234110435290352,2026-06-02 21:40:56,,2026-06-02 14:38:26,babylex,148738214,Preferred(Non-CB),25229614111,OMO! Krispy - O Snack Bayi / Puff Crunchies bayi / Cemilan MPASI Tanpa Pengawet / Cereal Choco Dino,226317146573,Normal Product,,Ibu & Bayi,Susu Formula & Makanan Bayi,Camilan Bayi,7930,1,Komisi XTRA,,7815,,1.50%,117.225,0.50%,39.075,156.3,0,0,0,,0,0.00%,0,100.00%,0,Tertunda,Pesanan sedang diproses. Komisi akan dikonfirmasi setelah pesanan selesai.,Pesanan dari Toko yang tidak Dipromosikan,Ada,rakdapur3,,,,,Others
26060236U6B9T8,Tertunda,234110435290352,2026-06-02 21:40:56,,2026-06-02 14:38:26,babylex,148738214,Preferred(Non-CB),9326270490,Biskuit SUN Marie Susu (UNTUK BAYI USIA DIATAS 6 BULAN) / BISKUIT MARIE SUSU,36031897130,Normal Product,,Ibu & Bayi,Susu Formula & Makanan Bayi,Camilan Bayi,9442,2,Komisi XTRA,,18612,,1.50%,279.18,0.50%,93.06,372.24,0,0,0,,0,0.00%,0,100.00%,0,Tertunda,Pesanan sedang diproses. Komisi akan dikonfirmasi setelah pesanan selesai.,Pesanan dari Toko yang tidak Dipromosikan,Ada,rakdapur3,,,,,Others
26060236UHRBJW,Tertunda,234110446250016,2026-06-02 21:40:46,,2026-06-01 18:24:46,Luxury Party,312575142,Preferred(Non-CB),48055638969,Taplak Meja Tamu Bulat Premium Ukuran 38cm / Taplak Meja Bulat Gold dan Rose Gold Bahan PVC / D7A,380508865451,Normal Product,,Perlengkapan Rumah,Dekorasi,Taplak Meja,9900,1,Komisi XTRA,,9900,,1.50%,148.5,0.50%,49.5,198,148.5,49.5,198,,0,0.00%,0,100.00%,198,Tertunda,Pesanan sedang diproses. Komisi akan dikonfirmasi setelah pesanan selesai.,Pesanan dari Toko yang tidak Dipromosikan,Ada,Atayasetelankaosanak,,,,,Facebook
26060236TSW9MP,Tertunda,234110421257028,2026-06-02 21:40:21,,2026-06-02 21:37:41,NajwaFashionMuslim,67693195,Preferred(Non-CB),26662594053,Najwa - Ataya Setelan Kaos Anak Perempuan Karakter Digital Printing Terlaris / Fashion Oneset Baju Pendek & Celana / Rok Pendek ,385924425678,Normal Product,,Fashion Bayi & Anak,Pakaian Anak Perempuan,Jas & Setelan,30890,1,Komisi XTRA,,26890,,1.50%,403.35,10.00%,2689,3092.35,403.35,2689,3092.35,,0,0.00%,0,100.00%,3092.35,Tertunda,Pesanan sedang diproses. Komisi akan dikonfirmasi setelah pesanan selesai.,Pesanan Produk dari Toko yang Dipromosikan,Ada,Atayasetelankaosanak,,,,,Facebook
26060236AK464C,Tertunda,234109877273450,2026-06-02 21:31:24,,2026-06-02 21:28:14,Nabila25collection,237168819,Preferred(Non-CB),43180958467,ONE SET ANAK VIRAL MOTIP GAJAH KICAU MANIA USIA 2-12 TAHUN  SETELAN ANAK PEREMPUAN,420934589199,Normal Product,,Fashion Bayi & Anak,Pakaian Anak Perempuan,Jas & Setelan,50000,1,Komisi Shopee,,47500,,1.50%,712.5,0.00%,0,712.5,1638.75,0,1638.75,,0,0.00%,0,100.00%,1638.75,Tertunda,Pesanan sedang diproses. Komisi akan dikonfirmasi setelah pesanan selesai.,Pesanan dari Toko yang tidak Dipromosikan,Ada,Atayasetelankaosanak,,,,,Facebook
26060236AK464C,Tertunda,234109877273450,2026-06-02 21:31:24,,2026-06-02 21:28:14,Nabila25collection,237168819,Preferred(Non-CB),43180958467,ONE SET ANAK VIRAL MOTIP GAJAH KICAU MANIA USIA 2-12 TAHUN  SETELAN ANAK PEREMPUAN,420934589214,Normal Product,,Fashion Bayi & Anak,Pakaian Anak Perempuan,Jas & Setelan,65000,1,Komisi Shopee,,61750,,1.50%,926.25,0.00%,0,926.25,0,0,0,,0,0.00%,0,100.00%,0,Tertunda,Pesanan sedang diproses. Komisi akan dikonfirmasi setelah pesanan selesai.,Pesanan dari Toko yang tidak Dipromosikan,Ada,Atayasetelankaosanak,,,,,Facebook
260602369GQEMD,Tertunda,234109841205640,2026-06-02 21:30:41,,2026-06-02 13:07:10,ASAPAN PANTURA LA.,1016771621,C2C(Non-CB),45108237224,Ikan SALEM Asapan Khas Pantura Lamongan. Harga per paket (3 ekor),330730123696,Normal Product,,Makanan & Minuman,Makanan Instan,Makanan Siap Saji,25000,2,Komisi Shopee,,50000,,0.00%,0,0.00%,0,0,0,0,0,,0,0.00%,0,100.00%,0,Tertunda,Pesanan sedang diproses. Komisi akan dikonfirmasi setelah pesanan selesai.,Pesanan dari Toko yang tidak Dipromosikan,Ada,rakdapur3,,,,,Facebook
260602369GQEMD,Tertunda,234109841205640,2026-06-02 21:30:41,,2026-06-02 13:07:10,ASAPAN PANTURA LA.,1016771621,C2C(Non-CB),57208222107,Ikan PARI/PE Asapan Khas Pantura Lamongan. Harga per paket (2 potong / 1 ekor),440730183323,Normal Product,,Makanan & Minuman,Makanan Segar & Beku,Seafood,21000,2,Komisi Shopee,,42000,,0.00%,0,0.00%,0,0,0,0,0,,0,0.00%,0,100.00%,0,Tertunda,Pesanan sedang diproses. Komisi akan dikonfirmasi setelah pesanan selesai.,Pesanan dari Toko yang tidak Dipromosikan,Ada,rakdapur3,,,,,Facebook
260602369GQEMC,Tertunda,234109841205640,2026-06-02 21:30:41,,2026-06-02 13:07:10,HAYS FOOD,275117387,Preferred(Non-CB),17625512557,Almond Iris Panggang 250 GRAM / Roasted Sliced Almond 250 GRAM - HAYS,124730070225,Normal Product,,Makanan & Minuman,Makanan Ringan,Kacang,88900,1,Komisi XTRA,,78669,,1.50%,1180.035,0.50%,393.345,1573.38,1180.035,393.345,1573.38,,0,0.00%,0,100.00%,1573.38,Tertunda,Pesanan sedang diproses. Komisi akan dikonfirmasi setelah pesanan selesai.,Pesanan dari Toko yang tidak Dipromosikan,Ada,rakdapur3,,,,,Facebook
260602367X7AMN,Tertunda,234109788243778,2026-06-02 21:29:52,,2026-06-02 21:20:43,agryparts73,178259423,Preferred(Non-CB),28670665554,Knob Knop Kompor Miyako 302 C Original (Harga Satuan),223586319869,Normal Product,,Elektronik,Perangkat Dapur,Kompor & Regulator Gas,27500,1,Komisi Shopee,,27450,,0.50%,137.25,0.00%,0,137.25,137.25,0,137.25,,0,0.00%,0,100.00%,137.25,Tertunda,Pesanan sedang diproses. Komisi akan dikonfirmasi setelah pesanan selesai.,Pesanan dari Toko yang tidak Dipromosikan,Ada,Atayasetelankaosanak,,,,,Facebook
260602362DTJEM,Tertunda,234109603274446,2026-06-02 21:26:50,,2026-06-02 21:22:51,RM kids_wear,1613517803,Preferred(Non-CB),42581279460,Setelan anak perempuan thailan style  motif gajah usia 1-8 tahun,385987339521,Normal Product,,Fashion Bayi & Anak,Pakaian Anak Perempuan,Jas & Setelan,43000,1,Komisi Shopee,,40850,,1.50%,612.75,0.00%,0,612.75,1225.5,0,1225.5,,0,0.00%,0,100.00%,1225.5,Tertunda,Pesanan sedang diproses. Komisi akan dikonfirmasi setelah pesanan selesai.,Pesanan dari Toko yang tidak Dipromosikan,Ada,Atayasetelankaosanak,,,,,Facebook
260602362DTJEM,Tertunda,234109603274446,2026-06-02 21:26:50,,2026-06-02 21:22:51,RM kids_wear,1613517803,Preferred(Non-CB),42581279460,Setelan anak perempuan thailan style  motif gajah usia 1-8 tahun,385987339532,Normal Product,,Fashion Bayi & Anak,Pakaian Anak Perempuan,Jas & Setelan,43000,1,Komisi Shopee,,40850,,1.50%,612.75,0.00%,0,612.75,0,0,0,,0,0.00%,0,100.00%,0,Tertunda,Pesanan sedang diproses. Komisi akan dikonfirmasi setelah pesanan selesai.,Pesanan dari Toko yang tidak Dipromosikan,Ada,Atayasetelankaosanak,,,,,Facebook
26060235W17CHD,Tertunda,234109423294590,2026-06-02 21:24:04,,2026-06-02 21:21:33,Nabila25collection,237168819,Preferred(Non-CB),43180958467,ONE SET ANAK VIRAL MOTIP GAJAH KICAU MANIA USIA 2-12 TAHUN  SETELAN ANAK PEREMPUAN,420934589200,Normal Product,,Fashion Bayi & Anak,Pakaian Anak Perempuan,Jas & Setelan,55000,1,Komisi Shopee,,52250,,1.50%,783.75,0.00%,0,783.75,783.75,0,783.75,,0,0.00%,0,100.00%,783.75,Tertunda,Pesanan sedang diproses. Komisi akan dikonfirmasi setelah pesanan selesai.,Pesanan dari Toko yang tidak Dipromosikan,Ada,Atayasetelankaosanak,,,,,Facebook
26060235Q84SV3,Tertunda,234109228224611,2026-06-02 21:20:28,,2026-06-02 16:38:32,TOKO N&H STORE,1545823763,Preferred(Non-CB),42508281409,Paket 3 Pcs Celana Pendek Anak Pria Wanita Ortus Usia 7-14 Tahun,280698437553,Normal Product,,Fashion Bayi & Anak,Pakaian Anak Laki-Laki,Bawahan,30500,1,Komisi XTRA,,27270,,1.50%,409.05,2.50%,681.75,1090.8,409.05,681.75,1090.8,,0,0.00%,0,100.00%,1090.8,Tertunda,Pesanan sedang diproses. Komisi akan dikonfirmasi setelah pesanan selesai.,Pesanan dari Toko yang tidak Dipromosikan,Ada,rakdapur3,,,,,Facebook
2606023588FENT,Tertunda,234108725250534,2026-06-02 21:12:06,,2026-06-02 20:59:00,KIDS FASHION SHOP,913576626,Preferred(Non-CB),22364981768,Tas Serut String Bag Free fire Ff SG Opm Sg 2jt Sg Rapper Skin Karakter Elite Tas Ransel Free Fire,185501049726,Normal Product,,Koper & Tas Travel,Tas Travel,Tas Serut,25000,1,Komisi XTRA,,23846,,1.50%,357.69,3.00%,715.38,1073.07,357.69,715.38,1073.07,,0,0.00%,0,100.00%,1073.07,Tertunda,Pesanan sedang diproses. Komisi akan dikonfirmasi setelah pesanan selesai.,Pesanan dari Toko yang tidak Dipromosikan,Ada,Atayasetelankaosanak,,,,,Facebook
260602357YUUFG,Tertunda,234108716224899,2026-06-02 21:11:57,,2026-06-02 20:08:34,Gieclothing,9386540,C2C(Non-CB),21494896324,TAS WANITA KODE 1-100,410398688094,Normal Product,,Tas Wanita,Tas Wanita Lainnya,,279000,1,Komisi Shopee,,237150,,0.00%,0,0.00%,0,0,0,0,0,,0,0.00%,0,100.00%,0,Tertunda,Pesanan sedang diproses. Komisi akan dikonfirmasi setelah pesanan selesai.,Pesanan dari Toko yang tidak Dipromosikan,Ada,rakdapur3,,,,,Others
26060234H3E4NV,Tertunda,234107948216771,2026-06-02 20:59:08,,2026-06-01 18:49:43,BonBin Sticker,335174659,Preferred(Non-CB),25929677893,Stiker anak Baby Shark Pingfong,245799254599,Normal Product,,Buku & Alat Tulis,Buku Tulis & Kertas,Label & Stiker,15600,3,Komisi XTRA,,46041,,1.50%,690.615,5.00%,2302.05,2992.665,690.615,2302.05,2992.665,,0,0.00%,0,100.00%,2992.665,Tertunda,Pesanan sedang diproses. Komisi akan dikonfirmasi setelah pesanan selesai.,Pesanan dari Toko yang tidak Dipromosikan,Ada,rakdapur3,,,,,Websites
26060234H3E4NU,Tertunda,234107948216771,2026-06-02 20:59:08,,2026-06-01 18:49:43,Pretty Perfect,102067636,Preferred(Non-CB),17578952066,Herborist Juice For Skin Body Serum / Face Scrub / Exfoliating Gel,164289709341,Normal Product,,Perawatan & Kecantikan,Perawatan Tubuh,Scrub & Peel Tubuh,22000,1,Komisi XTRA,,20900,,1.50%,313.5,3.00%,627,940.5,805.125,954.75,1759.875,,0,0.00%,0,100.00%,1759.875,Tertunda,Pesanan sedang diproses. Komisi akan dikonfirmasi setelah pesanan selesai.,Pesanan dari Toko yang tidak Dipromosikan,Ada,rakdapur3,,,,,Websites
26060234H3E4NU,Tertunda,234107948216771,2026-06-02 20:59:08,,2026-06-01 18:49:43,Pretty Perfect,102067636,Preferred(Non-CB),25822510492,Evangeline Premium Eau De Perfume,99540116248,Normal Product,,Perawatan & Kecantikan,Parfum & Wewangian,,34500,1,Komisi XTRA,,32775,,1.50%,491.625,1.00%,327.75,819.375,0,0,0,,0,0.00%,0,100.00%,0,Tertunda,Pesanan sedang diproses. Komisi akan dikonfirmasi setelah pesanan selesai.,Pesanan dari Toko yang tidak Dipromosikan,Ada,rakdapur3,,,,,Websites
26060234H3E4NT,Tertunda,234107948216771,2026-06-02 20:59:08,,2026-06-01 18:49:43,Zeraiah Hijab Official,342510102,Preferred(Non-CB),12504237076,COD...!!! Segiempat Paris Polos Red Rose IMPORT Murah BEST SELLER PARIS POLOS JADUL,122013431055,Normal Product,,Fashion Muslim,Pakaian Muslim Wanita,Hijab,15555,1,Komisi XTRA,,12079,,1.50%,181.185,1.50%,181.185,362.37,396.045,396.045,792.09,,0,0.00%,0,100.00%,792.09,Tertunda,Pesanan sedang diproses. Komisi akan dikonfirmasi setelah pesanan selesai.,Pesanan dari Toko yang tidak Dipromosikan,Ada,rakdapur3,,,,,Websites
26060234H3E4NT,Tertunda,234107948216771,2026-06-02 20:59:08,,2026-06-01 18:49:43,Zeraiah Hijab Official,342510102,Preferred(Non-CB),21553072901,COD.!!! Segiempat PARIS POLOS Red Rose Import Murah BEST SELLER  PARIS JADUL,242295879625,Normal Product,,Fashion Muslim,Pakaian Muslim Wanita,Hijab,14324,1,Komisi XTRA,,14324,,1.50%,214.86,1.50%,214.86,429.72,0,0,0,,0,0.00%,0,100.00%,0,Tertunda,Pesanan sedang diproses. Komisi akan dikonfirmasi setelah pesanan selesai.,Pesanan dari Toko yang tidak Dipromosikan,Ada,rakdapur3,,,,,Websites
26060234GDG3YE,Tertunda,234107925217737,2026-06-02 20:58:45,,2026-06-02 20:51:23,lemon acc,1087430446,Preferred(Non-CB),26106125420,New! Diamond Bludru Rhombic Softcase for Iphone X Xs Xr 11 12 13 14 15 16 16E 17 17AIR Plus Pro Max RCI488,207674106671,Normal Product,,Handphone & Aksesoris,Aksesoris,Casing & Skin,18000,1,Komisi XTRA,,15983,,0.50%,79.915,3.00%,479.49,559.405,79.915,479.49,559.405,,0,0.00%,0,100.00%,559.405,Tertunda,Pesanan sedang diproses. Komisi akan dikonfirmasi setelah pesanan selesai.,Pesanan dari Toko yang tidak Dipromosikan,Ada,Atayasetelankaosanak,,,,,Facebook
260602345ARQH6,Tertunda,234107553254665,2026-06-02 20:52:34,,2026-06-01 17:57:43,Dhea Pusate Hijab,1030558082,Preferred(Non-CB),26783932942,Hijab Bergo Hamidah Size M Menutup dada // Bergo instan Hamidah jersey premium//HIjab Instan,188439722259,Normal Product,,Fashion Muslim,Pakaian Muslim Wanita,Hijab,12799,1,Komisi XTRA,,9257,,1.50%,138.855,7.50%,694.275,833.13,274.485,1372.425,1646.91,,0,0.00%,0,100.00%,1646.91,Tertunda,Pesanan sedang diproses. Komisi akan dikonfirmasi setelah pesanan selesai.,Pesanan dari Toko yang tidak Dipromosikan,Ada,Atayasetelankaosanak,,,,,Facebook
260602345ARQH6,Tertunda,234107553254665,2026-06-02 20:52:34,,2026-06-01 17:57:43,Dhea Pusate Hijab,1030558082,Preferred(Non-CB),29783910745,Hijab Bergo Hamidah Size M Menutup dada // Bergo instan Hamidah jersey premium//HIjab Instan Sport,157802158684,Normal Product,,Fashion Muslim,Pakaian Muslim Wanita,Hijab,12500,1,Komisi XTRA,,9042,,1.50%,135.63,7.50%,678.15,813.78,0,0,0,,0,0.00%,0,100.00%,0,Tertunda,Pesanan sedang diproses. Komisi akan dikonfirmasi setelah pesanan selesai.,Pesanan dari Toko yang tidak Dipromosikan,Ada,Atayasetelankaosanak,,,,,Facebook
26060232KDB2D3,Tertunda,234105878220232,2026-06-02 20:24:39,,2026-05-30 18:28:22,Juragan Online Bekasi,256037413,Preferred(Non-CB),24297193885,MINYAK PADAT PALMVITA ECERAN [5kg],281758075741,Normal Product,,Makanan & Minuman,Susu & Olahan,Mentega & Margarin,160500,1,Komisi XTRA,,144450,,1.50%,2166.75,1.00%,1444.5,3611.25,2166.75,1444.5,3611.25,,0,0.00%,0,100.00%,3611.25,Tertunda,Pesanan sedang diproses. Komisi akan dikonfirmasi setelah pesanan selesai.,Pesanan dari Toko yang tidak Dipromosikan,Ada,rakdapur3,,,,,Facebook
2606023248W5UF,Tertunda,234105370260831,2026-06-02 20:16:10,,2026-06-01 07:40:58,YAMEIYA SKINCARE OFFICIAL,36421409,C2C(Non-CB),18915967283,Toner Bright Up toner yameiya skincare,97932189102,Normal Product,,Perawatan & Kecantikan,Perawatan Wajah,Toner,58000,1,Komisi Shopee,,52200,,0.00%,0,0.00%,0,0,0,3366,3366,,0,0.00%,0,100.00%,3366,Tertunda,Pesanan sedang diproses. Komisi akan dikonfirmasi setelah pesanan selesai.,Pesanan dari Toko yang tidak Dipromosikan,Ada,Atayasetelankaosanak,,,,,Facebook
2606023248W5UF,Tertunda,234105370260831,2026-06-02 20:16:10,,2026-06-01 07:40:58,YAMEIYA SKINCARE OFFICIAL,36421409,C2C(Non-CB),28139424980,"night cream glowing moishy, cream malam yameiya",265947209195,Normal Product,,Perawatan & Kecantikan,Perawatan Wajah,Pelembab Wajah,93500,1,Komisi XTRA,,84150,,0.00%,0,4.00%,3366,3366,0,0,0,,0,0.00%,0,100.00%,0,Tertunda,Pesanan sedang diproses. Komisi akan dikonfirmasi setelah pesanan selesai.,Pesanan dari Toko yang tidak Dipromosikan,Ada,Atayasetelankaosanak,,,,,Facebook
2606023239D3JX,Tertunda,234105337227957,2026-06-02 20:15:37,,2026-06-02 20:08:16,grup kuat,1005657778,Preferred(Non-CB),56802625100,Yoga Kneed Pad Bantalan Lutut Siku Alas Yoga Empuk Anti Slip Tangan Kaki,440253033465,Normal Product,,Olahraga & Outdoor,Alat Rekreasi Olahraga & Aktivitas Outdoor,Yoga & Pilates,35000,1,Komisi XTRA,,31000,,1.50%,465,5.00%,1550,2015,465,1550,2015,,0,0.00%,0,100.00%,2015,Tertunda,Pesanan sedang diproses. Komisi akan dikonfirmasi setelah pesanan selesai.,Pesanan dari Toko yang tidak Dipromosikan,Ada,rakdapur3,,,,,Facebook
26060231N97P72,Tertunda,234104867286120,2026-06-02 20:07:49,,2026-06-02 20:03:01,SC motor96,49595155,C2C(Non-CB),23082882733,OEM karet seal head pcx 150 adv 150 vario 150 K01 superr AA,79356673115,Normal Product,,Sepeda Motor,Suku Cadang Motor,Suku Cadang Motor Lainnya,19900,2,Komisi Shopee,,39004,,0.00%,0,0.00%,0,0,0,0,0,,0,0.00%,0,100.00%,0,Tertunda,Pesanan sedang diproses. Komisi akan dikonfirmasi setelah pesanan selesai.,Pesanan dari Toko yang tidak Dipromosikan,Ada,rakdapur3,,,,,Facebook
26060231N97P72,Tertunda,234104867286120,2026-06-02 20:07:49,,2026-06-02 20:03:01,SC motor96,49595155,C2C(Non-CB),25764449508,ORIGINAL sensor tps genio beat led new scoopy new esp KOJ THAI,184923378144,Normal Product,,Sepeda Motor,Suku Cadang Motor,Pengapian & Suku Cadang Mesin,80800,2,Komisi Shopee,,158368,,0.00%,0,0.00%,0,0,0,0,0,,0,0.00%,0,100.00%,0,Tertunda,Pesanan sedang diproses. Komisi akan dikonfirmasi setelah pesanan selesai.,Pesanan dari Toko yang tidak Dipromosikan,Ada,rakdapur3,,,,,Facebook
26060231N97P72,Tertunda,234104867286120,2026-06-02 20:07:49,,2026-06-02 20:03:01,SC motor96,49595155,C2C(Non-CB),29564737374,OEM Seal head vario 150 vario 125 K59-A11 SUPERR AA,49476705610,Normal Product,,Sepeda Motor,Suku Cadang Motor,Suku Cadang Motor Lainnya,16500,2,Komisi Shopee,,32340,,0.00%,0,0.00%,0,0,0,0,0,,0,0.00%,0,100.00%,0,Tertunda,Pesanan sedang diproses. Komisi akan dikonfirmasi setelah pesanan selesai.,Pesanan dari Toko yang tidak Dipromosikan,Ada,rakdapur3,,,,,Facebook
26060231DJ7N96,Tertunda,234104609293806,2026-06-02 20:03:50,,2026-06-02 19:01:52,Raja Susu Official Kota Bandung,1478526563,Shopee Mall(Non-CB),26528300575,SWEETY BRONZE PANTS L42 - RAJA SUSU,188272014531,Normal Product,,Ibu & Bayi,Popok & Pispot,Popok Sekali Pakai,66900,1,Komisi Shopee,,56900,,1.50%,853.5,0.00%,0,853.5,853.5,0,853.5,,0,0.00%,0,100.00%,853.5,Tertunda,Pesanan sedang diproses. Komisi akan dikonfirmasi setelah pesanan selesai.,Pesanan dari Toko yang tidak Dipromosikan,Ada,Atayasetelankaosanak,,,,,Facebook
26060231AWA1DA,Tertunda,234104519236567,2026-06-02 20:01:59,,2026-06-02 14:26:46,Zeusa,1207845578,Preferred(Non-CB),25223626305,COD Lampu Taman /Lampu Dinding Taman Outdoor COB/LED Wall Light 2/4/6/8 Mata 220V Indoor LED Wall Lamp Minimalist Lampu Tempel C,215022834449,Normal Product,0_465535867564232_1,Perlengkapan Rumah,Lampu,,38500,2,Komisi XTRA,,72675,,1.50%,1090.125,4.00%,2907,3997.125,1090.125,2907,3997.125,,0,0.00%,0,100.00%,3997.125,Tertunda,Pesanan sedang diproses. Komisi akan dikonfirmasi setelah pesanan selesai.,Pesanan dari Toko yang tidak Dipromosikan,Ada,WallpaperDindingVinyl,,,,,Facebook
26060231042F1X,Tertunda,234104157239093,2026-06-02 19:55:57,,2026-06-02 19:52:54,Semoga Laris Kids Shop,322173796,Preferred(Non-CB),44412319350,SETELAN PITA ANAK TERBARU UMUR 1-12 TAHUN BAJU ANAK SEHARI HARI ONESET ANAK TRENDY KEKINIAN,149248230994,Normal Product,,Fashion Bayi & Anak,Pakaian Anak Perempuan,Jas & Setelan,50000,1,Komisi XTRA,,47500,,1.50%,712.5,5.00%,2375,3087.5,712.5,2375,3087.5,,0,0.00%,0,100.00%,3087.5,Tertunda,Pesanan sedang diproses. Komisi akan dikonfirmasi setelah pesanan selesai.,Pesanan dari Toko yang tidak Dipromosikan,Ada,Atayasetelankaosanak,,,,,Facebook
26060230YPQ9ET,Tertunda,234104143231104,2026-06-02 19:55:44,,2026-06-02 18:13:13,Botol Minum Termurah,10773486,Preferred(Non-CB),43660680307,WnD SALE - RANSEL ANAK QQ008 - BACKPACK VIRAL - RANSEL WANITA - RANSEL SEKOLAH - RANSEL KOREA ANAK,208620813077,Normal Product,,Tas Wanita,Ransel Wanita,,99000,1,Komisi XTRA,,94050,,1.50%,1410.75,3.00%,2821.5,4232.25,1410.75,2821.5,4232.25,,0,0.00%,0,100.00%,4232.25,Tertunda,Pesanan sedang diproses. Komisi akan dikonfirmasi setelah pesanan selesai.,Pesanan dari Toko yang tidak Dipromosikan,Ada,Atayasetelankaosanak,,,,,Facebook
26060230N0CAXK,Tertunda,234103784268673,2026-06-02 19:49:44,,2026-06-02 19:46:06,Geostar,1192833899,Preferred(Non-CB),27622600905,Kacamata Hitam Elips Retro Untuk Pria Dan Wanita Mengemudi Kacamata Anti-UV Pantai,271224191388,Normal Product,,Aksesoris Fashion,Kacamata & Aksesoris,Kacamata Hitam,37000,1,Komisi XTRA,,31890,,1.50%,478.35,2.50%,797.25,1275.6,478.35,797.25,1275.6,,0,0.00%,0,100.00%,1275.6,Tertunda,Pesanan sedang diproses. Komisi akan dikonfirmasi setelah pesanan selesai.,Pesanan dari Toko yang tidak Dipromosikan,Ada,rakdapur3,,,,,Instagram
26060230B7K46S,Tertunda,234103456289619,2026-06-02 19:44:18,,2026-06-02 16:12:55,Merah Jingga Official Store,1346168602,Shopee Mall(Non-CB),43464764562,MAKARIZO Barber Daily Face Wash 100 ml Barber Daily Acne Care Oil Control Face Wash | Merah Jingga Official,119549502634,Normal Product,,Perawatan & Kecantikan,Perawatan Pria,Perawatan Wajah,29700,1,Komisi XTRA,,29700,,1.50%,445.5,0.50%,148.5,594,445.5,148.5,594,,0,0.00%,0,100.00%,594,Tertunda,Pesanan sedang diproses. Komisi akan dikonfirmasi setelah pesanan selesai.,Pesanan dari Toko yang tidak Dipromosikan,Ada,rakdapur3,,,,,Others
2606022YYHPUCX,Tertunda,234103064237679,2026-06-02 19:37:44,,2026-05-28 11:20:25,PN HOME,961246222,Preferred(Non-CB),18781324706,Tempat Rak Pengering Piring Mangkok Plastik Rak Cuci Piring Dapur Wastafel Dish Drain Basket,258243182634,Normal Product,,Perlengkapan Rumah,Perlengkapan Dapur,Rak Dapur,38900,1,Komisi Shopee,,37900,,1.50%,568.5,0.00%,0,568.5,568.5,0,568.5,,0,0.00%,0,100.00%,568.5,Tertunda,Pesanan sedang diproses. Komisi akan dikonfirmasi setelah pesanan selesai.,Pesanan dari Toko yang tidak Dipromosikan,Ada,rakdapur3,,,,,Facebook
2606022YXK5DB4,Tertunda,234103032209959,2026-06-02 19:37:12,,2026-06-02 19:24:36,Pesona Cipta Fashion,1001401071,Preferred(Non-CB),50304753125,Pesona - Leya Blouse Baju Atasan Wanita Bahan Rayon Premium,360440285247,Normal Product,,Pakaian Wanita,Atasan,Kemeja & Blouse,74844,1,Komisi XTRA,,57274,,1.50%,859.11,2.00%,1145.48,2004.59,859.11,1145.48,2004.59,,0,0.00%,0,100.00%,2004.59,Tertunda,Pesanan sedang diproses. Komisi akan dikonfirmasi setelah pesanan selesai.,Pesanan dari Toko yang tidak Dipromosikan,Ada,Atayasetelankaosanak,,,,,Facebook
2606022YVK8TUC,Tertunda,234102965206878,2026-06-02 19:36:06,,2026-06-02 19:13:05,FELISHA FASHION 21,1615717095,Preferred(Non-CB),44314818691,DRESS JUMBO LD 130 RAYON TEBAL (MUAT BB 50-100KG) MOTIF SOGAN BUSUI REMPEL KEKINIAN | DASTER JUMBO LD 130 REMPEL KEKINIAN BUSUI ,306684036970,Normal Product,,Pakaian Wanita,Dress,,69999,1,Komisi XTRA,,66519,,1.50%,997.785,1.50%,997.785,1995.57,997.785,997.785,1995.57,,0,0.00%,0,100.00%,1995.57,Tertunda,Pesanan sedang diproses. Komisi akan dikonfirmasi setelah pesanan selesai.,Pesanan dari Toko yang tidak Dipromosikan,Ada,Atayasetelankaosanak,,,,,Facebook
2606022YQSR76Y,Tertunda,234102804237737,2026-06-02 19:33:24,,2026-05-30 21:56:25,Ring_storeID,69238586,Preferred(Non-CB),27471956058,"5 BIJI RING BURUNG SOGON PLECI KONIN BLACKTHROAT LUBANG 2,7MM ( DEWASA )",237210417573,Normal Product,,Hewan Peliharaan,Aksesoris Hewan Peliharaan,Aksesoris Hewan Peliharaan Lainnya,9200,1,Komisi XTRA,,0,,1.50%,0,3.50%,0,0,0,0,0,,0,0.00%,0,100.00%,0,Tertunda,Pesanan sedang diproses. Komisi akan dikonfirmasi setelah pesanan selesai.,Pesanan dari Toko yang tidak Dipromosikan,Ada,rakdapur3,,,,,Facebook
2606022YNRVKSY,Tertunda,234102736212104,2026-06-02 19:32:16,,2026-06-01 14:42:44,Ala_ummah,234700650,Preferred(Non-CB),20003723836,nasi arab instan beras basmati nasi kebuli instan briyani mandhi kabsyah,68802762484,Normal Product,,Makanan & Minuman,Makanan Instan,Nasi & Bubur Instan,21150,1,Komisi XTRA,,21150,,1.50%,317.25,4.50%,951.75,1269,317.25,951.75,1269,,0,0.00%,0,100.00%,1269,Tertunda,Pesanan sedang diproses. Komisi akan dikonfirmasi setelah pesanan selesai.,Pesanan dari Toko yang tidak Dipromosikan,Ada,Atayasetelankaosanak,,,,,Others
2606022YNBHBJT,Tertunda,234102722214961,2026-06-02 19:32:02,,2026-06-02 19:16:32,sibulat2017,38697295,Preferred(Non-CB),27944905749,SIBULAT 54 SETELAN ANAK GAJAH THAILAND VIRAL FULL PRINTING PREMIUM USISA 1-6 TAHUN,420965885561,Normal Product,,Fashion Bayi & Anak,Pakaian Anak Perempuan,Jas & Setelan,32900,1,Komisi XTRA,,21979,,1.50%,329.685,4.00%,879.16,1208.845,1105.575,3075.165,4180.74,,0,0.00%,0,100.00%,4180.74,Tertunda,Pesanan sedang diproses. Komisi akan dikonfirmasi setelah pesanan selesai.,Pesanan dari Toko yang tidak Dipromosikan,Ada,Atayasetelankaosanak,,,,,Facebook
2606022YNBHBJT,Tertunda,234102722214961,2026-06-02 19:32:02,,2026-06-02 19:16:32,sibulat2017,38697295,Preferred(Non-CB),40507937117,SIBULAT 49 PRINCEESS DRESS ANAK PEREMPUAN PREMIUM PRINTING USIA 1-6 TAHUN,216155492108,Normal Product,,Fashion Bayi & Anak,Pakaian Anak Perempuan,Dress,26730,1,Komisi XTRA,,25393,,1.50%,380.895,4.50%,1142.685,1523.58,0,0,0,,0,0.00%,0,100.00%,0,Tertunda,Pesanan sedang diproses. Komisi akan dikonfirmasi setelah pesanan selesai.,Pesanan dari Toko yang tidak Dipromosikan,Ada,Atayasetelankaosanak,,,,,Facebook
2606022YNBHBJT,Tertunda,234102722214961,2026-06-02 19:32:02,,2026-06-02 19:16:32,sibulat2017,38697295,Preferred(Non-CB),56253216540,SIBULAT 89 CINDERELLA  NEW SETELAN ANAK HARIAN PREMIUM USIA 1-6 TAHUN,350309238225,Normal Product,,Fashion Bayi & Anak,Pakaian Anak Perempuan,Jas & Setelan,27720,1,Komisi XTRA,,26333,,1.50%,394.995,4.00%,1053.32,1448.315,0,0,0,,0,0.00%,0,100.00%,0,Tertunda,Pesanan sedang diproses. Komisi akan dikonfirmasi setelah pesanan selesai.,Pesanan dari Toko yang tidak Dipromosikan,Ada,Atayasetelankaosanak,,,,,Facebook
2606022YEUPD0P,Tertunda,234102504286031,2026-06-02 19:28:26,,2026-06-02 16:44:38,Skadebadebo,230123359,Preferred(Non-CB),28066752930,"SKADEBADEBO BAKING SODA 1KG,700gr,500gr FOOD GRADE HALAL (N a H C O ³) & baking soda  FOOD GRADE 500gr soda kue kemasan 1kg",168944182772,Normal Product,,Makanan & Minuman,Bahan Baking,Baking Powder & Soda Kue,17360,1,Komisi XTRA,,17360,,1.50%,260.4,2.50%,434,694.4,260.4,434,694.4,,0,0.00%,0,100.00%,694.4,Tertunda,Pesanan sedang diproses. Komisi akan dikonfirmasi setelah pesanan selesai.,Pesanan dari Toko yang tidak Dipromosikan,Ada,rakdapur3,,,,,Facebook
2606022XQE2U37,Tertunda,234101718254513,2026-06-02 19:15:18,,2026-06-02 13:37:06,OKK Indonesia Official Store,374620305,Preferred(Non-CB),27793819269,OKK Rak Keranjang Dapur Besi Tempel Tanpa Bor Serbaguna Rak Bumbu Dapur Minimalis Kuat Anti Karat,420304132495,Normal Product,,Perlengkapan Rumah,Perlengkapan Dapur,Rak Dapur,52100,1,Komisi XTRA,,46889,,1.50%,703.335,3.50%,1641.115,2344.45,1715.835,3103.635,4819.47,,0,0.00%,0,100.00%,4819.47,Tertunda,Pesanan sedang diproses. Komisi akan dikonfirmasi setelah pesanan selesai.,Pesanan dari Toko yang tidak Dipromosikan,Ada,rakdapur3,,,,,Others
2606022XQE2U37,Tertunda,234101718254513,2026-06-02 19:15:18,,2026-06-02 13:37:06,OKK Indonesia Official Store,374620305,Preferred(Non-CB),27957301464,OKK Rak Bumbu Dapur Jaring Serbaguna Bahan Besi Anti Karat / Rak Bumbu 2 Susun Dapur Kitchen,148736998057,Normal Product,,Perlengkapan Rumah,Perlengkapan Dapur,Rak Dapur,49999,1,Komisi XTRA,,44999,,1.50%,674.985,1.50%,674.985,1349.97,0,0,0,,0,0.00%,0,100.00%,0,Tertunda,Pesanan sedang diproses. Komisi akan dikonfirmasi setelah pesanan selesai.,Pesanan dari Toko yang tidak Dipromosikan,Ada,rakdapur3,,,,,Others
2606022XQE2U37,Tertunda,234101718254513,2026-06-02 19:15:18,,2026-06-02 13:37:06,OKK Indonesia Official Store,374620305,Preferred(Non-CB),28002878228,OKK  Rak Keranjang Kamar Mandi Keramik Kuat & Kokoh Anti Karat / Rak Kamar Mandi Tempel Dinding Keramik Bahan Besi,236445001196,Normal Product,,Perlengkapan Rumah,Kamar Mandi,Rak & Kabinet Kamar Mandi,25000,1,Komisi XTRA,,22501,,1.50%,337.515,3.50%,787.535,1125.05,0,0,0,,0,0.00%,0,100.00%,0,Tertunda,Pesanan sedang diproses. Komisi akan dikonfirmasi setelah pesanan selesai.,Pesanan dari Toko yang tidak Dipromosikan,Ada,rakdapur3,,,,,Others
2606022X82W87X,Tertunda,234101203226541,2026-06-02 19:06:44,,2026-06-01 22:29:05,TERANG.ABADI,508581518,Preferred(Non-CB),26613321305,Kompor Gas Komersial Omicko KG-11+Selang+Regulator 1 Tungku Low Pressure Kompor Cor  Mata Api Seribu,251726271443,Normal Product,,Elektronik,Perangkat Dapur,Kompor & Regulator Gas,364200,1,Komisi XTRA,,320257,,0.50%,1601.285,0.50%,1601.285,3202.57,1640.87,1614.48,3255.35,,0,0.00%,0,100.00%,3255.35,Tertunda,Pesanan sedang diproses. Komisi akan dikonfirmasi setelah pesanan selesai.,Pesanan dari Toko yang tidak Dipromosikan,Ada,rakdapur3,,,,,Instagram
2606022X82W87X,Tertunda,234101203226541,2026-06-02 19:06:44,,2026-06-01 22:29:05,TERANG.ABADI,508581518,Preferred(Non-CB),17442725006,Extra-Bubble-Buble-Bubbel-Bubel-Babel-Babbel Wrap-Wrep-Rep Tambahan,116138125392,Normal Product,,Buku & Alat Tulis,Pembungkus Kado & Kemasan,Bubble Wrap,3000,1,Komisi XTRA,,2639,,1.50%,39.585,0.50%,13.195,52.78,0,0,0,,0,0.00%,0,100.00%,0,Tertunda,Pesanan sedang diproses. Komisi akan dikonfirmasi setelah pesanan selesai.,Pesanan dari Toko yang tidak Dipromosikan,Ada,rakdapur3,,,,,Instagram
2606022WYPXTCA,Tertunda,234100922251593,2026-06-02 19:02:02,,2026-06-02 18:56:08,KUDA.LAUT.BIRU.OFFICIAL,1090568183,Shopee Mall(Non-CB),40858224138,Paket 20 Lembar Wallpaper Vinyl Kamar Mandi 30 x 60 cm Lantai Vinyl Marbel Granit Stiker Cabinet,261320353597,Normal Product,,Perlengkapan Rumah,Dekorasi,Wallpaper & Stiker Dinding,105000,1,Komisi XTRA,,96255,,1.50%,1443.825,10.00%,9625.5,11069.325,1443.825,9625.5,11069.325,,0,0.00%,0,100.00%,11069.325,Tertunda,Pesanan sedang diproses. Komisi akan dikonfirmasi setelah pesanan selesai.,Pesanan Produk dari Toko yang Dipromosikan,Ada,WallpaperDindingVinyl,,,,,Instagram
2606022WTE5E7M,Tertunda,234100745263526,2026-06-02 18:59:06,,2026-06-02 12:39:30,Kreain Brand House(4),1526245429,Preferred(Non-CB),41564989597,Oxyelle Feminine Wash – Membersihkan Area Intim Membantu Mengurangi Keputihan Redakan Iritasi Menjaga Kekencangan dan Kenyamanan,276241589194,Normal Product,,Kesehatan,Perawatan Diri,Kewanitaan,84084,1,Komisi XTRA,,79879,,1.50%,1198.185,3.00%,2396.37,3594.555,1198.185,2396.37,3594.555,,0,0.00%,0,100.00%,3594.555,Tertunda,Pesanan sedang diproses. Komisi akan dikonfirmasi setelah pesanan selesai.,Pesanan dari Toko yang tidak Dipromosikan,Ada,dressanakperempuan,,,,,Facebook
2606022WGNBWWU,Tertunda,234100417279774,2026-06-02 18:53:45,,2026-05-31 20:35:07,Prettysale,65086048,C2C(Non-CB),44152352768,brendiong wangi syekali,267554170105,Normal Product,,Perawatan & Kecantikan,Parfum & Wewangian,,19999,1,Komisi Shopee,,17893,,0.00%,0,0.00%,0,0,0,0,0,,0,0.00%,0,100.00%,0,Tertunda,Pesanan sedang diproses. Komisi akan dikonfirmasi setelah pesanan selesai.,Pesanan dari Toko yang tidak Dipromosikan,Ada,rakdapur3,,,,,Instagram
2606022WGNBWWU,Tertunda,234100417279774,2026-06-02 18:53:45,,2026-05-31 20:35:07,Prettysale,65086048,C2C(Non-CB),28486812309,brendiong prfume wangiii,375818651087,Normal Product,,Perawatan & Kecantikan,Parfum & Wewangian,,17999,1,Komisi Shopee,,16105,,0.00%,0,0.00%,0,0,0,0,0,,0,0.00%,0,100.00%,0,Tertunda,Pesanan sedang diproses. Komisi akan dikonfirmasi setelah pesanan selesai.,Pesanan dari Toko yang tidak Dipromosikan,Ada,rakdapur3,,,,,Instagram
2606022WF0UJJ3,Tertunda,234100362200429,2026-06-02 18:52:43,,2026-06-02 14:48:03,NC Computer Blitar,26763450,Preferred(Non-CB),19001249946,Monitor LCD/LED 19 inch lenovo dell hp LG seken bergaransi,305715022966,Normal Product,,Komputer & Aksesoris,Monitor,,445000,1,Komisi Shopee,,315131,,0.50%,1575.655,0.00%,0,1575.655,1575.655,0,1575.655,,0,0.00%,0,100.00%,1575.655,Tertunda,Pesanan sedang diproses. Komisi akan dikonfirmasi setelah pesanan selesai.,Pesanan dari Toko yang tidak Dipromosikan,Ada,WallpaperDindingVinyl,,,,,Facebook
2606022W941FST,Tertunda,234100164224403,2026-06-02 18:49:25,,2026-06-01 17:53:02,Baju Anak Kece,305157553,Preferred(Non-CB),28100791451,KESLI TOP 1-6 Tahun Kaos Anak Perempuan Korea Style,226365865464,Normal Product,,Fashion Bayi & Anak,Pakaian Anak Perempuan,Atasan,18500,1,Komisi XTRA,,18500,,1.50%,277.5,3.00%,555,832.5,277.5,555,832.5,,0,0.00%,0,100.00%,832.5,Tertunda,Pesanan sedang diproses. Komisi akan dikonfirmasi setelah pesanan selesai.,Pesanan dari Toko yang tidak Dipromosikan,Ada,Atayasetelankaosanak,,,,,Facebook
2606022W3SCBB4,Tertunda,234099985271845,2026-06-02 18:46:32,,2026-06-02 15:57:17,Ilham_Collection05,89092994,Preferred(Non-CB),19389312035,Setelan anak motif gajah setelan switer joger anak 0-6 Tahun setelan anak laki laki perempuan,167681651328,Normal Product,,Fashion Bayi & Anak,Pakaian Anak Laki-Laki,Jas & Setelan,37655,1,Komisi XTRA,,33655,,1.50%,504.825,3.00%,1009.65,1514.475,504.825,1009.65,1514.475,,0,0.00%,0,100.00%,1514.475,Tertunda,Pesanan sedang diproses. Komisi akan dikonfirmasi setelah pesanan selesai.,Pesanan dari Toko yang tidak Dipromosikan,Ada,Atayasetelankaosanak,,,,,Facebook
2606022VWUJFUG,Tertunda,234099786248641,2026-06-02 18:43:10,,2026-06-02 16:45:17,Finn Official Shop,496568885,Preferred(Non-CB),40319880879,Finn Topi Pita Wanita Topi Baseball Cewek Casual Fashion Adjustable,335573983694,Normal Product,,Aksesoris Fashion,Topi,,17820,1,Komisi XTRA,,17620,,1.50%,264.3,1.00%,176.2,440.5,264.3,176.2,440.5,,0,0.00%,0,100.00%,440.5,Tertunda,Pesanan sedang diproses. Komisi akan dikonfirmasi setelah pesanan selesai.,Pesanan dari Toko yang tidak Dipromosikan,Ada,WallpaperDindingVinyl,,,,,Facebook
2606022VWUJFUF,Tertunda,234099786248640,2026-06-02 18:43:10,,2026-06-02 16:45:17,Kuteks Kudan,1408686318,Preferred(Non-CB),28918631593,[BPOM] COD Kudan Kutek Peel Off Cat Kuku Halal Muslimah Kutek Maroon water-based  (MZ019),252103949211,Normal Product,,Perawatan & Kecantikan,"Perawatan Tangan, Kaki & Kuku",Perawatan Kuku,9300,1,Komisi XTRA,,7292,,1.50%,109.38,1.50%,109.38,218.76,109.38,109.38,218.76,,0,0.00%,0,100.00%,218.76,Tertunda,Pesanan sedang diproses. Komisi akan dikonfirmasi setelah pesanan selesai.,Pesanan dari Toko yang tidak Dipromosikan,Ada,WallpaperDindingVinyl,,,,,Facebook
2606022VRE1HEP,Tertunda,234099604285151,2026-06-02 18:40:06,,2026-06-02 18:37:39,HANIN_FASHION 03,222209718,Preferred(Non-CB),28870087932,Rok Tutu Anak Rok Tutu Anak Renda Bawah Rok Tutu Anak Tanggung Usia 3 Sampai 11 tahun paling laris,247210155751,Normal Product,,Fashion Bayi & Anak,Pakaian Anak Perempuan,Bawahan,37240,1,Komisi XTRA,,34428,,1.50%,516.42,1.00%,344.28,860.7,516.42,344.28,860.7,,0,0.00%,0,100.00%,860.7,Tertunda,Pesanan sedang diproses. Komisi akan dikonfirmasi setelah pesanan selesai.,Pesanan dari Toko yang tidak Dipromosikan,Ada,Atayasetelankaosanak,,,,,Facebook
2606022VPB9BP6,Tertunda,234099534285487,2026-06-02 18:38:56,,2026-06-01 17:37:25,Toko Bromo 78,155903123,Preferred(Non-CB),55106282136,TUMITKU OBAT KAKI PECAH Original BPOM Solusi Kaki Pecah-pecah Dan Kapalan ukuran 30 ml,415568528688,Normal Product,,Perawatan & Kecantikan,"Perawatan Tangan, Kaki & Kuku",Perawatan Kaki,19701,4,Komisi XTRA,,78804,,1.50%,1182.06,4.00%,3152.16,4334.22,1182.06,3152.16,4334.22,,0,0.00%,0,100.00%,4334.22,Tertunda,Pesanan sedang diproses. Komisi akan dikonfirmasi setelah pesanan selesai.,Pesanan dari Toko yang tidak Dipromosikan,Ada,Atayasetelankaosanak,,,,,Facebook
2606022VNBSJCY,Tertunda,234099501268283,2026-06-02 18:38:21,,2026-06-02 18:36:28,Mekka_fashion123,459037221,Preferred(Non-CB),29569494543,Celana Kerja Wanita Jumbo Highwaist Premium – Bahan Tebal Adem – Best Seller Shopee,252168249835,Normal Product,,Pakaian Wanita,Celana Panjang & Legging,Celana Panjang,72199,1,Komisi XTRA,,55877,,1.50%,838.155,4.00%,2235.08,3073.235,838.155,2235.08,3073.235,,0,0.00%,0,100.00%,3073.235,Tertunda,Pesanan sedang diproses. Komisi akan dikonfirmasi setelah pesanan selesai.,Pesanan dari Toko yang tidak Dipromosikan,Ada,Atayasetelankaosanak,,,,,Facebook
2606022VMJ03F5,Tertunda,234099474215676,2026-06-02 18:37:54,,2026-06-02 18:08:52,NengPatu06,669701605,C2C(Non-CB),26368322895,CO SEPATU AMBYAR LIVE,361002907579,Normal Product,,Sepatu Pria,Sneakers,,104900,1,Komisi Shopee,,83920,,0.00%,0,0.00%,0,0,0,0,0,,0,0.00%,0,100.00%,0,Tertunda,Pesanan sedang diproses. Komisi akan dikonfirmasi setelah pesanan selesai.,Pesanan dari Toko yang tidak Dipromosikan,Ada,Atayasetelankaosanak,,,,,Facebook
2606022VGR03DT,Tertunda,234099346284429,2026-06-02 18:35:48,,2026-06-02 18:31:52,K-L STORE,90288301,C2C(Non-CB),52555850954,Sarung Magicom Pita 1/2 Ltr Cover Mejikom,330529004242,Normal Product,,Perlengkapan Rumah,Dekorasi,Furniture & Pelindung Furniture,14650,1,Komisi XTRA,,14650,,0.00%,0,3.00%,439.5,439.5,0,439.5,439.5,,0,0.00%,0,100.00%,439.5,Tertunda,Pesanan sedang diproses. Komisi akan dikonfirmasi setelah pesanan selesai.,Pesanan dari Toko yang tidak Dipromosikan,Ada,Atayasetelankaosanak,,,,,Others
2606022V9M10SV,Tertunda,234099107241787,2026-06-02 18:31:51,,2026-06-02 18:24:10,VAZ FASHION,24871771,Preferred(Non-CB),29373371735,PAKET 100ribu DAPAT 3 CELANA KULOT HOMMY WANITA KEKINIAN,253302157481,Normal Product,,Pakaian Wanita,Celana Panjang & Legging,Celana Panjang,121599,1,Komisi XTRA,,109439,,1.50%,1641.585,2.00%,2188.78,3830.365,1641.585,2188.78,3830.365,,0,0.00%,0,100.00%,3830.365,Tertunda,Pesanan sedang diproses. Komisi akan dikonfirmasi setelah pesanan selesai.,Pesanan dari Toko yang tidak Dipromosikan,Ada,Atayasetelankaosanak,,,,,Facebook
2606022V5P4UE9,Tertunda,234098975249468,2026-06-02 18:29:39,,2026-06-01 15:33:53,GARDA AUTO PARTS,1174132007,Preferred(Non-CB),29051829081,[Paket 4 Buah] Pelindung Matahari Mobil General Motors Perlindungan UV Perlindungan Suhu Tinggi Tirai Mobil Magnetik Berkualitas,255959816421,Normal Product,,Mobil,Aksesoris Interior Mobil,Sunshield & Pelindung Dashboard,112900,1,Komisi XTRA,,107900,,1.50%,1618.5,2.00%,2158,3776.5,1618.5,2158,3776.5,,0,0.00%,0,100.00%,3776.5,Tertunda,Pesanan sedang diproses. Komisi akan dikonfirmasi setelah pesanan selesai.,Pesanan dari Toko yang tidak Dipromosikan,Ada,rakdapur3,,,,,Facebook
2606022UXCEVXN,Tertunda,234098730210233,2026-06-02 18:25:30,,2026-06-02 17:38:53,optikdjava,170693500,Preferred(Non-CB),11749556843,Kacamata Plus Anti Radiasi kacamata baca plus antiradiasi pria dan wanita model bulat#kt119/4005,220397957726,Normal Product,,Aksesoris Fashion,Kacamata & Aksesoris,Frame & Lensa Kacamata,33000,1,Komisi XTRA,,31349,,1.50%,470.235,2.50%,783.725,1253.96,995.19,1658.65,2653.84,,0,0.00%,0,100.00%,2653.84,Tertunda,Pesanan sedang diproses. Komisi akan dikonfirmasi setelah pesanan selesai.,Pesanan dari Toko yang tidak Dipromosikan,Ada,rakdapur3,,,,,Threads
2606022UXCEVXN,Tertunda,234098730210233,2026-06-02 18:25:30,,2026-06-02 17:38:53,optikdjava,170693500,Preferred(Non-CB),14715069010,KACAMATA BACA PLUS OVAL LENSA ANTIRADIASI |Kacamata Baca Cewek Trendy Gaul EA170#ES085#DR830,255035301559,Normal Product,,Aksesoris Fashion,Kacamata & Aksesoris,Frame & Lensa Kacamata,35000,1,Komisi XTRA,,25021,,1.50%,375.315,2.50%,625.525,1000.84,0,0,0,,0,0.00%,0,100.00%,0,Tertunda,Pesanan sedang diproses. Komisi akan dikonfirmasi setelah pesanan selesai.,Pesanan dari Toko yang tidak Dipromosikan,Ada,rakdapur3,,,,,Threads
2606022UXCEVXN,Tertunda,234098730210233,2026-06-02 18:25:30,,2026-06-02 17:38:53,optikdjava,170693500,Preferred(Non-CB),20536962129,Tali Kacamata| Kalung Kacamata,191889430478,Normal Product,,Aksesoris Fashion,Kacamata & Aksesoris,Frame & Lensa Kacamata,10500,1,Komisi XTRA,,9976,,1.50%,149.64,2.50%,249.4,399.04,0,0,0,,0,0.00%,0,100.00%,0,Tertunda,Pesanan sedang diproses. Komisi akan dikonfirmasi setelah pesanan selesai.,Pesanan dari Toko yang tidak Dipromosikan,Ada,rakdapur3,,,,,Threads
2606022UVCJUSW,Tertunda,234098663230082,2026-06-02 18:24:23,,2026-06-02 17:59:02,freemirLifestyleOfficial,158316280,Shopee Mall(Non-CB),40024352499,freemir lifestyle Pisau Set 3PCS Pisau Daging Pisau Sayur Pisau Serbaguna Anti KaratPisau buah dan pisau dapur Dapat digunakan u,310047552331,Normal Product,,Perlengkapan Rumah,Perlengkapan Dapur,Pisau & Gunting Dapur,80000,1,Komisi XTRA,,65000,,1.50%,975,1.50%,975,1950,975,975,1950,,0,0.00%,0,100.00%,1950,Tertunda,Pesanan sedang diproses. Komisi akan dikonfirmasi setelah pesanan selesai.,Pesanan dari Toko yang tidak Dipromosikan,Ada,rakdapur3,,,,,Websites
2606022URGN9PD,Tertunda,234098533282101,2026-06-02 18:22:15,,2026-06-01 09:06:37,Ibizza Store,494044085,Preferred(Non-CB),27401681647,PROMO Paket Usaha Grosir Hemat 3pcs Lampu LED Bohlam Platinum Blub 5w 7w 9w 12w 18w 25w Putih umur 15000jam Bergaransi COD,197555507333,Normal Product,,Perlengkapan Rumah,Lampu,,35100,1,Komisi Shopee,,35100,,1.50%,526.5,0.00%,0,526.5,526.5,0,526.5,,0,0.00%,0,100.00%,526.5,Tertunda,Pesanan sedang diproses. Komisi akan dikonfirmasi setelah pesanan selesai.,Pesanan dari Toko yang tidak Dipromosikan,Ada,rakdapur3,,,,,Facebook
2606022UKHBDH4,Tertunda,234098366246213,2026-06-02 18:19:30,,2026-06-02 17:44:09,sridewikebaya,8018287,Preferred(Non-CB),44280710770,2465_kamen jadi bordir motif riris terbaru benang silver dengan desain ekslusif,400892335685,Normal Product,,Pakaian Wanita,Pakaian Tradisional,Bawahan Tradisional,175000,1,Komisi Shopee,,140000,,1.50%,2100,0.00%,0,2100,2100,0,2100,,0,0.00%,0,100.00%,2100,Tertunda,Pesanan sedang diproses. Komisi akan dikonfirmasi setelah pesanan selesai.,Pesanan dari Toko yang tidak Dipromosikan,Ada,Atayasetelankaosanak,,,,,Facebook
2606022UK6VB3D,Tertunda,234098355268768,2026-06-02 18:19:15,,2026-06-02 18:17:18,GRIYA_KANZA,173331115,Preferred(Non-CB),29444684981,CELANA KULOT ANAK KULOT LOT NOK MOTIP SERAT KAYU ANAK USIA 5 SAMPAI 8 TAHUN KOREAN STYLE TERBARU,380851277170,Normal Product,,Fashion Bayi & Anak,Pakaian Anak Perempuan,Bawahan,21900,1,Komisi XTRA,,21900,,1.50%,328.5,2.50%,547.5,876,328.5,547.5,876,,0,0.00%,0,100.00%,876,Tertunda,Pesanan sedang diproses. Komisi akan dikonfirmasi setelah pesanan selesai.,Pesanan dari Toko yang tidak Dipromosikan,Ada,Atayasetelankaosanak,,,,,Facebook
2606022UJ8AHJX,Tertunda,234098323226418,2026-06-02 18:18:43,,2026-06-02 18:15:17,GIBRAN BAG,1603649184,Preferred(Non-CB),27843188291,Tas sekolah laki laki aesthetic  SD SMP SMA KULIAH,228183395711,Normal Product,,Fashion Bayi & Anak,Aksesoris Bayi & Anak,Tas & Koper,109900,1,Komisi XTRA,,109900,,1.50%,1648.5,4.00%,4396,6044.5,3147,8392,11539,,0,0.00%,0,100.00%,11539,Tertunda,Pesanan sedang diproses. Komisi akan dikonfirmasi setelah pesanan selesai.,Pesanan dari Toko yang tidak Dipromosikan,Ada,Atayasetelankaosanak,,,,,Facebook
2606022UJ8AHJX,Tertunda,234098323226418,2026-06-02 18:18:43,,2026-06-02 18:15:17,GIBRAN BAG,1603649184,Preferred(Non-CB),27843188291,Tas sekolah laki laki aesthetic  SD SMP SMA KULIAH,228183395714,Normal Product,,Fashion Bayi & Anak,Aksesoris Bayi & Anak,Tas & Koper,99900,1,Komisi XTRA,,99900,,1.50%,1498.5,4.00%,3996,5494.5,0,0,0,,0,0.00%,0,100.00%,0,Tertunda,Pesanan sedang diproses. Komisi akan dikonfirmasi setelah pesanan selesai.,Pesanan dari Toko yang tidak Dipromosikan,Ada,Atayasetelankaosanak,,,,,Facebook
2606022UJ8AHJW,Tertunda,234098323226417,2026-06-02 18:18:43,,2026-06-02 18:15:17,GoldiesBags,81485227,Preferred(Non-CB),25863213785,Tas Ransel Pria Tas Ransel Jumbo Tas Punggung 50 Liter Tas Mudik Tas Punggung Tas Ransel Cowok Tas Jumbo Ransel Besar,158536436121,Normal Product,,Tas Pria,Ransel Pria,,77831,1,Komisi XTRA,,77831,,1.50%,1167.465,0.50%,389.155,1556.62,3502.395,1167.465,4669.86,,0,0.00%,0,100.00%,4669.86,Tertunda,Pesanan sedang diproses. Komisi akan dikonfirmasi setelah pesanan selesai.,Pesanan dari Toko yang tidak Dipromosikan,Ada,Atayasetelankaosanak,,,,,Facebook
2606022UJ8AHJW,Tertunda,234098323226417,2026-06-02 18:18:43,,2026-06-02 18:15:17,GoldiesBags,81485227,Preferred(Non-CB),25863213785,Tas Ransel Pria Tas Ransel Jumbo Tas Punggung 50 Liter Tas Mudik Tas Punggung Tas Ransel Cowok Tas Jumbo Ransel Besar,232556705504,Normal Product,,Tas Pria,Ransel Pria,,77831,1,Komisi XTRA,,77831,,1.50%,1167.465,0.50%,389.155,1556.62,0,0,0,,0,0.00%,0,100.00%,0,Tertunda,Pesanan sedang diproses. Komisi akan dikonfirmasi setelah pesanan selesai.,Pesanan dari Toko yang tidak Dipromosikan,Ada,Atayasetelankaosanak,,,,,Facebook
2606022UJ8AHJW,Tertunda,234098323226417,2026-06-02 18:18:43,,2026-06-02 18:15:17,GoldiesBags,81485227,Preferred(Non-CB),25863213785,Tas Ransel Pria Tas Ransel Jumbo Tas Punggung 50 Liter Tas Mudik Tas Punggung Tas Ransel Cowok Tas Jumbo Ransel Besar,245328617733,Normal Product,,Tas Pria,Ransel Pria,,77831,1,Komisi XTRA,,77831,,1.50%,1167.465,0.50%,389.155,1556.62,0,0,0,,0,0.00%,0,100.00%,0,Tertunda,Pesanan sedang diproses. Komisi akan dikonfirmasi setelah pesanan selesai.,Pesanan dari Toko yang tidak Dipromosikan,Ada,Atayasetelankaosanak,,,,,Facebook
2606022UJ8AHJV,Tertunda,234098323226416,2026-06-02 18:18:43,,2026-06-02 18:15:17,HONEY QUEENS,315813018,Preferred(Non-CB),24203740919,HONEY QUEENS Tas Travel Kapasitas Besar Tas Ransel Pria Tas Gunung Tas Sekolah,222378473879,Normal Product,,Tas Pria,Ransel Pria,,76216,1,Komisi XTRA,,76216,,1.50%,1143.24,0.50%,381.08,1524.32,3429.72,1143.24,4572.96,,0,0.00%,0,100.00%,4572.96,Tertunda,Pesanan sedang diproses. Komisi akan dikonfirmasi setelah pesanan selesai.,Pesanan dari Toko yang tidak Dipromosikan,Ada,Atayasetelankaosanak,,,,,Facebook
2606022UJ8AHJV,Tertunda,234098323226416,2026-06-02 18:18:43,,2026-06-02 18:15:17,HONEY QUEENS,315813018,Preferred(Non-CB),24203740919,HONEY QUEENS Tas Travel Kapasitas Besar Tas Ransel Pria Tas Gunung Tas Sekolah,222378473880,Normal Product,,Tas Pria,Ransel Pria,,76216,1,Komisi XTRA,,76216,,1.50%,1143.24,0.50%,381.08,1524.32,0,0,0,,0,0.00%,0,100.00%,0,Tertunda,Pesanan sedang diproses. Komisi akan dikonfirmasi setelah pesanan selesai.,Pesanan dari Toko yang tidak Dipromosikan,Ada,Atayasetelankaosanak,,,,,Facebook
2606022UJ8AHJV,Tertunda,234098323226416,2026-06-02 18:18:43,,2026-06-02 18:15:17,HONEY QUEENS,315813018,Preferred(Non-CB),24203740919,HONEY QUEENS Tas Travel Kapasitas Besar Tas Ransel Pria Tas Gunung Tas Sekolah,222378473881,Normal Product,,Tas Pria,Ransel Pria,,76216,1,Komisi XTRA,,76216,,1.50%,1143.24,0.50%,381.08,1524.32,0,0,0,,0,0.00%,0,100.00%,0,Tertunda,Pesanan sedang diproses. Komisi akan dikonfirmasi setelah pesanan selesai.,Pesanan dari Toko yang tidak Dipromosikan,Ada,Atayasetelankaosanak,,,,,Facebook
2606022UJ8AHJU,Tertunda,234098323226415,2026-06-02 18:18:43,,2026-06-02 18:15:17,Trubus.store,163875945,Preferred(Non-CB),6545533625,Tas Ransel gunung polonet Tas Gunung Carrier Murah 60liter Tas ransel outdor Tas camping,52357507834,Normal Product,,Tas Pria,Ransel Pria,,125423,1,Komisi XTRA,,125323,,1.50%,1879.845,2.00%,2506.46,4386.305,7519.38,10025.84,17545.22,,0,0.00%,0,100.00%,17545.22,Tertunda,Pesanan sedang diproses. Komisi akan dikonfirmasi setelah pesanan selesai.,Pesanan dari Toko yang tidak Dipromosikan,Ada,Atayasetelankaosanak,,,,,Facebook
2606022UJ8AHJU,Tertunda,234098323226415,2026-06-02 18:18:43,,2026-06-02 18:15:17,Trubus.store,163875945,Preferred(Non-CB),6545533625,Tas Ransel gunung polonet Tas Gunung Carrier Murah 60liter Tas ransel outdor Tas camping,70537594876,Normal Product,,Tas Pria,Ransel Pria,,125423,1,Komisi XTRA,,125323,,1.50%,1879.845,2.00%,2506.46,4386.305,0,0,0,,0,0.00%,0,100.00%,0,Tertunda,Pesanan sedang diproses. Komisi akan dikonfirmasi setelah pesanan selesai.,Pesanan dari Toko yang tidak Dipromosikan,Ada,Atayasetelankaosanak,,,,,Facebook
2606022UJ8AHJU,Tertunda,234098323226415,2026-06-02 18:18:43,,2026-06-02 18:15:17,Trubus.store,163875945,Preferred(Non-CB),6545533625,Tas Ransel gunung polonet Tas Gunung Carrier Murah 60liter Tas ransel outdor Tas camping,70537594877,Normal Product,,Tas Pria,Ransel Pria,,125423,2,Komisi XTRA,,250646,,1.50%,3759.69,2.00%,5012.92,8772.61,0,0,0,,0,0.00%,0,100.00%,0,Tertunda,Pesanan sedang diproses. Komisi akan dikonfirmasi setelah pesanan selesai.,Pesanan dari Toko yang tidak Dipromosikan,Ada,Atayasetelankaosanak,,,,,Facebook
2606022UJ8AHJT,Tertunda,234098323226414,2026-06-02 18:18:43,,2026-06-02 18:15:17,KYUU_1,237179331,Preferred(Non-CB),5084030233,Tas Ransel  Carier 50 60 Liter Bonus Rain Cover tas gunung Outdor kuliah   smp smu kerja camping,25076262051,Normal Product,0_445029856591938_1,Olahraga & Outdoor,Alat Rekreasi Olahraga & Aktivitas Outdoor,Camping & Hiking,119310.34789,1,Komisi XTRA,,119310.34789,,1.50%,1789.65521,4.50%,5368.96565,7158.62086,4003.49999,12010.49999,16013.99998,,0,0.00%,0,100.00%,16013.99998,Tertunda,Pesanan sedang diproses. Komisi akan dikonfirmasi setelah pesanan selesai.,Pesanan dari Toko yang tidak Dipromosikan,Ada,Atayasetelankaosanak,,,,,Facebook
2606022UJ8AHJT,Tertunda,234098323226414,2026-06-02 18:18:43,,2026-06-02 18:15:17,KYUU_1,237179331,Preferred(Non-CB),5084030233,Tas Ransel  Carier 50 60 Liter Bonus Rain Cover tas gunung Outdor kuliah   smp smu kerja camping,25076262052,Normal Product,0_445029856591938_1,Olahraga & Outdoor,Alat Rekreasi Olahraga & Aktivitas Outdoor,Camping & Hiking,76539.6521,1,Komisi XTRA,,76539.6521,,1.50%,1148.09478,4.50%,3444.28434,4592.37912,0,0,0,,0,0.00%,0,100.00%,0,Tertunda,Pesanan sedang diproses. Komisi akan dikonfirmasi setelah pesanan selesai.,Pesanan dari Toko yang tidak Dipromosikan,Ada,Atayasetelankaosanak,,,,,Facebook
2606022UJ8AHJT,Tertunda,234098323226414,2026-06-02 18:18:43,,2026-06-02 18:15:17,KYUU_1,237179331,Preferred(Non-CB),5084030233,Tas Ransel  Carier 50 60 Liter Bonus Rain Cover tas gunung Outdor kuliah   smp smu kerja camping,205655767309,Normal Product,,Olahraga & Outdoor,Alat Rekreasi Olahraga & Aktivitas Outdoor,Camping & Hiking,71050,1,Komisi XTRA,,71050,,1.50%,1065.75,4.50%,3197.25,4263,0,0,0,,0,0.00%,0,100.00%,0,Tertunda,Pesanan sedang diproses. Komisi akan dikonfirmasi setelah pesanan selesai.,Pesanan dari Toko yang tidak Dipromosikan,Ada,Atayasetelankaosanak,,,,,Facebook
2606022UBC0FFA,Tertunda,234098092203539,2026-06-02 18:14:52,,2026-06-02 17:20:33,INDO BATIK MALL,280744815,Preferred(Non-CB),15199458677,Kain batik MODERN 45 - jarik jawa asli - kain batik panjang - samping panjang tebal lembut - jarik ibu melahirkan -sprei- sampin,127781094088,Normal Product,,Pakaian Wanita,Kain,Batik,52287,1,Komisi XTRA,,51170,,1.50%,767.55,5.50%,2814.35,3581.9,6839.175,19562.075,26401.25,,0,0.00%,0,100.00%,26401.25,Tertunda,Pesanan sedang diproses. Komisi akan dikonfirmasi setelah pesanan selesai.,Pesanan dari Toko yang tidak Dipromosikan,Ada,Atayasetelankaosanak,,,,,Facebook
2606022UBC0FFA,Tertunda,234098092203539,2026-06-02 18:14:52,,2026-06-02 17:20:33,INDO BATIK MALL,280744815,Preferred(Non-CB),15199458677,Kain batik MODERN 45 - jarik jawa asli - kain batik panjang - samping panjang tebal lembut - jarik ibu melahirkan -sprei- sampin,204570744516,Normal Product,,Pakaian Wanita,Kain,Batik,56053,1,Komisi XTRA,,54847,,1.50%,822.705,5.50%,3016.585,3839.29,0,0,0,,0,0.00%,0,100.00%,0,Tertunda,Pesanan sedang diproses. Komisi akan dikonfirmasi setelah pesanan selesai.,Pesanan dari Toko yang tidak Dipromosikan,Ada,Atayasetelankaosanak,,,,,Facebook
2606022UBC0FFA,Tertunda,234098092203539,2026-06-02 18:14:52,,2026-06-02 17:20:33,INDO BATIK MALL,280744815,Preferred(Non-CB),15199458677,Kain batik MODERN 45 - jarik jawa asli - kain batik panjang - samping panjang tebal lembut - jarik ibu melahirkan -sprei- sampin,204570744518,Normal Product,,Pakaian Wanita,Kain,Batik,57540,1,Komisi XTRA,,56303,,1.50%,844.545,5.50%,3096.665,3941.21,0,0,0,,0,0.00%,0,100.00%,0,Tertunda,Pesanan sedang diproses. Komisi akan dikonfirmasi setelah pesanan selesai.,Pesanan dari Toko yang tidak Dipromosikan,Ada,Atayasetelankaosanak,,,,,Facebook
2606022UBC0FFA,Tertunda,234098092203539,2026-06-02 18:14:52,,2026-06-02 17:20:33,INDO BATIK MALL,280744815,Preferred(Non-CB),23054954327,"Kain Jarik Batik Panjang Capcent Merk ""BATURAJA'' Kain Samping Ukuran Jumbo & Multifungsi",222031629930,Normal Product,,Pakaian Wanita,Kain,Batik,63598,1,Komisi XTRA,,61242,,1.50%,918.63,2.50%,1531.05,2449.68,0,0,0,,0,0.00%,0,100.00%,0,Tertunda,Pesanan sedang diproses. Komisi akan dikonfirmasi setelah pesanan selesai.,Pesanan dari Toko yang tidak Dipromosikan,Ada,Atayasetelankaosanak,,,,,Facebook
2606022UBC0FFA,Tertunda,234098092203539,2026-06-02 18:14:52,,2026-06-02 17:20:33,INDO BATIK MALL,280744815,Preferred(Non-CB),23054954327,"Kain Jarik Batik Panjang Capcent Merk ""BATURAJA'' Kain Samping Ukuran Jumbo & Multifungsi",222031629935,Normal Product,,Pakaian Wanita,Kain,Batik,63710,1,Komisi XTRA,,61348,,1.50%,920.22,2.50%,1533.7,2453.92,0,0,0,,0,0.00%,0,100.00%,0,Tertunda,Pesanan sedang diproses. Komisi akan dikonfirmasi setelah pesanan selesai.,Pesanan dari Toko yang tidak Dipromosikan,Ada,Atayasetelankaosanak,,,,,Facebook
2606022UBC0FFA,Tertunda,234098092203539,2026-06-02 18:14:52,,2026-06-02 17:20:33,INDO BATIK MALL,280744815,Preferred(Non-CB),23054954327,"Kain Jarik Batik Panjang Capcent Merk ""BATURAJA'' Kain Samping Ukuran Jumbo & Multifungsi",222031629939,Normal Product,,Pakaian Wanita,Kain,Batik,63598,1,Komisi XTRA,,61240,,1.50%,918.6,2.50%,1531,2449.6,0,0,0,,0,0.00%,0,100.00%,0,Tertunda,Pesanan sedang diproses. Komisi akan dikonfirmasi setelah pesanan selesai.,Pesanan dari Toko yang tidak Dipromosikan,Ada,Atayasetelankaosanak,,,,,Facebook
2606022UBC0FFA,Tertunda,234098092203539,2026-06-02 18:14:52,,2026-06-02 17:20:33,INDO BATIK MALL,280744815,Preferred(Non-CB),15199458677,Kain batik MODERN 45 - jarik jawa asli - kain batik panjang - samping panjang tebal lembut - jarik ibu melahirkan -sprei- sampin,127781094080,Normal Product,,Pakaian Wanita,Kain,Batik,54667,1,Komisi XTRA,,53492,,1.50%,802.38,5.50%,2942.06,3744.44,0,0,0,,0,0.00%,0,100.00%,0,Tertunda,Pesanan sedang diproses. Komisi akan dikonfirmasi setelah pesanan selesai.,Pesanan dari Toko yang tidak Dipromosikan,Ada,Atayasetelankaosanak,,,,,Facebook
2606022UBC0FFA,Tertunda,234098092203539,2026-06-02 18:14:52,,2026-06-02 17:20:33,INDO BATIK MALL,280744815,Preferred(Non-CB),15199458677,Kain batik MODERN 45 - jarik jawa asli - kain batik panjang - samping panjang tebal lembut - jarik ibu melahirkan -sprei- sampin,127781094084,Normal Product,,Pakaian Wanita,Kain,Batik,57540,1,Komisi XTRA,,56303,,1.50%,844.545,5.50%,3096.665,3941.21,0,0,0,,0,0.00%,0,100.00%,0,Tertunda,Pesanan sedang diproses. Komisi akan dikonfirmasi setelah pesanan selesai.,Pesanan dari Toko yang tidak Dipromosikan,Ada,Atayasetelankaosanak,,,,,Facebook
2606022U9WAW2T,Tertunda,234098043265758,2026-06-02 18:14:03,,2026-06-02 18:09:11,Happysale24,334874613,Preferred(Non-CB),46158905948,Setelan Anak Perempuan Kaos Pita Love + Rok Jeans Bordir | Baju Anak Cewek Lucu Kekinian Korean Style Usia 1-5 Tahun Murah Free ,370787630602,Normal Product,,Fashion Bayi & Anak,Pakaian Anak Perempuan,Jas & Setelan,73500,1,Komisi XTRA,,69825,,1.50%,1047.375,3.50%,2443.875,3491.25,1047.375,2443.875,3491.25,,0,0.00%,0,100.00%,3491.25,Tertunda,Pesanan sedang diproses. Komisi akan dikonfirmasi setelah pesanan selesai.,Pesanan dari Toko yang tidak Dipromosikan,Ada,Atayasetelankaosanak,,,,,Facebook
2606022U42CAQW,Tertunda,234097847224945,2026-06-02 18:10:48,,2026-06-01 10:52:28,KD_CENTER,853983175,Preferred(Non-CB),51955982818,Cetak Stiker Label harga  No.112  /nama produk/ganti tanggal/varian parfum/Custom Waterproof 8x20mm Isi 153 Label,420543080349,Normal Product,,Buku & Alat Tulis,Buku Tulis & Kertas,Label & Stiker,1220,24,Komisi XTRA,,24930,,1.50%,373.95,5.00%,1246.5,1620.45,373.95,1246.5,1620.45,,0,0.00%,0,100.00%,1620.45,Tertunda,Pesanan sedang diproses. Komisi akan dikonfirmasi setelah pesanan selesai.,Pesanan dari Toko yang tidak Dipromosikan,Ada,rakdapur3,,,,,Threads
2606022TXD7CPT,Tertunda,234097657278757,2026-06-02 18:07:45,,2026-06-01 18:49:21,Pap And Mam,999452101,Preferred(Non-CB),24943081840,Cairan Ban Tubles Federal 350ml,188347091409,Normal Product,,Sepeda Motor,Suku Cadang Motor,Ban Motor & Aksesoris,18500,1,Komisi XTRA,,15500,,1.50%,232.5,3.50%,542.5,775,232.5,542.5,775,,0,0.00%,0,100.00%,775,Tertunda,Pesanan sedang diproses. Komisi akan dikonfirmasi setelah pesanan selesai.,Pesanan dari Toko yang tidak Dipromosikan,Ada,Atayasetelankaosanak,,,,,Facebook
2606022TXHY0UJ,Tertunda,234097662231326,2026-06-02 18:07:42,,2026-06-02 18:02:55,Nunu Kids Fashion,1517218047,Preferred(Non-CB),53505058132,(COD) Nunu Kaos OVERSIZE ROBLOX 30 Anak Laki-Laki/Fashion anak Laki-Laki/Atasan anak Laki-Laki Best Seller/ Oversize Model Terba,410465738247,Normal Product,,Fashion Bayi & Anak,Pakaian Anak Laki-Laki,Atasan,61999,1,Komisi XTRA,,46837,,1.50%,702.555,4.00%,1873.48,2576.035,702.555,1873.48,2576.035,,0,0.00%,0,100.00%,2576.035,Tertunda,Pesanan sedang diproses. Komisi akan dikonfirmasi setelah pesanan selesai.,Pesanan dari Toko yang tidak Dipromosikan,Ada,Atayasetelankaosanak,,,,,Facebook
2606022TUYWS0C,Tertunda,234097576213220,2026-06-02 18:06:16,,2026-06-02 16:29:30,Royal Home Official,1248384507,Preferred(Non-CB),44206025821,Royal Home COD Rak Pengering Piring & Mangkuk | Rak Peralatan Makan & Minum Multifungsi,280503421108,Normal Product,,Perlengkapan Rumah,Perlengkapan Dapur,Rak Dapur,37100,1,Komisi XTRA,,35245,,1.50%,528.675,1.50%,528.675,1057.35,528.675,528.675,1057.35,,0,0.00%,0,100.00%,1057.35,Tertunda,Pesanan sedang diproses. Komisi akan dikonfirmasi setelah pesanan selesai.,Pesanan dari Toko yang tidak Dipromosikan,Ada,rakdapur3,,,,,Facebook
2606022TCG2Y9G,Tertunda,234097057293814,2026-06-02 17:57:58,,2026-06-02 04:17:03,MDLBake,1088992736,Preferred(Non-CB),54958862468,MDLBake 100pcs Stiker Lucu 25cm Sticker Label Packing Kado Gift Hampers Thank You Baking Handmade Murah,350786256704,Normal Product,,Buku & Alat Tulis,Buku Tulis & Kertas,Label & Stiker,13800,2,Komisi XTRA,,26220,,1.50%,393.3,1.00%,262.2,655.5,393.3,262.2,655.5,,0,0.00%,0,100.00%,655.5,Tertunda,Pesanan sedang diproses. Komisi akan dikonfirmasi setelah pesanan selesai.,Pesanan dari Toko yang tidak Dipromosikan,Ada,rakdapur3,,,,,Websites
2606022TCG2Y9F,Tertunda,234097057293814,2026-06-02 17:57:58,,2026-06-02 04:17:03,ZOMA STORE,1310664023,Preferred(Non-CB),26812551992,mika kue premium 10 pcs / mika mochi 4 lubang / mika pia serba guna,233267155107,Normal Product,,Perlengkapan Rumah,Perlengkapan Dapur,Tempat Penyimpanan Makanan,29205,2,Komisi XTRA,,55489,,1.50%,832.335,3.50%,1942.115,2774.45,832.335,1942.115,2774.45,,0,0.00%,0,100.00%,2774.45,Tertunda,Pesanan sedang diproses. Komisi akan dikonfirmasi setelah pesanan selesai.,Pesanan dari Toko yang tidak Dipromosikan,Ada,rakdapur3,,,,,Websites
2606022T9V46EX,Tertunda,234096968253985,2026-06-02 17:56:08,,2026-06-02 17:48:19,Pinocchio babyshop,670874561,C2C(Non-CB),57460988266,mamypoko pants x-tra kering isi 2ball promo,335958672391,Normal Product,,Ibu & Bayi,Popok & Pispot,Popok Sekali Pakai,91500,1,Komisi Shopee,,91500,,0.00%,0,0.00%,0,0,0,0,0,,0,0.00%,0,100.00%,0,Tertunda,Pesanan sedang diproses. Komisi akan dikonfirmasi setelah pesanan selesai.,Pesanan dari Toko yang tidak Dipromosikan,Ada,Atayasetelankaosanak,,,,,Facebook
2606022T5KQBQY,Tertunda,234096825226169,2026-06-02 17:53:46,,2026-06-02 09:42:42,missitahijab.official,55810898,Preferred(Non-CB),26703659651,Missita - Mukena anak tanggung model penutup dagu malaysia bahan jersey premium rempel,256080178922,Normal Product,,Fashion Muslim,Pakaian Muslim Anak,Pakaian Muslim Anak Perempuan,104900,1,Komisi XTRA,,83920,,1.50%,1258.8,2.50%,2098,3356.8,1258.8,2098,3356.8,,0,0.00%,0,100.00%,3356.8,Tertunda,Pesanan sedang diproses. Komisi akan dikonfirmasi setelah pesanan selesai.,Pesanan dari Toko yang tidak Dipromosikan,Ada,benihsayuran,,,,,Instagram
2606022T2NA9BF,Tertunda,234096726232306,2026-06-02 17:52:06,,2026-06-02 14:39:00,Hemiuue,1345142012,Preferred(Non-CB),53456717934,Casing Hp Untuk Samsung Galaxy Note 10 Note 10 Plus Note 10 Lite M60s Case HP Casing pola Kupu-kupu dan Hati Kesing Cesing tali ,370603913224,Normal Product,,Handphone & Aksesoris,Aksesoris,Casing & Skin,28520,1,Komisi XTRA,,27520,,0.50%,137.6,2.50%,688,825.6,137.6,688,825.6,,0,0.00%,0,100.00%,825.6,Tertunda,Pesanan sedang diproses. Komisi akan dikonfirmasi setelah pesanan selesai.,Pesanan dari Toko yang tidak Dipromosikan,Ada,rakdapur3,,,,,Facebook
2606022T2NA9BE,Tertunda,234096726232306,2026-06-02 17:52:06,,2026-06-02 14:39:00,Lemoine Bandung,711765398,Preferred(Non-CB),24583303785,Nuvita Nutri C 1000 mg Vitamin C Aman di Lambung 30 kaplet,148701046005,Normal Product,,Kesehatan,Suplemen Makanan,Kesejahteraan,105000,1,Komisi Shopee,,94002,,1.50%,1410.03,0.00%,0,1410.03,2551.5,0,2551.5,,0,0.00%,0,100.00%,2551.5,Tertunda,Pesanan sedang diproses. Komisi akan dikonfirmasi setelah pesanan selesai.,Pesanan dari Toko yang tidak Dipromosikan,Ada,rakdapur3,,,,,Facebook
2606022T2NA9BE,Tertunda,234096726232306,2026-06-02 17:52:06,,2026-06-02 14:39:00,Lemoine Bandung,711765398,Preferred(Non-CB),52905528950,Nuvita Magnesium 350mg 30 Kaplet By Lemoine - Suplemen  Kesehatan Tulang Otot Jantung Dan Saraf,440501556858,Normal Product,,Kesehatan,Suplemen Makanan,Kesejahteraan,85000,1,Komisi Shopee,,76098,,1.50%,1141.47,0.00%,0,1141.47,0,0,0,,0,0.00%,0,100.00%,0,Tertunda,Pesanan sedang diproses. Komisi akan dikonfirmasi setelah pesanan selesai.,Pesanan dari Toko yang tidak Dipromosikan,Ada,rakdapur3,,,,,Facebook
2606022SW9PWJF,Tertunda,234096546281166,2026-06-02 17:49:08,,2026-06-02 17:33:20,RAJA DAPUR22,127771410,Preferred(Non-CB),25820819935,jual wajan penggorengan harga terbaik & termurah tahun baru 2024 wajan anti lengket,301838343288,Normal Product,,Perlengkapan Rumah,Perlengkapan Dapur,Penggorengan,37900,1,Komisi XTRA,,7900,,1.50%,118.5,3.50%,276.5,395,118.5,276.5,395,,0,0.00%,0,100.00%,395,Tertunda,Pesanan sedang diproses. Komisi akan dikonfirmasi setelah pesanan selesai.,Pesanan dari Toko yang tidak Dipromosikan,Ada,WallpaperDindingVinyl,,,,,Instagram
2606022SW9PWJE,Tertunda,234096546281166,2026-06-02 17:49:08,,2026-06-02 17:33:20,lesousstore,163814913,C2C(Non-CB),7344189074,Kompor Camping Kotak Mini Portabel Stove Gas KAKI EMPAT,70441540442,Normal Product,,Olahraga & Outdoor,Alat Rekreasi Olahraga & Aktivitas Outdoor,Camping & Hiking,50958,1,Komisi XTRA,,50958,,0.00%,0,0.50%,254.79,254.79,0,254.79,254.79,,0,0.00%,0,100.00%,254.79,Tertunda,Pesanan sedang diproses. Komisi akan dikonfirmasi setelah pesanan selesai.,Pesanan dari Toko yang tidak Dipromosikan,Ada,WallpaperDindingVinyl,,,,,Instagram
2606022SPNYWKH,Tertunda,234096324281805,2026-06-02 17:45:25,,2026-06-02 17:41:27,NajwaFashionMuslim,67693195,Preferred(Non-CB),43080940197,NJW - Setelan Wanita Oneset Julia Motif Oneset Rok Setelan Casual Chic Elegan,365929475942,Normal Product,,Pakaian Wanita,Set,Set Wanita,34499,1,Komisi XTRA,,32774,,1.50%,491.61,10.00%,3277.4,3769.01,491.61,3277.4,3769.01,,0,0.00%,0,100.00%,3769.01,Tertunda,Pesanan sedang diproses. Komisi akan dikonfirmasi setelah pesanan selesai.,Pesanan Produk dari Toko yang Dipromosikan,Ada,Atayasetelankaosanak,,,,,Facebook
2606022SP3T0D5,Tertunda,234096305210895,2026-06-02 17:45:05,,2026-06-02 17:36:24,LJ_STORE0527,741643490,Preferred(Non-CB),24442793887,[72Sachet] Rinso Cair Kemasan Baru 20gr 36sachet+36Sachet molto 10ml Varian Random,215892873127,Normal Product,,Perlengkapan Rumah,Perawatan Rumah,Perawatan Pakaian,33600,1,Komisi XTRA,,29600,,1.50%,444,0.50%,148,592,444,148,592,,0,0.00%,0,100.00%,592,Tertunda,Pesanan sedang diproses. Komisi akan dikonfirmasi setelah pesanan selesai.,Pesanan dari Toko yang tidak Dipromosikan,Ada,rakdapur3,,,,,Others
2606022RXDNP18,Tertunda,234095510250220,2026-06-02 17:31:51,,2026-06-02 16:54:30,Digedot.id,1413677638,Preferred(Non-CB),29574271081,Tas Serut - Stringbag Wanita Kanvas Tebal Taylor Swift Y2K,168678909998,Normal Product,,Koper & Tas Travel,Tas Travel,Tas Serut,13799,1,Komisi XTRA,,13195,,1.50%,197.925,4.50%,593.775,791.7,197.925,593.775,791.7,,0,0.00%,0,100.00%,791.7,Tertunda,Pesanan sedang diproses. Komisi akan dikonfirmasi setelah pesanan selesai.,Pesanan dari Toko yang tidak Dipromosikan,Ada,Atayasetelankaosanak,,,,,Facebook
2606022RR4E745,Tertunda,234095299242391,2026-06-02 17:28:23,,2026-06-02 17:25:08,cihuy_shop,8406868,Preferred(Non-CB),28166344511,[CIHUY] -  Aiko Jeans Skirt Short Casual Style Bigsize Rok Jeans Jumbo,251937307539,Normal Product,,Pakaian Wanita,Rok,,96999,1,Komisi XTRA,,91674,,1.50%,1375.11,5.25%,4812.885,6187.995,1375.11,4812.885,6187.995,,0,0.00%,0,100.00%,6187.995,Tertunda,Pesanan sedang diproses. Komisi akan dikonfirmasi setelah pesanan selesai.,Pesanan dari Toko yang tidak Dipromosikan,Ada,Atayasetelankaosanak,,,,,Facebook
2606022RGBGY9R,Tertunda,234095038240263,2026-06-02 17:24:02,,2026-06-02 17:22:48,Bahan.,1356393927,Preferred(Non-CB),42772093019,BAHAN |Sepatu Sandal Wanita Mode Sepatu Sneakers Wanita Nyaman Anti selip Sandal Wedges Terbaru 2025,281795584112,Normal Product,,Sepatu Wanita,Sandal Jepit & Sandal Lainnya,Sandal Flat,29900,1,Komisi XTRA,,29900,,1.50%,448.5,3.50%,1046.5,1495,448.5,1046.5,1495,,0,0.00%,0,100.00%,1495,Tertunda,Pesanan sedang diproses. Komisi akan dikonfirmasi setelah pesanan selesai.,Pesanan dari Toko yang tidak Dipromosikan,Ada,rakdapur3,,,,,Facebook
2606022R5K83HK,Tertunda,234094677249572,2026-06-02 17:18:01,,2026-06-02 17:14:18,ANEKA.LISTRIK,218542238,Preferred(Non-CB),27568340670,FITTING FLEKSIBEL / FITTING LAMPU FLEKSIBEL E27 OVER COLOK ON/OFF/GAGANG FLEKSIBEL,176814295328,Normal Product,,Perlengkapan Rumah,Lampu,,9999,1,Komisi XTRA,,9999,,1.50%,149.985,1.00%,99.99,249.975,149.985,99.99,249.975,,0,0.00%,0,100.00%,249.975,Tertunda,Pesanan sedang diproses. Komisi akan dikonfirmasi setelah pesanan selesai.,Pesanan dari Toko yang tidak Dipromosikan,Ada,rakdapur3,,,,,Facebook
2606022QCVN148,Tertunda,234093848243650,2026-06-02 17:04:13,,2026-06-02 16:59:27,BC Stationery Store,1659941179,Preferred(Non-CB),53254184299,BC Acrylic Marker Set 48/60/80 Warna Color Spidol Akrilik DIY Painting Spidol Pastel Pulpen Highlight Colors Drawing,370397966956,Normal Product,,Buku & Alat Tulis,Alat Tulis,Spidol,36500,1,Komisi XTRA,,36500,,1.50%,547.5,4.50%,1642.5,2190,547.5,1642.5,2190,,0,0.00%,0,100.00%,2190,Tertunda,Pesanan sedang diproses. Komisi akan dikonfirmasi setelah pesanan selesai.,Pesanan dari Toko yang tidak Dipromosikan,Ada,rakdapur3,,,,,Facebook
2606022Q1J7DFQ,Tertunda,234093468214975,2026-06-02 16:57:48,,2026-06-01 18:32:23,Sausand'o ID,1264700375,Preferred(Non-CB),27340383171,Sausando - Obat Diet Ampuh 100% Herbal Turun 1-10kg Dalam 10 Hari  Pelangsing Badan,291224880504,Normal Product,,Kesehatan,Suplemen Makanan,Diet & Detoks,76000,1,Komisi XTRA,,49262,,1.50%,738.93,10.00%,4926.2,5665.13,1791.915,4926.2,6718.115,,0,0.00%,0,100.00%,6718.115,Tertunda,Pesanan sedang diproses. Komisi akan dikonfirmasi setelah pesanan selesai.,Pesanan dari Toko yang tidak Dipromosikan,Ada,benihsayuran,,,,,Instagram
2606022Q1J7DFQ,Tertunda,234093468214975,2026-06-02 16:57:48,,2026-06-01 18:32:23,Sausand'o ID,1264700375,Preferred(Non-CB),41221072011,【SAUSANDO Official】Obat Diet 3rd Gen L-Carnitine Terbaru 100% Herbal Pelangsing Badan Turun 1–10kg 10 Hari,286718689674,Normal Product,,Kesehatan,Suplemen Makanan,Diet & Detoks,78000,1,Komisi Shopee,,70199,,1.50%,1052.985,0.00%,0,1052.985,0,0,0,,0,0.00%,0,100.00%,0,Tertunda,Pesanan sedang diproses. Komisi akan dikonfirmasi setelah pesanan selesai.,Pesanan dari Toko yang tidak Dipromosikan,Ada,benihsayuran,,,,,Instagram
2606022PXD4DF7,Tertunda,234093362202239,2026-06-02 16:56:03,,2026-06-01 22:36:52,Wiky Fashion Bali~ Termurah,105800636,Preferred(Non-CB),24154772729,Setelan Atasan Tangtop dan Celana Pendek Wanita Motif dan Polos,355389388890,Normal Product,0_445271096181543_2,Pakaian Wanita,Set,Set Wanita,36554.01069,1,Komisi XTRA,,34892.01069,,1.50%,523.38016,5.00%,1744.60053,2267.98069,3149.17498,10497.24998,13646.42496,,0,0.00%,0,100.00%,13646.42496,Tertunda,Pesanan sedang diproses. Komisi akan dikonfirmasi setelah pesanan selesai.,Pesanan dari Toko yang tidak Dipromosikan,Ada,Atayasetelankaosanak,,,,,Others
2606022PXD4DF7,Tertunda,234093362202239,2026-06-02 16:56:03,,2026-06-01 22:36:52,Wiky Fashion Bali~ Termurah,105800636,Preferred(Non-CB),24154772729,Setelan Atasan Tangtop dan Celana Pendek Wanita Motif dan Polos,355389388897,Normal Product,0_445271096181543_1,Pakaian Wanita,Set,Set Wanita,37750,1,Komisi XTRA,,36033,,1.50%,540.495,5.00%,1801.65,2342.145,0,0,0,,0,0.00%,0,100.00%,0,Tertunda,Pesanan sedang diproses. Komisi akan dikonfirmasi setelah pesanan selesai.,Pesanan dari Toko yang tidak Dipromosikan,Ada,Atayasetelankaosanak,,,,,Others
2606022PXD4DF7,Tertunda,234093362202239,2026-06-02 16:56:03,,2026-06-01 22:36:52,Wiky Fashion Bali~ Termurah,105800636,Preferred(Non-CB),23082247070,Set Atasan Tangtop + Celana Pendek Bunga,435392861964,Normal Product,0_445271096181543_3,Pakaian Wanita,Set,Set Wanita,35545.6275,1,Komisi XTRA,,33929.6275,,1.50%,508.94441,5.00%,1696.48137,2205.42578,0,0,0,,0,0.00%,0,100.00%,0,Tertunda,Pesanan sedang diproses. Komisi akan dikonfirmasi setelah pesanan selesai.,Pesanan dari Toko yang tidak Dipromosikan,Ada,Atayasetelankaosanak,,,,,Others
2606022PXD4DF7,Tertunda,234093362202239,2026-06-02 16:56:03,,2026-06-01 22:36:52,Wiky Fashion Bali~ Termurah,105800636,Preferred(Non-CB),23082247070,Set Atasan Tangtop + Celana Pendek Bunga,435392861972,Normal Product,0_445271096181543_2,Pakaian Wanita,Set,Set Wanita,37745.9893,1,Komisi XTRA,,36028.9893,,1.50%,540.43483,5.00%,1801.44946,2341.88429,0,0,0,,0,0.00%,0,100.00%,0,Tertunda,Pesanan sedang diproses. Komisi akan dikonfirmasi setelah pesanan selesai.,Pesanan dari Toko yang tidak Dipromosikan,Ada,Atayasetelankaosanak,,,,,Others
2606022PXD4DF7,Tertunda,234093362202239,2026-06-02 16:56:03,,2026-06-01 22:36:52,Wiky Fashion Bali~ Termurah,105800636,Preferred(Non-CB),24154772729,Setelan Atasan Tangtop dan Celana Pendek Wanita Motif dan Polos,355389388884,Normal Product,0_445271096181543_3,Pakaian Wanita,Set,Set Wanita,34599.37249,1,Komisi XTRA,,33028.37249,,1.50%,495.42558,5.00%,1651.41862,2146.8442,0,0,0,,0,0.00%,0,100.00%,0,Tertunda,Pesanan sedang diproses. Komisi akan dikonfirmasi setelah pesanan selesai.,Pesanan dari Toko yang tidak Dipromosikan,Ada,Atayasetelankaosanak,,,,,Others
2606022PXD4DF7,Tertunda,234093362202239,2026-06-02 16:56:03,,2026-06-01 22:36:52,Wiky Fashion Bali~ Termurah,105800636,Preferred(Non-CB),24154772729,Setelan Atasan Tangtop dan Celana Pendek Wanita Motif dan Polos,355389388885,Normal Product,0_445271096181543_1,Pakaian Wanita,Set,Set Wanita,37750,1,Komisi XTRA,,36033,,1.50%,540.495,5.00%,1801.65,2342.145,0,0,0,,0,0.00%,0,100.00%,0,Tertunda,Pesanan sedang diproses. Komisi akan dikonfirmasi setelah pesanan selesai.,Pesanan dari Toko yang tidak Dipromosikan,Ada,Atayasetelankaosanak,,,,,Others
2606022PCVC3Y8,Tertunda,234092774203007,2026-06-02 16:46:15,,2026-06-02 15:44:16,tokomuliabudi,270177893,Preferred(Non-CB),17079021575,Tempat Sendok Handle Felicia Tutup Deluxe Lucky Star,360255275226,Normal Product,,Perlengkapan Rumah,Perlengkapan Dapur,Perlengkapan Dapur Lainnya,32000,1,Komisi Shopee,,30398,,1.50%,455.97,0.00%,0,455.97,455.97,0,455.97,,0,0.00%,0,100.00%,455.97,Tertunda,Pesanan sedang diproses. Komisi akan dikonfirmasi setelah pesanan selesai.,Pesanan dari Toko yang tidak Dipromosikan,Ada,rakdapur3,,,,,Others
2606022NPYGAR6,Tertunda,234092040299948,2026-06-02 16:34:21,,2026-06-02 12:22:07,Unilever Indonesia Official Shop,14318452,Shopee Mall(Non-CB),40007329464,[BELI 2 LEBIH HEMAT] Molto Pewangi Pakaian Active Fresh 2x765 mL,260619248385,Normal Product,,Perlengkapan Rumah,Perawatan Rumah,Pembersih,19000,1,Komisi Shopee,,19000,,1.50%,285,0.00%,0,285,285,0,285,,0,0.00%,0,100.00%,285,Tertunda,Pesanan sedang diproses. Komisi akan dikonfirmasi setelah pesanan selesai.,Pesanan dari Toko yang tidak Dipromosikan,Ada,rakdapur3,,,,,Facebook
2606022NCHP239,Tertunda,234091689258137,2026-06-02 16:28:10,,2026-06-01 22:25:55,Babycinnamon ,18877429,Preferred(Non-CB),44704612531,[FREE BANDANA] Dress Sakura uk. Bayi - 2 Tahun / Dres Anak Bayi Perempuan Premium Daster Rayon Daster Katun Daily 6-18 6-12 24 M,277330547896,Normal Product,,Fashion Bayi & Anak,Pakaian Bayi,Dress,38500,1,Komisi XTRA,,38500,,1.50%,577.5,1.50%,577.5,1155,577.5,577.5,1155,,0,0.00%,0,100.00%,1155,Tertunda,Pesanan sedang diproses. Komisi akan dikonfirmasi setelah pesanan selesai.,Pesanan dari Toko yang tidak Dipromosikan,Ada,dressanakperempuan,,,,,Facebook
2606022NAEWE1D,Tertunda,234091619248557,2026-06-02 16:27:03,,2026-05-30 20:27:14,LAPAK INQ,38472156,Preferred(Non-CB),25605842725,Celak Mata Kajal Ameerah Hitam Pekat,270456209456,Normal Product,,Perawatan & Kecantikan,Kosmetik,Kosmetik Mata,11400,1,Komisi XTRA,,11400,,1.50%,171,2.50%,285,456,319.5,532.5,852,,0,0.00%,0,100.00%,852,Tertunda,Pesanan sedang diproses. Komisi akan dikonfirmasi setelah pesanan selesai.,Pesanan dari Toko yang tidak Dipromosikan,Ada,rakdapur3,,,,,Websites
2606022NAEWE1D,Tertunda,234091619248557,2026-06-02 16:27:03,,2026-05-30 20:27:14,LAPAK INQ,38472156,Preferred(Non-CB),25605842725,Celak Mata Kajal Ameerah Hitam Pekat,197245941437,Normal Product,,Perawatan & Kecantikan,Kosmetik,Kosmetik Mata,9900,1,Komisi XTRA,,9900,,1.50%,148.5,2.50%,247.5,396,0,0,0,,0,0.00%,0,100.00%,0,Tertunda,Pesanan sedang diproses. Komisi akan dikonfirmasi setelah pesanan selesai.,Pesanan dari Toko yang tidak Dipromosikan,Ada,rakdapur3,,,,,Websites
2606022N7S2VMQ,Tertunda,234091567289585,2026-06-02 16:25:33,,2026-06-02 16:21:19,RezekiStore88,953011104,C2C(Non-CB),22529702645,NK Deodorant Spray ORIGINAL,146974978071,Normal Product,,Perawatan & Kecantikan,Perawatan Tubuh,Deodoran,21999,2,Komisi XTRA,,41798,,0.00%,0,6.50%,2716.87,2716.87,0,2716.87,2716.87,,0,0.00%,0,100.00%,2716.87,Tertunda,Pesanan sedang diproses. Komisi akan dikonfirmasi setelah pesanan selesai.,Pesanan dari Toko yang tidak Dipromosikan,Ada,rakdapur3,,,,,Facebook
2606022N709BYK,Tertunda,234091503240270,2026-06-02 16:25:07,,2026-06-02 16:22:27,RinnAcc,14430107,Preferred(Non-CB),20594852951,Keranjang Clio Lavender 4 Sekat / Storage Lavender Clio Multifungsi Serbaguna Plastik ATK Kantor,214712822358,Normal Product,,Perlengkapan Rumah,Organizer Rumah,Organizer Meja,10200,1,Komisi Shopee,,10200,,1.50%,153,0.00%,0,153,153,0,153,,0,0.00%,0,100.00%,153,Tertunda,Pesanan sedang diproses. Komisi akan dikonfirmasi setelah pesanan selesai.,Pesanan dari Toko yang tidak Dipromosikan,Ada,Atayasetelankaosanak,,,,,Facebook
2606022N6BAY7U,Tertunda,234091481273309,2026-06-02 16:24:48,,2026-06-01 10:56:12,JITDISA,931560526,Preferred(Non-CB),28939418910,Toper Karakter Lilo & Stitch Cake Topper Murah Hiasan Kue Ulang Tahun Full Stick,265945111391,Normal Product,,Perlengkapan Rumah,Perlengkapan Dapur,Alat & Dekorasi Baking,12500,1,Komisi Shopee,,12500,,1.50%,187.5,0.00%,0,187.5,187.5,0,187.5,,0,0.00%,0,100.00%,187.5,Tertunda,Pesanan sedang diproses. Komisi akan dikonfirmasi setelah pesanan selesai.,Pesanan dari Toko yang tidak Dipromosikan,Ada,Atayasetelankaosanak,,,,,Facebook
2606022MK1BKGJ,Tertunda,234090833277975,2026-06-02 16:14:01,,2026-06-02 16:02:41,Peyek Bundoh Store Bogor,47768345,Preferred(Non-CB),43172660147,PEYEK BUNDOH - Peyek Daun Bayam Berbagai Rasa Pack (120gr),286936921351,Normal Product,,Makanan & Minuman,Makanan Ringan,Keripik & Kerupuk,19400,6,Komisi Shopee,,102432,,1.50%,1536.48,0.00%,0,1536.48,1536.48,0,1536.48,,0,0.00%,0,100.00%,1536.48,Tertunda,Pesanan sedang diproses. Komisi akan dikonfirmasi setelah pesanan selesai.,Pesanan dari Toko yang tidak Dipromosikan,Ada,rakdapur3,,,,,Instagram
2606022MFC268B,Tertunda,234090710289252,2026-06-02 16:11:52,,2026-06-01 18:39:01,TANDUR SUBUR ID,37280286,Preferred(Non-CB),20934413993,METAN KOMPLETA karung 25kg media tanam aglonema philodendron monstera alocasia caladium calathea anthurium sansevieria hoya,201768536391,Normal Product,,Perlengkapan Rumah,Taman,Tanah & Media Tanam,72900,1,Komisi XTRA,,43973,,1.50%,659.595,2.50%,1099.325,1758.92,659.595,1099.325,1758.92,,0,0.00%,0,100.00%,1758.92,Tertunda,Pesanan sedang diproses. Komisi akan dikonfirmasi setelah pesanan selesai.,Pesanan dari Toko yang tidak Dipromosikan,Ada,rakdapur3,,,,,Others
2606022M8ERCRD,Tertunda,234090478224072,2026-06-02 16:07:59,,2026-06-01 14:54:34,urdhustore,1593596429,Preferred(Non-CB),44265170462,Daster Jumbo Rayon Premium Adem Busui Lengan 3/4 Motif Kekinian Muat BB 80kg - Dress Santai Wanita Nyaman Dipakai Seharian,291271175174,Normal Product,,Pakaian Wanita,Pakaian Tidur & Piyama,Daster,55890,1,Komisi XTRA,,47506,,1.50%,712.59,2.50%,1187.65,1900.24,712.59,1187.65,1900.24,,0,0.00%,0,100.00%,1900.24,Tertunda,Pesanan sedang diproses. Komisi akan dikonfirmasi setelah pesanan selesai.,Pesanan dari Toko yang tidak Dipromosikan,Ada,Atayasetelankaosanak,,,,,Facebook
2606022KV3YG97,Tertunda,234090064271153,2026-06-02 16:01:11,,2026-06-02 11:43:42,Domibro Mainan,545605599,Preferred(Non-CB),20417934187,Mainan Anak My World Tree House Edukasi Block Mainan Anak Laki Laki mainan rakitan,68909451597,Normal Product,,Ibu & Bayi,Mainan,Mainan Balok,49000,1,Komisi XTRA,,48000,,1.50%,720,3.00%,1440,2160,720,1440,2160,,0,0.00%,0,100.00%,2160,Tertunda,Pesanan sedang diproses. Komisi akan dikonfirmasi setelah pesanan selesai.,Pesanan dari Toko yang tidak Dipromosikan,Ada,rakdapur3,,,,,Threads
2606022KUD26VV,Tertunda,234090040240235,2026-06-02 16:00:44,,2026-06-02 15:57:13,Mr Variasi,230067757,Preferred(Non-CB),43857438528,Cover plat nomor motor universal list dan logo hologram BEAT VARIO MIO DLL sudah lengkap baut tinggal pasang sangat presisi untu,224336964822,Normal Product,,Sepeda Motor,Aksesoris Sepeda Motor,Aksesoris Sepeda Motor Lainnya,26500,1,Komisi XTRA,,26500,,1.50%,397.5,4.00%,1060,1457.5,397.5,1060,1457.5,,0,0.00%,0,100.00%,1457.5,Tertunda,Pesanan sedang diproses. Komisi akan dikonfirmasi setelah pesanan selesai.,Pesanan dari Toko yang tidak Dipromosikan,Ada,Atayasetelankaosanak,,,,,Facebook
2606022KCXGSCW,Tertunda,234089555236551,2026-06-02 15:52:35,,2026-05-27 16:37:04,Beauty Kingdom Supplier,949833999,Preferred(Non-CB),44270796327,[READY INSTANT] BPOM Rising Lady Cat Eye AC 13 Warna 15ml Kutek Gel Polish Cat Eye Satin Silky Nail Art,253939988528,Normal Product,,Perawatan & Kecantikan,"Perawatan Tangan, Kaki & Kuku",Perawatan Kuku,52800,1,Komisi XTRA,,49632,,1.50%,744.48,0.50%,248.16,992.64,744.48,248.16,992.64,,0,0.00%,0,100.00%,992.64,Tertunda,Pesanan sedang diproses. Komisi akan dikonfirmasi setelah pesanan selesai.,Pesanan dari Toko yang tidak Dipromosikan,Ada,rakdapur3,,,,,Websites
2606022K49WQYA,Tertunda,234089265205749,2026-06-02 15:47:46,,2026-06-02 03:19:01,kenzie91,62222975,Preferred(Non-CB),9105241473,Sarung bantal CINTA Motif dan karakter ukuran 45cm x 95cm,90738019527,Normal Product,,Perlengkapan Rumah,Kamar Tidur,"Sprei, Sarung Bantal, & Sarung Guling",15320,1,Komisi XTRA,,15208,,1.50%,228.12,3.00%,456.24,684.36,456.225,912.45,1368.675,,0,0.00%,0,100.00%,1368.675,Tertunda,Pesanan sedang diproses. Komisi akan dikonfirmasi setelah pesanan selesai.,Pesanan dari Toko yang tidak Dipromosikan,Ada,Atayasetelankaosanak,,,,,Others
2606022K49WQYA,Tertunda,234089265205749,2026-06-02 15:47:46,,2026-06-02 03:19:01,kenzie91,62222975,Preferred(Non-CB),9105241473,Sarung bantal CINTA Motif dan karakter ukuran 45cm x 95cm,207495950134,Normal Product,,Perlengkapan Rumah,Kamar Tidur,"Sprei, Sarung Bantal, & Sarung Guling",15320,1,Komisi XTRA,,15207,,1.50%,228.105,3.00%,456.21,684.315,0,0,0,,0,0.00%,0,100.00%,0,Tertunda,Pesanan sedang diproses. Komisi akan dikonfirmasi setelah pesanan selesai.,Pesanan dari Toko yang tidak Dipromosikan,Ada,Atayasetelankaosanak,,,,,Others
2606022K16SH23,Tertunda,234089161257670,2026-06-02 15:46:02,,2026-06-02 12:26:15,taskk96,1465900076,Preferred(Non-CB),28477724906,Terbaru bening Premium Couple Casing Iphone 17 Pro Max 17 Air 16E 16 Plus 11 Pro Max 16 Pro Max 7 Plus 14 Plus 13 Mini 8 Plus 12,185827098090,Normal Product,,Handphone & Aksesoris,Aksesoris,Casing & Skin,18977,1,Komisi XTRA,,15365,,0.50%,76.825,2.50%,384.125,460.95,76.825,384.125,460.95,,0,0.00%,0,100.00%,460.95,Tertunda,Pesanan sedang diproses. Komisi akan dikonfirmasi setelah pesanan selesai.,Pesanan dari Toko yang tidak Dipromosikan,Ada,rakdapur3,,,,,Instagram
2606022JR4TSKD,Tertunda,234088857208625,2026-06-02 15:40:58,,2026-06-01 18:29:26,Mito Electronic Official Shop,24544583,Shopee Mall(Non-CB),5361455124,MITO Oven Listrik Hit MO777 22L Pemanggang Kue,22539814423,Normal Product,,Elektronik,Perangkat Dapur,Oven,878950,1,Komisi XTRA,,768950,,0.50%,3844.75,0.75%,5767.125,9611.875,3844.75,5767.125,9611.875,,0,0.00%,0,100.00%,9611.875,Tertunda,Pesanan sedang diproses. Komisi akan dikonfirmasi setelah pesanan selesai.,Pesanan dari Toko yang tidak Dipromosikan,Ada,rakdapur3,,,,,Instagram
2606022JBU0HHR,Tertunda,234088444257813,2026-06-02 15:34:05,,2026-06-01 11:57:14,AMPERASHOP10 OFFICIAL,998912110,Preferred(Non-CB),42557020713,Pempek Lala Palembang Asli Paket 80 pcs Frozen,159218961386,Normal Product,,Makanan & Minuman,Makanan Segar & Beku,Daging & Seafood Beku,243000,1,Komisi XTRA,,218700,,1.50%,3280.5,3.00%,6561,9841.5,3280.5,6561,9841.5,,0,0.00%,0,100.00%,9841.5,Tertunda,Pesanan sedang diproses. Komisi akan dikonfirmasi setelah pesanan selesai.,Pesanan dari Toko yang tidak Dipromosikan,Ada,rakdapur3,,,,,Facebook
2606022J7T7D6V,Tertunda,234088309216738,2026-06-02 15:31:49,,2026-06-02 14:47:43,arcericos.id,1562851020,C2C(Non-CB),29639447064,Garskin Viral | Stiker HP One Piece | Anti Jamur HP | Custom Stiker HP | Bisa Semua Tipe HP | Pelindung Belakang HP | Anti Gores,167256044802,Normal Product,,Handphone & Aksesoris,Aksesoris,Casing & Skin,12000,1,Komisi XTRA,,12000,,0.00%,0,3.00%,360,360,0,360,360,,0,0.00%,0,100.00%,360,Tertunda,Pesanan sedang diproses. Komisi akan dikonfirmasi setelah pesanan selesai.,Pesanan dari Toko yang tidak Dipromosikan,Ada,WallpaperDindingVinyl,,,,,Others
2606022HG7WERW,Tertunda,234087518260689,2026-06-02 15:18:38,,2026-06-02 14:04:23,PUPAN MURAH,1076439651,C2C(Non-CB),48158126115,ANTENA LARSEN VHF DVE ANTENA MC101s FREK RANGE 141-174mhz,360719379057,Normal Product,,Handphone & Aksesoris,Walkie Talkie,,175000,1,Komisi XTRA,,154800,,0.00%,0,1.00%,1548,1548,0,1548,1548,,0,0.00%,0,100.00%,1548,Tertunda,Pesanan sedang diproses. Komisi akan dikonfirmasi setelah pesanan selesai.,Pesanan dari Toko yang tidak Dipromosikan,Ada,WallpaperDindingVinyl,,,,,Facebook
2606022HBCDX2B,Tertunda,234087355222550,2026-06-02 15:15:56,,2026-06-01 19:01:18,Myiwe Beauty Official Shop,573738517,Shopee Mall(Non-CB),28012787004,Myiwe Shampoo Penghilang Uban / Penghitam Rambut Uban Original,215429758273,Normal Product,,Perawatan & Kecantikan,Perawatan Rambut,Shampo,89100,1,Komisi XTRA,,61616,,1.50%,924.24,6.50%,4005.04,4929.28,924.24,4005.04,4929.28,,0,0.00%,0,100.00%,4929.28,Tertunda,Pesanan sedang diproses. Komisi akan dikonfirmasi setelah pesanan selesai.,Pesanan dari Toko yang tidak Dipromosikan,Ada,rakdapur3,,,,,Instagram
2606022H4AEH1A,Tertunda,234087118262908,2026-06-02 15:11:58,,2026-06-02 13:31:56,gadgetklikaksesorishandphone,81884069,C2C(Non-CB),4847154767,lem fox putih / kayu / fox / 350 Gram,40641031906,Normal Product,,Buku & Alat Tulis,Perlengkapan Sekolah & Kantor,Lem,10000,5,Komisi XTRA,,46000,,0.00%,0,1.00%,460,460,0,460,460,,0,0.00%,0,100.00%,460,Tertunda,Pesanan sedang diproses. Komisi akan dikonfirmasi setelah pesanan selesai.,Pesanan dari Toko yang tidak Dipromosikan,Ada,rakdapur3,,,,,Facebook
2606022H1A4MSG,Tertunda,234087017286101,2026-06-02 15:10:18,,2026-05-31 05:45:14,Arya_Bordir,1784462037,C2C(Non-CB),40580033313,Bordir Nama Custom Dada Seragam Sekolah Bisa Express / Sameday | Bet Nama Pramuka | Bordir Komputer Rapi,345780085233,Normal Product,,Aksesoris Fashion,Aksesoris Tambahan,Bordir,2450,2,Komisi XTRA,,4900,,0.00%,0,3.50%,171.5,171.5,0,645.75,645.75,,0,0.00%,0,100.00%,645.75,Tertunda,Pesanan sedang diproses. Komisi akan dikonfirmasi setelah pesanan selesai.,Pesanan dari Toko yang tidak Dipromosikan,Ada,Atayasetelankaosanak,,,,,Others
2606022H1A4MSG,Tertunda,234087017286101,2026-06-02 15:10:18,,2026-05-31 05:45:14,Arya_Bordir,1784462037,C2C(Non-CB),52460781415,bendera.bordir seragam.emblem,340942543510,Normal Product,,Aksesoris Fashion,Aksesoris Tambahan,Bordir,1250,3,Komisi XTRA,,3750,,0.00%,0,3.50%,131.25,131.25,0,0,0,,0,0.00%,0,100.00%,0,Tertunda,Pesanan sedang diproses. Komisi akan dikonfirmasi setelah pesanan selesai.,Pesanan dari Toko yang tidak Dipromosikan,Ada,Atayasetelankaosanak,,,,,Others
2606022H1A4MSG,Tertunda,234087017286101,2026-06-02 15:10:18,,2026-05-31 05:45:14,Arya_Bordir,1784462037,C2C(Non-CB),40580033313,Bordir Nama Custom Dada Seragam Sekolah Bisa Express / Sameday | Bet Nama Pramuka | Bordir Komputer Rapi,345780085232,Normal Product,,Aksesoris Fashion,Aksesoris Tambahan,Bordir,2450,4,Komisi XTRA,,9800,,0.00%,0,3.50%,343,343,0,0,0,,0,0.00%,0,100.00%,0,Tertunda,Pesanan sedang diproses. Komisi akan dikonfirmasi setelah pesanan selesai.,Pesanan dari Toko yang tidak Dipromosikan,Ada,Atayasetelankaosanak,,,,,Others
2606022F4W00DM,Tertunda,234084990234342,2026-06-02 14:36:30,,2026-05-31 05:14:10,Anggia Official,270402006,Preferred(Non-CB),23126059767,BERGO CRINKLE SYAR'I BERGO CRINKLE INSTAN JUMBO XL,146642096765,Normal Product,,Fashion Muslim,Pakaian Muslim Wanita,Hijab,30000,1,Komisi XTRA,,26827,,1.50%,402.405,5.00%,1341.35,1743.755,2097.825,6992.75,9090.575,,0,0.00%,0,100.00%,9090.575,Tertunda,Pesanan sedang diproses. Komisi akan dikonfirmasi setelah pesanan selesai.,Pesanan dari Toko yang tidak Dipromosikan,Ada,Atayasetelankaosanak,,,,,Facebook
2606022F4W00DM,Tertunda,234084990234342,2026-06-02 14:36:30,,2026-05-31 05:14:10,Anggia Official,270402006,Preferred(Non-CB),23126059767,BERGO CRINKLE SYAR'I BERGO CRINKLE INSTAN JUMBO XL,146642096770,Normal Product,,Fashion Muslim,Pakaian Muslim Wanita,Hijab,33600,1,Komisi XTRA,,30046,,1.50%,450.69,5.00%,1502.3,1952.99,0,0,0,,0,0.00%,0,100.00%,0,Tertunda,Pesanan sedang diproses. Komisi akan dikonfirmasi setelah pesanan selesai.,Pesanan dari Toko yang tidak Dipromosikan,Ada,Atayasetelankaosanak,,,,,Facebook
2606022F4W00DM,Tertunda,234084990234342,2026-06-02 14:36:30,,2026-05-31 05:14:10,Anggia Official,270402006,Preferred(Non-CB),23126059767,BERGO CRINKLE SYAR'I BERGO CRINKLE INSTAN JUMBO XL,146642096777,Normal Product,,Fashion Muslim,Pakaian Muslim Wanita,Hijab,33600,1,Komisi XTRA,,30046,,1.50%,450.69,5.00%,1502.3,1952.99,0,0,0,,0,0.00%,0,100.00%,0,Tertunda,Pesanan sedang diproses. Komisi akan dikonfirmasi setelah pesanan selesai.,Pesanan dari Toko yang tidak Dipromosikan,Ada,Atayasetelankaosanak,,,,,Facebook
2606022F4W00DM,Tertunda,234084990234342,2026-06-02 14:36:30,,2026-05-31 05:14:10,Anggia Official,270402006,Preferred(Non-CB),23126059767,BERGO CRINKLE SYAR'I BERGO CRINKLE INSTAN JUMBO XL,146642096778,Normal Product,,Fashion Muslim,Pakaian Muslim Wanita,Hijab,30799,1,Komisi XTRA,,27541,,1.50%,413.115,5.00%,1377.05,1790.165,0,0,0,,0,0.00%,0,100.00%,0,Tertunda,Pesanan sedang diproses. Komisi akan dikonfirmasi setelah pesanan selesai.,Pesanan dari Toko yang tidak Dipromosikan,Ada,Atayasetelankaosanak,,,,,Facebook
2606022F4W00DM,Tertunda,234084990234342,2026-06-02 14:36:30,,2026-05-31 05:14:10,Anggia Official,270402006,Preferred(Non-CB),23126059767,BERGO CRINKLE SYAR'I BERGO CRINKLE INSTAN JUMBO XL,221019938451,Normal Product,,Fashion Muslim,Pakaian Muslim Wanita,Hijab,28396,1,Komisi XTRA,,25395,,1.50%,380.925,5.00%,1269.75,1650.675,0,0,0,,0,0.00%,0,100.00%,0,Tertunda,Pesanan sedang diproses. Komisi akan dikonfirmasi setelah pesanan selesai.,Pesanan dari Toko yang tidak Dipromosikan,Ada,Atayasetelankaosanak,,,,,Facebook
2606022ENRGHWD,Tertunda,234084482219887,2026-06-02 14:28:02,,2026-06-02 12:37:29,999PARTSSTORE,37141322,Preferred(Non-CB),12598634090,FLEXIBLE flexibel SHAFT SELING MESIN POTONG RUMPUT 318 328 338 kotak,231852150500,Normal Product,,Perlengkapan Rumah,Alat Pertukangan & Renovasi Rumah,Pompa Air & Aksesoris,20000,2,Komisi XTRA,,37500,,1.50%,562.5,1.50%,562.5,1125,562.5,562.5,1125,,0,0.00%,0,100.00%,1125,Tertunda,Pesanan sedang diproses. Komisi akan dikonfirmasi setelah pesanan selesai.,Pesanan dari Toko yang tidak Dipromosikan,Ada,rakdapur3,,,,,Others
2606022EFQX7M7,Tertunda,234084280288668,2026-06-02 14:24:42,,2026-06-01 07:38:43,Zadashop,235393650,Preferred(Non-CB),52660673023,Rok Motif Polkadot Korea Style - Rok Polkadot Panjang Bahan Hyget Premium - Rok Wanita Panjang Motif Polkadot,420934192841,Normal Product,,Pakaian Wanita,Rok,,64450,1,Komisi XTRA,,64450,,1.50%,966.75,1.50%,966.75,1933.5,966.75,966.75,1933.5,,0,0.00%,0,100.00%,1933.5,Tertunda,Pesanan sedang diproses. Komisi akan dikonfirmasi setelah pesanan selesai.,Pesanan dari Toko yang tidak Dipromosikan,Ada,Atayasetelankaosanak,,,,,Facebook
2606022DW01SVN,Tertunda,234083651252933,2026-06-02 14:14:11,,2026-06-02 12:20:40,staliashop,10171806,Preferred(Non-CB),24563175134,KEWPIE Salad Dressing Wijen sangrai | Wijen Salad dressing | Kewpie Caesar Saus  siram 200ml,207313993102,Normal Product,,Makanan & Minuman,Kebutuhan Memasak,Bumbu Masak,39800,1,Komisi XTRA,,34800,,1.50%,522,0.50%,174,696,522,174,696,,0,0.00%,0,100.00%,696,Tertunda,Pesanan sedang diproses. Komisi akan dikonfirmasi setelah pesanan selesai.,Pesanan dari Toko yang tidak Dipromosikan,Ada,rakdapur3,,,,,Instagram
2606022DVKMQQ9,Tertunda,234083638245421,2026-06-02 14:14:02,,2026-06-02 14:05:58,xinyijaya,1040042304,Preferred(Non-CB),49556180633,ALAT PEMANTIK GAS KOMPOR API,238248131123,Normal Product,,Perlengkapan Rumah,Perlengkapan Dapur,Korek Api & Pemantik,11500,6,Komisi Shopee,,62985,,1.50%,944.775,0.00%,0,944.775,944.775,0,944.775,,0,0.00%,0,100.00%,944.775,Tertunda,Pesanan sedang diproses. Komisi akan dikonfirmasi setelah pesanan selesai.,Pesanan dari Toko yang tidak Dipromosikan,Ada,rakdapur3,,,,,Instagram
2606022DGFGUNC,Tertunda,234083231276036,2026-06-02 14:07:18,,2026-06-01 13:47:31,Milan Story ,876655088,Preferred(Non-CB),52760955277,[ LANGSUNG TEMPEL] MILAN STORY False Eyelash ALL SMALL SERIES + TWEZEER Eyelash Extension Eye Make Up LIVE,380955731348,Normal Product,,Perawatan & Kecantikan,Alat Kecantikan,Aksesoris Make Up,35000,1,Komisi XTRA,,26250,,1.50%,393.75,4.00%,1050,1443.75,393.75,1050,1443.75,,0,0.00%,0,100.00%,1443.75,Tertunda,Pesanan sedang diproses. Komisi akan dikonfirmasi setelah pesanan selesai.,Pesanan dari Toko yang tidak Dipromosikan,Ada,rakdapur3,,,,,Websites
2606022DAGT037,Tertunda,234083032291166,2026-06-02 14:04:14,,2026-06-02 14:02:08,ADAMEL S'KCO,1300077594,C2C(Non-CB),52050667046,SYERA VEST Wanita  | Outer Stripe x Bordir Premium_ Bahan Semi Woll Tali Pinggang Salur_Rompi wanita Korean and Kasual Kekinian,330058659136,Normal Product,,Pakaian Wanita,"Jaket, Mantel, & Rompi",Rompi,43000,1,Komisi XTRA,,43000,,0.00%,0,5.00%,2150,2150,0,2150,2150,,0,0.00%,0,100.00%,2150,Tertunda,Pesanan sedang diproses. Komisi akan dikonfirmasi setelah pesanan selesai.,Pesanan dari Toko yang tidak Dipromosikan,Ada,rakdapur3,,,,,Instagram
2606022DA686WT,Tertunda,234083020220006,2026-06-02 14:03:40,,2026-06-01 14:55:10,COZME Official ✅,39943822,Preferred(Non-CB),27037759100,WARDAH Exosome EGF-PDRN Lift Regenerating Serum 30mL,260435845273,Normal Product,,Perawatan & Kecantikan,Perawatan Wajah,Serum & Essence Wajah,225700,1,Komisi Shopee,,173552,,1.50%,2603.28,0.00%,0,2603.28,3119.955,172.225,3292.18,,0,0.00%,0,100.00%,3292.18,Tertunda,Pesanan sedang diproses. Komisi akan dikonfirmasi setelah pesanan selesai.,Pesanan dari Toko yang tidak Dipromosikan,Ada,rakdapur3,,,,,Facebook
2606022DA686WT,Tertunda,234083020220006,2026-06-02 14:03:40,,2026-06-01 14:55:10,COZME Official ✅,39943822,Preferred(Non-CB),1046633149,WARDAH Renew You NMF Amino + Ceramide Rejuvenating Gel To Foam Cleanser 100mL,71161432491,Normal Product,,Perawatan & Kecantikan,Perawatan Wajah,Pembersih Wajah,41500,1,Komisi XTRA,,34445,,1.50%,516.675,0.50%,172.225,688.9,0,0,0,,0,0.00%,0,100.00%,0,Tertunda,Pesanan sedang diproses. Komisi akan dikonfirmasi setelah pesanan selesai.,Pesanan dari Toko yang tidak Dipromosikan,Ada,rakdapur3,,,,,Facebook
2606022D5P8EW6,Tertunda,234082869234806,2026-06-02 14:01:09,,2026-05-28 14:19:53,liales2907,100074262,C2C(Non-CB),21943046216,Nota Live Ribuan (2-10k),225159440252,Normal Product,,Fashion Bayi & Anak,Fashion Bayi & Anak Lainnya,,14000,2,Komisi Shopee,,28000,,0.00%,0,0.00%,0,0,0,0,0,,0,0.00%,0,100.00%,0,Tertunda,Pesanan sedang diproses. Komisi akan dikonfirmasi setelah pesanan selesai.,Pesanan dari Toko yang tidak Dipromosikan,Ada,rakdapur3,,,,,Others
2606022C3HC2HP,Tertunda,234081723268994,2026-06-02 13:42:04,,2026-06-02 13:38:02,KHANGKAIYOU,48172342,Preferred(Non-CB),41827330055,"New!!! Rak Bumbu Dapur 3 Susun - 5 Toples 200ml - Size Medium - Desain Simple, Kayu Pinus, Mudah Dirakit",370313815924,Normal Product,,Perlengkapan Rumah,Perlengkapan Dapur,Rak Dapur,75000,1,Komisi XTRA,,59576,,1.50%,893.64,3.50%,2085.16,2978.8,893.64,2085.16,2978.8,,0,0.00%,0,100.00%,2978.8,Tertunda,Pesanan sedang diproses. Komisi akan dikonfirmasi setelah pesanan selesai.,Pesanan dari Toko yang tidak Dipromosikan,Ada,rakdapur3,,,,,Facebook
2606022BKWKUHS,Tertunda,234081199236769,2026-06-02 13:33:18,,2026-06-01 17:44:00,Cuculemon Official Store,1479204661,Shopee Mall(Non-CB),48700512400,Cuculemon Tumbler Stainless steel 890ML Termos Air Pansa Portable Botol DesainKartun Botol Minum,380426716649,Normal Product,,Perlengkapan Rumah,Peralatan Makan,Botol Minum & Aksesoris,139000,1,Komisi XTRA,,88612,,1.50%,1329.18,3.50%,3101.42,4430.6,5670.555,13231.295,18901.85,,0,0.00%,0,100.00%,18901.85,Tertunda,Pesanan sedang diproses. Komisi akan dikonfirmasi setelah pesanan selesai.,Pesanan dari Toko yang tidak Dipromosikan,Ada,rakdapur3,,,,,Websites
2606022BKWKUHS,Tertunda,234081199236769,2026-06-02 13:33:18,,2026-06-01 17:44:00,Cuculemon Official Store,1479204661,Shopee Mall(Non-CB),48700512400,Cuculemon Tumbler Stainless steel 890ML Termos Air Pansa Portable Botol DesainKartun Botol Minum,380426716651,Normal Product,,Perlengkapan Rumah,Peralatan Makan,Botol Minum & Aksesoris,115000,1,Komisi XTRA,,73312,,1.50%,1099.68,3.50%,2565.92,3665.6,0,0,0,,0,0.00%,0,100.00%,0,Tertunda,Pesanan sedang diproses. Komisi akan dikonfirmasi setelah pesanan selesai.,Pesanan dari Toko yang tidak Dipromosikan,Ada,rakdapur3,,,,,Websites
2606022BKWKUHS,Tertunda,234081199236769,2026-06-02 13:33:18,,2026-06-01 17:44:00,Cuculemon Official Store,1479204661,Shopee Mall(Non-CB),48700512400,Cuculemon Tumbler Stainless steel 890ML Termos Air Pansa Portable Botol DesainKartun Botol Minum,405044903758,Normal Product,,Perlengkapan Rumah,Peralatan Makan,Botol Minum & Aksesoris,115000,1,Komisi XTRA,,73312,,1.50%,1099.68,3.50%,2565.92,3665.6,0,0,0,,0,0.00%,0,100.00%,0,Tertunda,Pesanan sedang diproses. Komisi akan dikonfirmasi setelah pesanan selesai.,Pesanan dari Toko yang tidak Dipromosikan,Ada,rakdapur3,,,,,Websites
2606022BKWKUHS,Tertunda,234081199236769,2026-06-02 13:33:18,,2026-06-01 17:44:00,Cuculemon Official Store,1479204661,Shopee Mall(Non-CB),48700512400,Cuculemon Tumbler Stainless steel 890ML Termos Air Pansa Portable Botol DesainKartun Botol Minum,405044903759,Normal Product,,Perlengkapan Rumah,Peralatan Makan,Botol Minum & Aksesoris,115000,1,Komisi XTRA,,73312,,1.50%,1099.68,3.50%,2565.92,3665.6,0,0,0,,0,0.00%,0,100.00%,0,Tertunda,Pesanan sedang diproses. Komisi akan dikonfirmasi setelah pesanan selesai.,Pesanan dari Toko yang tidak Dipromosikan,Ada,rakdapur3,,,,,Websites
2606022BKWKUHS,Tertunda,234081199236769,2026-06-02 13:33:18,,2026-06-01 17:44:00,Cuculemon Official Store,1479204661,Shopee Mall(Non-CB),53204421164,CucuLemon Tumbler Stainless Steel Aesthetic Portable Termos Kopi Tahan Panas Dingin Botol Minum,350549163302,Normal Product,,Perlengkapan Rumah,Peralatan Makan,Botol Minum & Aksesoris,109000,1,Komisi XTRA,,69489,,1.50%,1042.335,3.50%,2432.115,3474.45,0,0,0,,0,0.00%,0,100.00%,0,Tertunda,Pesanan sedang diproses. Komisi akan dikonfirmasi setelah pesanan selesai.,Pesanan dari Toko yang tidak Dipromosikan,Ada,rakdapur3,,,,,Websites
2606022BAP17HN,Belum Dibayar,234080890291723,2026-06-02 13:28:31,,2026-06-01 15:24:29,executiveshop7,2590755,Preferred(Non-CB),43306520681,Kiip MCH09 Magnetic Mount Phone - Car Holder Adjustable 360,285547517490,Normal Product,,Handphone & Aksesoris,Aksesoris,Kipas USB,89000,1,Komisi Shopee,,82000,,0.00%,0,0.00%,0,0,0,0,0,,0,0.00%,0,100.00%,0,Belum Dibayar,Pesanan sedang menunggu pembayaran dari Pembeli.,Pesanan dari Toko yang tidak Dipromosikan,Ada,rakdapur3,,,,,Instagram
2606022AFEAARS,Tertunda,234079975235589,2026-06-02 13:12:55,,2026-06-02 13:08:31,Yilin Official Store,1320122629,Shopee Mall(Non-CB),28667952979,Pengharum Ruangan Aesthetic Aromatherapy Stick Reed Diffuser 50ML,252053685550,Normal Product,,Perlengkapan Rumah,Pengharum Ruangan & Aromaterapi,"Diffuser, Humidifier, & Oil Burner",16999,1,Komisi XTRA,,6999,,1.50%,104.985,3.50%,244.965,349.95,104.985,244.965,349.95,,0,0.00%,0,100.00%,349.95,Tertunda,Pesanan sedang diproses. Komisi akan dikonfirmasi setelah pesanan selesai.,Pesanan dari Toko yang tidak Dipromosikan,Ada,rakdapur3,,,,,Facebook
2606022A9P7JB3,Tertunda,234079782208106,2026-06-02 13:09:42,,2026-06-02 07:25:08,Ell_Berkah,1595687623,C2C(Non-CB),41561521114,Harga 6 Pcs Celana Dalam Wanita Dewasa Jumbo Setenga Lusinan Murah,297630778683,Normal Product,,Pakaian Wanita,Pakaian Dalam,Celana Dalam,33750,2,Komisi XTRA,,60715,,0.00%,0,5.00%,3035.75,3035.75,0,3035.75,3035.75,,0,0.00%,0,100.00%,3035.75,Tertunda,Pesanan sedang diproses. Komisi akan dikonfirmasi setelah pesanan selesai.,Pesanan dari Toko yang tidak Dipromosikan,Ada,rakdapur3,,,,,Others
2606022A9P7JB2,Tertunda,234079782208106,2026-06-02 13:09:42,,2026-06-02 07:25:08,Istana.Underwear,221012038,Preferred(Non-CB),3368393590,Bra wanita / bh sorex Cup A / bra tanpa kawat ukuran 34 s/d 38,360612988028,Normal Product,,Pakaian Wanita,Pakaian Dalam,Bra,35500,1,Komisi Shopee,,29214,,1.50%,438.21,0.00%,0,438.21,1305.9,0,1305.9,,0,0.00%,0,100.00%,1305.9,Tertunda,Pesanan sedang diproses. Komisi akan dikonfirmasi setelah pesanan selesai.,Pesanan dari Toko yang tidak Dipromosikan,Ada,rakdapur3,,,,,Others
2606022A9P7JB2,Tertunda,234079782208106,2026-06-02 13:09:42,,2026-06-02 07:25:08,Istana.Underwear,221012038,Preferred(Non-CB),3368393590,Bra wanita / bh sorex Cup A / bra tanpa kawat ukuran 34 s/d 38,440992071207,Normal Product,,Pakaian Wanita,Pakaian Dalam,Bra,35500,1,Komisi Shopee,,29214,,1.50%,438.21,0.00%,0,438.21,0,0,0,,0,0.00%,0,100.00%,0,Tertunda,Pesanan sedang diproses. Komisi akan dikonfirmasi setelah pesanan selesai.,Pesanan dari Toko yang tidak Dipromosikan,Ada,rakdapur3,,,,,Others
2606022A9P7JB2,Tertunda,234079782208106,2026-06-02 13:09:42,,2026-06-02 07:25:08,Istana.Underwear,221012038,Preferred(Non-CB),3368393590,Bra wanita / bh sorex Cup A / bra tanpa kawat ukuran 34 s/d 38,440992071210,Normal Product,,Pakaian Wanita,Pakaian Dalam,Bra,34790,1,Komisi Shopee,,28632,,1.50%,429.48,0.00%,0,429.48,0,0,0,,0,0.00%,0,100.00%,0,Tertunda,Pesanan sedang diproses. Komisi akan dikonfirmasi setelah pesanan selesai.,Pesanan dari Toko yang tidak Dipromosikan,Ada,rakdapur3,,,,,Others
2606022A2CKRQH,Tertunda,234079537235424,2026-06-02 13:05:37,,2026-06-01 12:04:58,KHALIF PETSHOP,1197539527,C2C(Non-CB),24316464714,CAT CHOIZE KITTEN 1KG Makanan Kering Untuk Anak Kucing Frsh Pack 1 KG,255404237031,Normal Product,,Hewan Peliharaan,Makanan Hewan,Makanan Kucing,33099,2,Komisi Shopee,,62198,,0.00%,0,0.00%,0,0,0,0,0,,0,0.00%,0,100.00%,0,Tertunda,Pesanan sedang diproses. Komisi akan dikonfirmasi setelah pesanan selesai.,Pesanan dari Toko yang tidak Dipromosikan,Ada,rakdapur3,,,,,Others
26060229HB4N5Y,Tertunda,234078965268727,2026-06-02 12:56:05,,2026-06-01 18:52:00,Cool-Vita Official Shop,463772220,Shopee Mall(Non-CB),21887364595,[AIO-30 Tablet] Coolvita Milk Calcium Chewable Tablets Original Flavor 1 Botol - Suplemen Kesehatan Tablet Kunyah Kalsium,307595227156,Normal Product,,Kesehatan,Suplemen Makanan,Kesejahteraan,37789,1,Komisi XTRA,,35899,,1.50%,538.485,2.50%,897.475,1435.96,538.485,897.475,1435.96,,0,0.00%,0,100.00%,1435.96,Tertunda,Pesanan sedang diproses. Komisi akan dikonfirmasi setelah pesanan selesai.,Pesanan dari Toko yang tidak Dipromosikan,Ada,Atayasetelankaosanak,,,,,Facebook
26060228PX5F7H,Tertunda,234078079245471,2026-06-02 12:41:23,,2026-06-01 08:26:34,Toserba H,1484880122,C2C(Non-CB),50700147137,Pakaian Stainless Steel Banyak Warna Real Pict 100% Ori Sunny Rak Handuk & Pakaian / Jemuran Handuk Pipa 5,277089874153,Normal Product,,Perlengkapan Rumah,Perawatan Rumah,Tali Jemuran & Rak Pengering,58000,1,Komisi XTRA,,52199,,0.00%,0,3.50%,1826.965,1826.965,0,1826.965,1826.965,,0,0.00%,0,100.00%,1826.965,Tertunda,Pesanan sedang diproses. Komisi akan dikonfirmasi setelah pesanan selesai.,Pesanan dari Toko yang tidak Dipromosikan,Ada,rakdapur3,,,,,Others
26060228PX5F7G,Tertunda,234078079245471,2026-06-02 12:41:23,,2026-06-01 08:26:34,Bevavar Indonesia,219416989,Preferred(Non-CB),43460740386,BEVAVAR Hook Gantungan Sapu Pel Tanpa Bor Broom And Mop Holder 4 Klip 5 Kait,159239517731,Normal Product,,Perlengkapan Rumah,Organizer Rumah,Pengait,36900,2,Komisi XTRA,,66420,,1.50%,996.3,0.50%,332.1,1328.4,996.3,332.1,1328.4,,0,0.00%,0,100.00%,1328.4,Tertunda,Pesanan sedang diproses. Komisi akan dikonfirmasi setelah pesanan selesai.,Pesanan dari Toko yang tidak Dipromosikan,Ada,rakdapur3,,,,,Others
26060228FY0XPS,Tertunda,234077845269850,2026-06-02 12:37:26,,2026-06-01 20:03:08,Venus_Motor,199347995,Preferred(Non-CB),7618438505,Underbone Lipat  step underbone lipat monster extreme underbon R15 vixion ninja cb cbr,395920333453,Normal Product,,Sepeda Motor,Suku Cadang Motor,Bodi & Rangka Motor,420000,1,Komisi Shopee,,378000,,1.50%,5670,0.00%,0,5670,5670,0,5670,,0,0.00%,0,100.00%,5670,Tertunda,Pesanan sedang diproses. Komisi akan dikonfirmasi setelah pesanan selesai.,Pesanan dari Toko yang tidak Dipromosikan,Ada,Atayasetelankaosanak,,,,,Facebook
2606022857NP3C,Tertunda,234077485232172,2026-06-02 12:31:25,,2026-06-01 13:35:28,SWAN SHOGUNAVO Official Store,26727290,Shopee Mall(Non-CB),5515072072,SWAN SHOGUNAVO Kaos Singlet Pria Swan Brand - Type Deluxe,44641698988,Normal Product,,Pakaian Pria,Atasan,Tanktop,24542,1,Komisi XTRA,,23314,,1.50%,349.71,1.50%,349.71,699.42,349.71,349.71,699.42,,0,0.00%,0,100.00%,699.42,Tertunda,Pesanan sedang diproses. Komisi akan dikonfirmasi setelah pesanan selesai.,Pesanan dari Toko yang tidak Dipromosikan,Ada,rakdapur3,,,,,Others
260602284QE0Q1,Tertunda,234077468201758,2026-06-02 12:31:08,,2026-06-01 14:36:42,IKEA Indonesia Official Store,1561682121,Shopee Mall(Non-CB),53252003183,IKEA PRUTA Kotak Makan Dengan Penutup Ungu 70ml Isi 3pcs,350196552459,Normal Product,,Perlengkapan Rumah,Perlengkapan Dapur,Tempat Penyimpanan Makanan,9900,1,Komisi XTRA,,9900,,1.50%,148.5,1.50%,148.5,297,148.5,148.5,297,,0,0.00%,0,100.00%,297,Tertunda,Pesanan sedang diproses. Komisi akan dikonfirmasi setelah pesanan selesai.,Pesanan dari Toko yang tidak Dipromosikan,Ada,rakdapur3,,,,,Facebook
260602276BN82K,Tertunda,234076449225929,2026-06-02 12:14:09,,2026-06-01 16:49:11,Bandung Copier,1208592987,Preferred(Non-CB),26636963119,Toner Grade A - Original Canon Toner for Fotocopy Printer,300186545613,Normal Product,,Komputer & Aksesoris,Printer & Scanner,Tinta Printer,140000,1,Komisi Shopee,,123200,,0.50%,616,0.00%,0,616,3245,0,3245,,0,0.00%,0,100.00%,3245,Tertunda,Pesanan sedang diproses. Komisi akan dikonfirmasi setelah pesanan selesai.,Pesanan dari Toko yang tidak Dipromosikan,Ada,rakdapur3,,,,,Others
260602276BN82K,Tertunda,234076449225929,2026-06-02 12:14:09,,2026-06-01 16:49:11,Bandung Copier,1208592987,Preferred(Non-CB),24019196231,OPC Drum Longlife CANON IR 3225 / 3245 / 4570 / 3025 / 3045,255486870816,Normal Product,,Komputer & Aksesoris,Printer & Scanner,Printer & Scanner Lainnya,62500,1,Komisi Shopee,,55000,,0.50%,275,0.00%,0,275,0,0,0,,0,0.00%,0,100.00%,0,Tertunda,Pesanan sedang diproses. Komisi akan dikonfirmasi setelah pesanan selesai.,Pesanan dari Toko yang tidak Dipromosikan,Ada,rakdapur3,,,,,Others
260602276BN82K,Tertunda,234076449225929,2026-06-02 12:14:09,,2026-06-01 16:49:11,Bandung Copier,1208592987,Preferred(Non-CB),24619194915,Cleaning Blade Longlife CANON IR 3225 / 3245 / 4570 / 3025 / 3045 / 3300,168109189117,Normal Product,,Komputer & Aksesoris,Printer & Scanner,"Printer, Scanner & Mesin Fotokopi",22500,1,Komisi Shopee,,19800,,0.50%,99,0.00%,0,99,0,0,0,,0,0.00%,0,100.00%,0,Tertunda,Pesanan sedang diproses. Komisi akan dikonfirmasi setelah pesanan selesai.,Pesanan dari Toko yang tidak Dipromosikan,Ada,rakdapur3,,,,,Others
260602276BN82K,Tertunda,234076449225929,2026-06-02 12:14:09,,2026-06-01 16:49:11,Bandung Copier,1208592987,Preferred(Non-CB),24969195981,OPC Drum Longlife CANON IRA Advance 4025 / 4225 / 4035 / 4235 / 4051 / 4251 / 4525 / 4535/ 4545 / 4725 / 4735 / 4745 / 4751,128886742347,Normal Product,,Komputer & Aksesoris,Printer & Scanner,Printer & Scanner Lainnya,62500,1,Komisi Shopee,,55000,,0.50%,275,0.00%,0,275,0,0,0,,0,0.00%,0,100.00%,0,Tertunda,Pesanan sedang diproses. Komisi akan dikonfirmasi setelah pesanan selesai.,Pesanan dari Toko yang tidak Dipromosikan,Ada,rakdapur3,,,,,Others
260602276BN82K,Tertunda,234076449225929,2026-06-02 12:14:09,,2026-06-01 16:49:11,Bandung Copier,1208592987,Preferred(Non-CB),25119203265,Fuserfilm Fixing Film Longlife CANON IR 3225 / 3245 / 4570 / 3025 / 3045,240487135417,Normal Product,,Komputer & Aksesoris,Printer & Scanner,"Printer, Scanner & Mesin Fotokopi",95000,1,Komisi Shopee,,83600,,0.50%,418,0.00%,0,418,0,0,0,,0,0.00%,0,100.00%,0,Tertunda,Pesanan sedang diproses. Komisi akan dikonfirmasi setelah pesanan selesai.,Pesanan dari Toko yang tidak Dipromosikan,Ada,rakdapur3,,,,,Others
260602276BN82K,Tertunda,234076449225929,2026-06-02 12:14:09,,2026-06-01 16:49:11,Bandung Copier,1208592987,Preferred(Non-CB),25569206122,Fuserfilm Fixing Film IRA Advance 4025 / 4225 / 4035 / 4235 / 4051 / 4251 / 4525 / 4535/ 4545 / 4725 / 4735 / 4745 / 4751,214973096011,Normal Product,,Komputer & Aksesoris,Printer & Scanner,"Printer, Scanner & Mesin Fotokopi",330000,1,Komisi Shopee,,290400,,0.50%,1452,0.00%,0,1452,0,0,0,,0,0.00%,0,100.00%,0,Tertunda,Pesanan sedang diproses. Komisi akan dikonfirmasi setelah pesanan selesai.,Pesanan dari Toko yang tidak Dipromosikan,Ada,rakdapur3,,,,,Others
260602276BN82K,Tertunda,234076449225929,2026-06-02 12:14:09,,2026-06-01 16:49:11,Bandung Copier,1208592987,Preferred(Non-CB),25869194484,Cleaning Blade Longlife CANON IRA Advance 4025 / 4225 / 4035 / 4235 / 4051 / 4251 / 4525 / 4535/ 4545 / 4725 / 4735 / 4745 / 475,250486909610,Normal Product,,Komputer & Aksesoris,Printer & Scanner,Printer & Scanner Lainnya,25000,1,Komisi Shopee,,22000,,0.50%,110,0.00%,0,110,0,0,0,,0,0.00%,0,100.00%,0,Tertunda,Pesanan sedang diproses. Komisi akan dikonfirmasi setelah pesanan selesai.,Pesanan dari Toko yang tidak Dipromosikan,Ada,rakdapur3,,,,,Others
26060226Y2Y1KH,Tertunda,234076205227083,2026-06-02 12:10:05,,2026-05-30 22:23:01,andry auto 7,30935983,Preferred(Non-CB),24064959401,Headlamp veloz 2022 2023 2024,222536334981,Normal Product,,Mobil,Suku Cadang Mobil,Kelistrikan,995000,1,Komisi Shopee,,875600,,1.50%,10000,0.00%,0,10000,10000,0,10000,,0,0.00%,0,100.00%,10000,Tertunda,Pesanan sedang diproses. Komisi akan dikonfirmasi setelah pesanan selesai.,Pesanan dari Toko yang tidak Dipromosikan,Ada,rakdapur3,,,,,Instagram
26060225XJGGU8,Tertunda,234075114232809,2026-06-02 11:51:53,,2026-06-02 09:14:14,CASSIEL PET,1141083691,Preferred(Non-CB),24936247292,Cassiel Pet Shampoo 2in1 Anti Kutu & Jamur - Atasi Alergi & Iritasi Kulit untuk Kucing/Anjing 500ml,246630781633,Normal Product,,Hewan Peliharaan,Grooming Hewan,Perawatan Rambut,47879,1,Komisi XTRA,,47879,,1.50%,718.185,5.00%,2393.95,3112.135,718.185,2393.95,3112.135,,0,0.00%,0,100.00%,3112.135,Tertunda,Pesanan sedang diproses. Komisi akan dikonfirmasi setelah pesanan selesai.,Pesanan dari Toko yang tidak Dipromosikan,Ada,rakdapur3,,,,,Facebook
26060225XJGGU7,Tertunda,234075114232809,2026-06-02 11:51:53,,2026-06-02 09:14:14,INFY.ID,281934091,Preferred(Non-CB),12780157584,INFY - Finger Tape Wrist Tape Protective Tape Pelindung Jari Perban Jari Sport Tape Warna Warni R620,38436701793,Normal Product,,Olahraga & Outdoor,Aksesoris Olahraga & Aktivitas Outdoor,Pelindung Mulut & Sport Tape,6501,10,Komisi XTRA,,58418,,1.50%,876.27,1.00%,584.18,1460.45,876.27,584.18,1460.45,,0,0.00%,0,100.00%,1460.45,Tertunda,Pesanan sedang diproses. Komisi akan dikonfirmasi setelah pesanan selesai.,Pesanan dari Toko yang tidak Dipromosikan,Ada,rakdapur3,,,,,Facebook
26060225XJGGU6,Tertunda,234075114232809,2026-06-02 11:51:53,,2026-06-02 09:14:14,MessiHijau,475903090,Preferred(Non-CB),4493550648,"DAUN BAMBU jumbo 8-10cm, Bungkus bakcang 100Lembar",36244768743,Normal Product,,Makanan & Minuman,Makanan Segar & Beku,Sayuran,16999,3,Komisi Shopee,,45898,,1.50%,688.47,0.00%,0,688.47,688.47,0,688.47,,0,0.00%,0,100.00%,688.47,Tertunda,Pesanan sedang diproses. Komisi akan dikonfirmasi setelah pesanan selesai.,Pesanan dari Toko yang tidak Dipromosikan,Ada,rakdapur3,,,,,Facebook
26060225PJ0RVE,Tertunda,234074845282812,2026-06-02 11:47:26,,2026-06-01 14:37:52,argohomeindustri,1741233199,C2C(Non-CB),53205732028,ijuk anti tikus panjang 2 meter diameter 10 cm,395519023783,Normal Product,,Perlengkapan Rumah,Taman,Taman Lainnya,20000,1,Komisi XTRA,,20000,,0.00%,0,3.00%,600,600,0,2100,2100,,0,0.00%,0,100.00%,2100,Tertunda,Pesanan sedang diproses. Komisi akan dikonfirmasi setelah pesanan selesai.,Pesanan dari Toko yang tidak Dipromosikan,Ada,rakdapur3,,,,,Others
26060225PJ0RVE,Tertunda,234074845282812,2026-06-02 11:47:26,,2026-06-01 14:37:52,argohomeindustri,1741233199,C2C(Non-CB),55105884404,ijuk duri pengusir tikus panjang 1 Meter dan diameter 10 cm,340532335307,Normal Product,,Perlengkapan Rumah,Perawatan Rumah,Pembasmi Hama & Gulma,10000,5,Komisi XTRA,,50000,,0.00%,0,3.00%,1500,1500,0,0,0,,0,0.00%,0,100.00%,0,Tertunda,Pesanan sedang diproses. Komisi akan dikonfirmasi setelah pesanan selesai.,Pesanan dari Toko yang tidak Dipromosikan,Ada,rakdapur3,,,,,Others
26060225GXNHPH,Tertunda,234074657229951,2026-06-02 11:44:17,,2026-06-01 15:57:14,PapaStore.BDG,216528430,Preferred(Non-CB),12623752832,Apron Celemek Masak Dapur Food Drink Restoran Cafe Cotton Drill High Quality  Premium Quality,29562713805,Normal Product,,Perlengkapan Rumah,Perlengkapan Dapur,Celemek & Pelindung Tangan,44620,1,Komisi XTRA,,34380,,1.50%,515.7,5.00%,1719,2234.7,515.7,1719,2234.7,,0,0.00%,0,100.00%,2234.7,Tertunda,Pesanan sedang diproses. Komisi akan dikonfirmasi setelah pesanan selesai.,Pesanan dari Toko yang tidak Dipromosikan,Ada,rakdapur3,,,,,Others
26060224Y94GP1,Tertunda,234074064213469,2026-06-02 11:34:24,,2026-06-01 08:05:34,STAR1.,495966250,Preferred(Non-CB),22247207839,Sikat Pembersih Sedotan Stainless Stell / Sikat Sedotan,148269251130,Normal Product,,Perlengkapan Rumah,Peralatan Makan,Sedotan,3500,1,Komisi XTRA,,3500,,1.50%,52.5,3.00%,105,157.5,310.5,621,931.5,,0,0.00%,0,100.00%,931.5,Tertunda,Pesanan sedang diproses. Komisi akan dikonfirmasi setelah pesanan selesai.,Pesanan dari Toko yang tidak Dipromosikan,Ada,rakdapur3,,,,,Instagram
26060224Y94GP1,Tertunda,234074064213469,2026-06-02 11:34:24,,2026-06-01 08:05:34,STAR1.,495966250,Preferred(Non-CB),22247207839,Sikat Pembersih Sedotan Stainless Stell / Sikat Sedotan,310517522829,Normal Product,,Perlengkapan Rumah,Peralatan Makan,Sedotan,3200,1,Komisi XTRA,,3200,,1.50%,48,3.00%,96,144,0,0,0,,0,0.00%,0,100.00%,0,Tertunda,Pesanan sedang diproses. Komisi akan dikonfirmasi setelah pesanan selesai.,Pesanan dari Toko yang tidak Dipromosikan,Ada,rakdapur3,,,,,Instagram
26060224Y94GP1,Tertunda,234074064213469,2026-06-02 11:34:24,,2026-06-01 08:05:34,STAR1.,495966250,Preferred(Non-CB),25879121373,"Pelindung Tumbler  Diameter 7,5cm  / Anti selip / Peyok",127918333748,Normal Product,,Perlengkapan Rumah,Peralatan Makan,Botol Minum & Aksesoris,14000,1,Komisi XTRA,,14000,,1.50%,210,3.00%,420,630,0,0,0,,0,0.00%,0,100.00%,0,Tertunda,Pesanan sedang diproses. Komisi akan dikonfirmasi setelah pesanan selesai.,Pesanan dari Toko yang tidak Dipromosikan,Ada,rakdapur3,,,,,Instagram
26060224K09RC4,Tertunda,234073653298773,2026-06-02 11:27:55,,2026-06-02 11:12:57,Kenz_07,194424182,Preferred(Non-CB),27405222971,Kemoceng Microfiber Teleskopik 3 In 1 280CM Panjang Tarik Tekuk Fleksibel Teleskopik,127981609189,Normal Product,,Perlengkapan Rumah,Perawatan Rumah,Kemoceng,29599,1,Komisi Shopee,,22758,,1.50%,341.37,0.00%,0,341.37,341.37,0,341.37,,0,0.00%,0,100.00%,341.37,Tertunda,Pesanan sedang diproses. Komisi akan dikonfirmasi setelah pesanan selesai.,Pesanan dari Toko yang tidak Dipromosikan,Ada,rakdapur3,,,,,Facebook
26060224GNVA63,Dibatalkan,234073574269226,2026-06-02 11:26:15,--,2026-06-01 12:16:40,Muteki Unique,602571703,Preferred(Non-CB),42562757700,[MUTEKI] C01-C70 CODE LIVE SHOPPING - Dress by Muteki Unique Casual Fit Gamis Panjang,167266142857,Normal Product,,Fashion Muslim,Pakaian Muslim Wanita,Dress,208888,0,Komisi XTRA,,0,167110,1.50%,0,2.50%,0,0,0,0,0,,0,0.00%,0,100.00%,0,Dibatalkan,Pembeli membatalkan pesanan.,Pesanan dari Toko yang tidak Dipromosikan,Ada,rakdapur3,,,,,Others
26060223P7WVDT,Tertunda,234072687219212,2026-06-02 11:11:27,,2026-06-02 10:48:49,CV. 17 GALLERY STORE,612603084,Preferred(Non-CB),23345717285,Rak Ambalan Hambalan Kotak Persegi Panjang Dekorasi Tempat penyimpanan Serbaguna Dinding Dingding,214372139271,Normal Product,,Perlengkapan Rumah,Furniture,Rak & Rak Gantung,32920,1,Komisi XTRA,,30799,,1.50%,461.985,3.00%,923.97,1385.955,461.985,923.97,1385.955,,0,0.00%,0,100.00%,1385.955,Tertunda,Pesanan sedang diproses. Komisi akan dikonfirmasi setelah pesanan selesai.,Pesanan dari Toko yang tidak Dipromosikan,Ada,rakdapur3,,,,,Facebook
26060223P09A4D,Tertunda,234072679206600,2026-06-02 11:11:19,,2026-06-01 18:23:11,BOSS BANDUNG,1351876007,Preferred(Non-CB),42280978827,ONESET ANAK VIRAL MOTIF GAJAH KICAU MANIA 2-12 TAHUN SETELAN ANAK UNISEX MODEL TERBARU,410938067109,Normal Product,,Fashion Bayi & Anak,Pakaian Anak Perempuan,Jas & Setelan,42500,1,Komisi XTRA,,41600,,1.50%,624,10.00%,4160,4784,1248,8320,9568,,0,0.00%,0,100.00%,9568,Tertunda,Pesanan sedang diproses. Komisi akan dikonfirmasi setelah pesanan selesai.,Pesanan Produk dari Toko yang Dipromosikan,Ada,Atayasetelankaosanak,,,,,Others
26060223P09A4D,Tertunda,234072679206600,2026-06-02 11:11:19,,2026-06-01 18:23:11,BOSS BANDUNG,1351876007,Preferred(Non-CB),42280978827,ONESET ANAK VIRAL MOTIF GAJAH KICAU MANIA 2-12 TAHUN SETELAN ANAK UNISEX MODEL TERBARU,410938067103,Normal Product,,Fashion Bayi & Anak,Pakaian Anak Perempuan,Jas & Setelan,42500,1,Komisi XTRA,,41600,,1.50%,624,10.00%,4160,4784,0,0,0,,0,0.00%,0,100.00%,0,Tertunda,Pesanan sedang diproses. Komisi akan dikonfirmasi setelah pesanan selesai.,Pesanan Produk dari Toko yang Dipromosikan,Ada,Atayasetelankaosanak,,,,,Others
26060223MFQ1QG,Tertunda,234072628276895,2026-06-02 11:10:35,,2026-06-01 22:43:17,Nabil19_,20861464,Preferred(Non-CB),44002940527,Tempat Minyak Goreng 2 Liter Abu - putih -  Wadah Serbaguna-,355792392233,Normal Product,,Perlengkapan Rumah,Perlengkapan Dapur,Tempat Penyimpanan Makanan,25899,1,Komisi XTRA,,25899,,1.50%,388.485,5.00%,1294.95,1683.435,388.485,1294.95,1683.435,,0,0.00%,0,100.00%,1683.435,Tertunda,Pesanan sedang diproses. Komisi akan dikonfirmasi setelah pesanan selesai.,Pesanan Produk dari Toko yang Dipromosikan,Ada,rakdapur3,,,,,Others
26060222YFA9S2,Tertunda,234071923210136,2026-06-02 10:58:43,,2026-06-02 00:44:35,Evelineshop.beringin,152262023,Preferred(Non-CB),28584868155,NEW BOTOL STAINLISS  SMIGGL  TAHAN DINGiN / TAHAN PANAS  ANTI TUMPAH,259235961889,Normal Product,,Perlengkapan Rumah,Peralatan Makan,Botol Minum & Aksesoris,129500,1,Komisi Shopee,,115550,,1.50%,1733.25,0.00%,0,1733.25,1733.25,0,1733.25,,0,0.00%,0,100.00%,1733.25,Tertunda,Pesanan sedang diproses. Komisi akan dikonfirmasi setelah pesanan selesai.,Pesanan dari Toko yang tidak Dipromosikan,Ada,Atayasetelankaosanak,,,,,Facebook
26060222JR4VQJ,Tertunda,234071496264700,2026-06-02 10:51:36,,2026-06-02 10:37:00,HSS store sby,1664850737,Preferred(Non-CB),47310346764,Air Accu Botol Murni TOYODA  / Air Zuur Aki Botol Murni Merk Toyoda – Air Aki Basah Siap Pakai,307609027696,Normal Product,,Mobil,Suku Cadang Mobil,Kelistrikan,15000,1,Komisi XTRA,,12000,,1.50%,180,3.50%,420,600,180,420,600,,0,0.00%,0,100.00%,600,Tertunda,Pesanan sedang diproses. Komisi akan dikonfirmasi setelah pesanan selesai.,Pesanan dari Toko yang tidak Dipromosikan,Ada,rakdapur3,,,,,Facebook
26060222AVBE4U,Tertunda,234071232238261,2026-06-02 10:47:12,,2026-06-01 20:58:51,Batik Papaku,215748093,Preferred(Non-CB),52751049757,Batik Papaku Kemeja Batik Anak Laki-Laki  warna Coklat Mahogany Mahony Lengan Panjang Batik Ayah dan Anak Cowok Lesmana,267137827817,Normal Product,,Fashion Bayi & Anak,Pakaian Anak Laki-Laki,Atasan,53910,1,Komisi XTRA,,48519,,1.50%,727.785,3.00%,1455.57,2183.355,2487.105,4974.21,7461.315,,0,0.00%,0,100.00%,7461.315,Tertunda,Pesanan sedang diproses. Komisi akan dikonfirmasi setelah pesanan selesai.,Pesanan dari Toko yang tidak Dipromosikan,Ada,Atayasetelankaosanak,,,,,Facebook
26060222AVBE4U,Tertunda,234071232238261,2026-06-02 10:47:12,,2026-06-01 20:58:51,Batik Papaku,215748093,Preferred(Non-CB),52751049757,Batik Papaku Kemeja Batik Anak Laki-Laki  warna Coklat Mahogany Mahony Lengan Panjang Batik Ayah dan Anak Cowok Lesmana,267137827811,Normal Product,,Fashion Bayi & Anak,Pakaian Anak Laki-Laki,Atasan,76410,1,Komisi XTRA,,68769,,1.50%,1031.535,3.00%,2063.07,3094.605,0,0,0,,0,0.00%,0,100.00%,0,Tertunda,Pesanan sedang diproses. Komisi akan dikonfirmasi setelah pesanan selesai.,Pesanan dari Toko yang tidak Dipromosikan,Ada,Atayasetelankaosanak,,,,,Facebook
26060222AVBE4U,Tertunda,234071232238261,2026-06-02 10:47:12,,2026-06-01 20:58:51,Batik Papaku,215748093,Preferred(Non-CB),52751049757,Batik Papaku Kemeja Batik Anak Laki-Laki  warna Coklat Mahogany Mahony Lengan Panjang Batik Ayah dan Anak Cowok Lesmana,267137827815,Normal Product,,Fashion Bayi & Anak,Pakaian Anak Laki-Laki,Atasan,53910,1,Komisi XTRA,,48519,,1.50%,727.785,3.00%,1455.57,2183.355,0,0,0,,0,0.00%,0,100.00%,0,Tertunda,Pesanan sedang diproses. Komisi akan dikonfirmasi setelah pesanan selesai.,Pesanan dari Toko yang tidak Dipromosikan,Ada,Atayasetelankaosanak,,,,,Facebook
260602224P0VGH,Tertunda,234071024274573,2026-06-02 10:43:52,,2026-06-01 20:27:11,Tokolobo,15709295,Preferred(Non-CB),48360799943,TAMAYOKIDS 1-13 Tahun Setelan KICAU MANIA BATIK THAI VERONIKA KO| Set Gajah Thai Viral SNI Bahan Adem,272643681090,Normal Product,,Fashion Bayi & Anak,Pakaian Anak Laki-Laki,Atasan,43300,1,Komisi XTRA,,40176,,1.50%,602.64,7.00%,2812.32,3414.96,602.64,2812.32,3414.96,,0,0.00%,0,100.00%,3414.96,Tertunda,Pesanan sedang diproses. Komisi akan dikonfirmasi setelah pesanan selesai.,Pesanan Produk dari Toko yang Dipromosikan,Ada,Atayasetelankaosanak,,,,,Others
260602214SGW70,Tertunda,234069954206739,2026-06-02 10:25:54,,2026-06-01 06:58:35,Merah Jingga Official Store,1346168602,Shopee Mall(Non-CB),47406002907,VIVA Moisturizer Gel 50gr Melembapkan Kulit Niacinamide Glutathione Cica Extract | Merah Jingga Official,400543069936,Normal Product,,Perawatan & Kecantikan,Perawatan Wajah,Pelembab Wajah,28329,1,Komisi XTRA,,20688,,1.50%,310.32,2.50%,517.2,827.52,474.645,791.075,1265.72,,0,0.00%,0,100.00%,1265.72,Tertunda,Pesanan sedang diproses. Komisi akan dikonfirmasi setelah pesanan selesai.,Pesanan dari Toko yang tidak Dipromosikan,Ada,rakdapur3,,,,,Instagram
260602214SGW70,Tertunda,234069954206739,2026-06-02 10:25:54,,2026-06-01 06:58:35,Merah Jingga Official Store,1346168602,Shopee Mall(Non-CB),27565735738,Viva Anti Wrinkle 22gr | Collagen Night Cream 22gr | Merah Jingga Official,195503561860,Normal Product,,Perawatan & Kecantikan,Perawatan Wajah,Pelembab Wajah,15000,1,Komisi XTRA,,10955,,1.50%,164.325,2.50%,273.875,438.2,0,0,0,,0,0.00%,0,100.00%,0,Tertunda,Pesanan sedang diproses. Komisi akan dikonfirmasi setelah pesanan selesai.,Pesanan dari Toko yang tidak Dipromosikan,Ada,rakdapur3,,,,,Instagram
260602207C8XU2,Tertunda,234068967233739,2026-06-02 10:09:27,,2026-06-01 22:38:23,wadimor store 88,1651050430,Preferred(Non-CB),25147549650,Peci Songkok Wadimor Hitam Polos AC Anak Dewasa Tinggi 7 8 9 10cm | Kopiah Hitam Pria Wadimor,297047140849,Normal Product,,Fashion Muslim,Mukena & Perlengkapan Sholat,"Peci, Songkok & Kopiah",50157,1,Komisi XTRA,,50157,,1.50%,752.355,2.00%,1003.14,1755.495,752.355,1003.14,1755.495,,0,0.00%,0,100.00%,1755.495,Tertunda,Pesanan sedang diproses. Komisi akan dikonfirmasi setelah pesanan selesai.,Pesanan dari Toko yang tidak Dipromosikan,Ada,Atayasetelankaosanak,,,,,Facebook
2606021YXRMJM9,Tertunda,234068678205954,2026-06-02 10:04:38,,2026-06-01 12:38:53,BIGBOSEE,187559196,C2C(Non-CB),41458564541,BB7 - Alas Tatakan Pengering Piring Gelas Diatomite Serap Air Tahan Panas 30x40cm Keset Diatom Anti Slip Drying Placemat Diatomi,168989082407,Normal Product,,Perlengkapan Rumah,Peralatan Makan,Tatakan Piring & Gelas,15000,1,Komisi XTRA,,14896,,0.00%,0,2.50%,372.4,372.4,0,372.4,372.4,,0,0.00%,0,100.00%,372.4,Tertunda,Pesanan sedang diproses. Komisi akan dikonfirmasi setelah pesanan selesai.,Pesanan dari Toko yang tidak Dipromosikan,Ada,rakdapur3,,,,,Instagram
2606021YXRMJM8,Tertunda,234068678205954,2026-06-02 10:04:38,,2026-06-01 12:38:53,GROSIR TIGA SRIKANDI,790563228,Preferred(Non-CB),20693933277,PAKET MURAH SAPU SENAR+PENGKI,235712794870,Normal Product,,Perlengkapan Rumah,Perawatan Rumah,Sapu,18500,1,Komisi XTRA,,17453,,1.50%,261.795,1.50%,261.795,523.59,261.795,261.795,523.59,,0,0.00%,0,100.00%,523.59,Tertunda,Pesanan sedang diproses. Komisi akan dikonfirmasi setelah pesanan selesai.,Pesanan dari Toko yang tidak Dipromosikan,Ada,rakdapur3,,,,,Instagram
2606021YXRMJM7,Tertunda,234068678205954,2026-06-02 10:04:38,,2026-06-01 12:38:53,RAJA ALAT KEBERSIHAN,317267952,Preferred(Non-CB),18077823481,MOP PEL JEPIT COMPLETE / PEL LANTAI WARNA,221408549083,Normal Product,,Perlengkapan Rumah,Perawatan Rumah,Kain Pel,38000,1,Komisi XTRA,,35850,,1.50%,537.75,2.50%,896.25,1434,537.75,896.25,1434,,0,0.00%,0,100.00%,1434,Tertunda,Pesanan sedang diproses. Komisi akan dikonfirmasi setelah pesanan selesai.,Pesanan dari Toko yang tidak Dipromosikan,Ada,rakdapur3,,,,,Instagram
2606021YXRMJM6,Tertunda,234068678205954,2026-06-02 10:04:38,,2026-06-01 12:38:53,DEASHOP - DEASHOP.ID,80182851,Preferred(Non-CB),8343438167,[DEASHOP] WIPER LANTAI KARET / SEROKAN AIR / DORONGAN AIR  / PEL LANTAI KARET,81507395570,Normal Product,,Perlengkapan Rumah,Perawatan Rumah,Kain Pel,14500,1,Komisi XTRA,,13681,,1.50%,205.215,1.50%,205.215,410.43,205.215,205.215,410.43,,0,0.00%,0,100.00%,410.43,Tertunda,Pesanan sedang diproses. Komisi akan dikonfirmasi setelah pesanan selesai.,Pesanan dari Toko yang tidak Dipromosikan,Ada,rakdapur3,,,,,Instagram
2606021WKNESVK,Tertunda,234066159292853,2026-06-02 09:23:01,,2026-06-01 06:27:32,ozomi.id,703684547,Preferred(Non-CB),54809042766,OZOMI SETELAN BAJU ANAK LAKI-LAKI 0-4 TAHUN/SET BAJU ANAK COWOK (006),244212658935,Normal Product,,Fashion Bayi & Anak,Pakaian Anak Laki-Laki,Jas & Setelan,21500,1,Komisi XTRA,,21500,,1.50%,322.5,10.00%,2150,2472.5,322.5,2150,2472.5,,0,0.00%,0,100.00%,2472.5,Tertunda,Pesanan sedang diproses. Komisi akan dikonfirmasi setelah pesanan selesai.,Pesanan Produk dari Toko yang Dipromosikan,Ada,setanakfernando,,,,,Others
2606021WKV4BK2,Tertunda,234066165283582,2026-06-02 09:22:47,,2026-06-02 09:20:58,barangkularis,545464632,Preferred(Non-CB),23585464668,BKL.- Potato Mud Masher Penumbuk Kentang Stainless Masher Penghancur Kentang  Penghalus Kentang,98820858942,Normal Product,,Perlengkapan Rumah,Perlengkapan Dapur,Parutan & Peeler,12498,1,Komisi XTRA,,7498,,1.50%,112.47,3.00%,224.94,337.41,112.47,224.94,337.41,,0,0.00%,0,100.00%,337.41,Tertunda,Pesanan sedang diproses. Komisi akan dikonfirmasi setelah pesanan selesai.,Pesanan Produk dari Toko yang Dipromosikan,Ada,rakdapur3,,,,,Others
2606021WDD40G6,Tertunda,234065948220486,2026-06-02 09:19:08,,2026-06-02 09:17:09,Master Palugada,1317098778,Preferred(Non-CB),27607351229,[ MP ] Dompet Disiplin Keuangan Polos Mini/Dompet Organizer Bulanan/Dompet Pintar Pengatur Keuangan Bulanan,49450464462,Normal Product,,Tas Wanita,Dompet Wanita,Dompet Lipat,12880,1,Komisi XTRA,,7283,,1.50%,109.245,2.00%,145.66,254.905,109.245,145.66,254.905,,0,0.00%,0,100.00%,254.905,Tertunda,Pesanan sedang diproses. Komisi akan dikonfirmasi setelah pesanan selesai.,Pesanan dari Toko yang tidak Dipromosikan,Ada,rakdapur3,,,,,Facebook
2606021W46G60P,Tertunda,234065640295277,2026-06-02 09:14:21,,2026-06-01 16:11:34,Preso Indonesia Official Shop,907850646,Preferred(Non-CB),28755850197,PRESO Espresso Concentrated - Espresso Cair 100% Pure Espresso 1000 ML,241686345854,Normal Product,,Makanan & Minuman,Minuman,Kopi,104999,1,Komisi XTRA,,99749,,1.50%,1496.235,5.00%,4987.45,6483.685,1496.235,4987.45,6483.685,,0,0.00%,0,100.00%,6483.685,Tertunda,Pesanan sedang diproses. Komisi akan dikonfirmasi setelah pesanan selesai.,Pesanan dari Toko yang tidak Dipromosikan,Ada,rakdapur3,,,,,Facebook
2606021VM89GG6,Tertunda,234065105295709,2026-06-02 09:05:26,,2026-06-02 03:18:09,Backhome Indonesia Official Store,1393107398,Shopee Mall(Non-CB),40302427692,ECOCO Sealed Food Bag  - Kantong Plastik Ziplock Tempat Penyimpanan Makanan Buah Sayur Kulkas Zipper Bag,270198993376,Normal Product,,Perlengkapan Rumah,Perlengkapan Dapur,Tempat Penyimpanan Makanan,22500,1,Komisi XTRA,,18000,,1.50%,270,0.50%,90,360,270,90,360,,0,0.00%,0,100.00%,360,Tertunda,Pesanan sedang diproses. Komisi akan dikonfirmasi setelah pesanan selesai.,Pesanan dari Toko yang tidak Dipromosikan,Ada,rakdapur3,,,,,Threads
2606021VHN7FXC,Tertunda,234065017200635,2026-06-02 09:03:38,,2026-06-01 13:54:23,tonis88,61712428,Preferred(Non-CB),3174268914,"stiker size baju/ kertas tempelan label ukuran baju XS,S,M,L,XL,XXL",63718866570,Normal Product,,Buku & Alat Tulis,Buku Tulis & Kertas,Label & Stiker,1000,2,Komisi Shopee,,1800,,1.50%,27,0.00%,0,27,135,0,135,,0,0.00%,0,100.00%,135,Tertunda,Pesanan sedang diproses. Komisi akan dikonfirmasi setelah pesanan selesai.,Pesanan dari Toko yang tidak Dipromosikan,Ada,rakdapur3,,,,,Facebook
2606021VHN7FXC,Tertunda,234065017200635,2026-06-02 09:03:38,,2026-06-01 13:54:23,tonis88,61712428,Preferred(Non-CB),3174268914,"stiker size baju/ kertas tempelan label ukuran baju XS,S,M,L,XL,XXL",63718866572,Normal Product,,Buku & Alat Tulis,Buku Tulis & Kertas,Label & Stiker,1000,2,Komisi Shopee,,1800,,1.50%,27,0.00%,0,27,0,0,0,,0,0.00%,0,100.00%,0,Tertunda,Pesanan sedang diproses. Komisi akan dikonfirmasi setelah pesanan selesai.,Pesanan dari Toko yang tidak Dipromosikan,Ada,rakdapur3,,,,,Facebook
2606021VHN7FXC,Tertunda,234065017200635,2026-06-02 09:03:38,,2026-06-01 13:54:23,tonis88,61712428,Preferred(Non-CB),3174268914,"stiker size baju/ kertas tempelan label ukuran baju XS,S,M,L,XL,XXL",63718866573,Normal Product,,Buku & Alat Tulis,Buku Tulis & Kertas,Label & Stiker,1000,2,Komisi Shopee,,1800,,1.50%,27,0.00%,0,27,0,0,0,,0,0.00%,0,100.00%,0,Tertunda,Pesanan sedang diproses. Komisi akan dikonfirmasi setelah pesanan selesai.,Pesanan dari Toko yang tidak Dipromosikan,Ada,rakdapur3,,,,,Facebook
2606021VHN7FXC,Tertunda,234065017200635,2026-06-02 09:03:38,,2026-06-01 13:54:23,tonis88,61712428,Preferred(Non-CB),3174268914,"stiker size baju/ kertas tempelan label ukuran baju XS,S,M,L,XL,XXL",63718866574,Normal Product,,Buku & Alat Tulis,Buku Tulis & Kertas,Label & Stiker,1000,2,Komisi Shopee,,1800,,1.50%,27,0.00%,0,27,0,0,0,,0,0.00%,0,100.00%,0,Tertunda,Pesanan sedang diproses. Komisi akan dikonfirmasi setelah pesanan selesai.,Pesanan dari Toko yang tidak Dipromosikan,Ada,rakdapur3,,,,,Facebook
2606021VHN7FXC,Tertunda,234065017200635,2026-06-02 09:03:38,,2026-06-01 13:54:23,tonis88,61712428,Preferred(Non-CB),3174268914,"stiker size baju/ kertas tempelan label ukuran baju XS,S,M,L,XL,XXL",63718866575,Normal Product,,Buku & Alat Tulis,Buku Tulis & Kertas,Label & Stiker,1000,2,Komisi Shopee,,1800,,1.50%,27,0.00%,0,27,0,0,0,,0,0.00%,0,100.00%,0,Tertunda,Pesanan sedang diproses. Komisi akan dikonfirmasi setelah pesanan selesai.,Pesanan dari Toko yang tidak Dipromosikan,Ada,rakdapur3,,,,,Facebook
2606021VA5WWV9,Tertunda,234064766278858,2026-06-02 08:59:33,,2026-06-01 11:34:54,Loxus Official Shop,368844482,Shopee Mall(Non-CB),18794255297,Loxus Fabric Cleaner Pembersih Noda Baju Kain Sarung Bantal Mencerahkan Pakaian,232435122456,Normal Product,,Perlengkapan Rumah,Perawatan Rumah,Perawatan Pakaian,74369,1,Komisi XTRA,,70650,,1.50%,1059.75,7.50%,5298.75,6358.5,1059.75,5298.75,6358.5,,0,0.00%,0,100.00%,6358.5,Tertunda,Pesanan sedang diproses. Komisi akan dikonfirmasi setelah pesanan selesai.,Pesanan dari Toko yang tidak Dipromosikan,Ada,dressanakperempuan,,,,,Facebook
2606021V9W9YWS,Tertunda,234064757236711,2026-06-02 08:59:17,,2026-05-31 07:26:19,jauhar fashion,1315197669,Preferred(Non-CB),44509396590,Taplak Kulkas Bahan Rasfur Lembut Ukuran 100x50cm Tidak Mudah Rontok,254217732828,Normal Product,,Perlengkapan Rumah,Dekorasi,Furniture & Pelindung Furniture,15510,1,Komisi Shopee,,12113,,1.50%,181.695,0.00%,0,181.695,181.695,0,181.695,,0,0.00%,0,100.00%,181.695,Tertunda,Pesanan sedang diproses. Komisi akan dikonfirmasi setelah pesanan selesai.,Pesanan dari Toko yang tidak Dipromosikan,Ada,WallpaperDindingVinyl,,,,,Facebook
2606021UUCVN94,Selesai,234064270259607,2026-06-02 08:51:11,2026-06-03 10:32:03,2026-06-01 07:43:02,Trailtop.JKT,254755466,Preferred(Non-CB),28387946689,TrailTop Kursi Lipat Outdoor Sandaran Kain Oxford Tebal Tahan Aus Bangku Portable Beban Maks 150KG,280491558806,Normal Product,,Perlengkapan Rumah,Furniture,Kursi & Bangku,71900,1,Komisi XTRA,,71900,,1.50%,1078.5,3.50%,2516.5,3595,1078.5,2516.5,3595,,0,0.00%,0,100.00%,3595,Selesai,,Pesanan dari Toko yang tidak Dipromosikan,Ada,Atayasetelankaosanak,,,,,Facebook
2606021UED3WYA,Tertunda,234063835298935,2026-06-02 08:44:16,,2026-06-01 15:15:00,Go Wezt_ID,302058599,Preferred(Non-CB),28207581839,Ban Dalam Sepeda Ukuran 12 16 18 20 x 3.0 United Pentil Motor AV Anak Fat Bike Jumbo BMX | High Quality,168352119346,Normal Product,,Olahraga & Outdoor,Alat Rekreasi Olahraga & Aktivitas Outdoor,Bersepeda,49950,1,Komisi Shopee,,48951,,1.50%,734.265,0.00%,0,734.265,2178.54,0,2178.54,,0,0.00%,0,100.00%,2178.54,Tertunda,Pesanan sedang diproses. Komisi akan dikonfirmasi setelah pesanan selesai.,Pesanan dari Toko yang tidak Dipromosikan,Ada,dressanakperempuan,,,,,Instagram
2606021UED3WYA,Tertunda,234063835298935,2026-06-02 08:44:16,,2026-06-01 15:15:00,Go Wezt_ID,302058599,Preferred(Non-CB),25907274460,Ban Luar Sepeda Ukuran 20 x 3.0 Genio Hitam Jumbo BMX Fat Bike | High Quality,109081497563,Normal Product,,Olahraga & Outdoor,Alat Rekreasi Olahraga & Aktivitas Outdoor,Bersepeda,98250,1,Komisi Shopee,,96285,,1.50%,1444.275,0.00%,0,1444.275,0,0,0,,0,0.00%,0,100.00%,0,Tertunda,Pesanan sedang diproses. Komisi akan dikonfirmasi setelah pesanan selesai.,Pesanan dari Toko yang tidak Dipromosikan,Ada,dressanakperempuan,,,,,Instagram
2606021UA7J7AE,Tertunda,234063694247852,2026-06-02 08:41:38,,2026-06-01 17:47:24,Creativ.Stationery,126970172,Preferred(Non-CB),24287770200,[TULIS.ID IKI] Gelly Pen Silver White Gold Pulpen Color Ink 0.8 Mm,148859168035,Normal Product,,Buku & Alat Tulis,Alat Tulis,Pulpen & Tinta,3500,3,Komisi XTRA,,10500,,1.50%,157.5,3.00%,315,472.5,157.5,315,472.5,,0,0.00%,0,100.00%,472.5,Tertunda,Pesanan sedang diproses. Komisi akan dikonfirmasi setelah pesanan selesai.,Pesanan dari Toko yang tidak Dipromosikan,Ada,Atayasetelankaosanak,,,,,Facebook
2606021TY8JX22,Tertunda,234063326226435,2026-06-02 08:35:26,,2026-06-01 15:55:41,Alora Indonesia Official,140381792,Preferred(Non-CB),18734961082,TUNIK BUSUI JUMBO - TUNIK WANITA POLOS LD 120 - 130 - 140,183778391170,Normal Product,,Fashion Muslim,Pakaian Muslim Wanita,Atasan,62100,1,Komisi XTRA,,58520,,1.50%,877.8,4.00%,2340.8,3218.6,877.8,2340.8,3218.6,,0,0.00%,0,100.00%,3218.6,Tertunda,Pesanan sedang diproses. Komisi akan dikonfirmasi setelah pesanan selesai.,Pesanan dari Toko yang tidak Dipromosikan,Ada,rakdapur3,,,,,Facebook
2606021TMGB0PU,Tertunda,234062965258696,2026-06-02 08:29:25,,2026-06-02 08:14:23,mawu mawu,1131034013,Preferred(Non-CB),25952901372,MawuMawu 5pcs Paku Dekorasi Tembok Kait Dinding Tanpa Bor Figura Invisible Wall Hook,250077496935,Normal Product,,Perlengkapan Rumah,Organizer Rumah,Pengait,27500,1,Komisi XTRA,,27500,,1.50%,412.5,1.00%,275,687.5,412.5,275,687.5,,0,0.00%,0,100.00%,687.5,Tertunda,Pesanan sedang diproses. Komisi akan dikonfirmasi setelah pesanan selesai.,Pesanan dari Toko yang tidak Dipromosikan,Ada,rakdapur3,,,,,Instagram
2606021THF2C52,Tertunda,234062863258544,2026-06-02 08:27:44,,2026-06-02 08:04:53,Cosmic Indonesia,1587653970,Preferred(Non-CB),44954045471,COSMIC Rak Sabun Cuci Piring Wastafel Rak Pengering Sponge Kain Lap Dapur Serbaguna Bahan ABS Anti Karat,355381681222,Normal Product,,Perlengkapan Rumah,Perlengkapan Dapur,Rak Dapur,14504,1,Komisi XTRA,,13839,,1.50%,207.585,2.50%,345.975,553.56,207.585,345.975,553.56,,0,0.00%,0,100.00%,553.56,Tertunda,Pesanan sedang diproses. Komisi akan dikonfirmasi setelah pesanan selesai.,Pesanan dari Toko yang tidak Dipromosikan,Ada,rakdapur3,,,,,Facebook
2606021T6RNDU9,Tertunda,234062504227919,2026-06-02 08:21:44,,2026-06-01 16:57:45,mrsorganicsurabaya,266834046,Preferred(Non-CB),3743826298,Suplemen Vitamin Glucosamine & Chondroitin MSM 90 Capsule - Meredakan Nyeri Sendi Tulang Sehat Optimal,70408632587,Normal Product,,Kesehatan,Suplemen Makanan,Kesejahteraan,424900,1,Komisi XTRA,,416402,,1.50%,6246.03,2.50%,10410.05,16656.08,6246.03,10410.05,16656.08,,0,0.00%,0,100.00%,16656.08,Tertunda,Pesanan sedang diproses. Komisi akan dikonfirmasi setelah pesanan selesai.,Pesanan dari Toko yang tidak Dipromosikan,Ada,dressanakperempuan,,,,,Instagram
2606021SX61MP1,Tertunda,234062216261548,2026-06-02 08:16:56,,2026-06-01 17:46:52,Master Fashion 07,1446500204,C2C(Non-CB),49010533758,( Promo Cuci Gudang ) Celana Skena Highwaist Oversize Baggy Loose Jeans Wanita Celana Jeans Wanita Kulot Panjang Highwaist,325921889529,Normal Product,,Pakaian Wanita,Celana Jeans,,50000,1,Komisi Shopee,,47500,,0.00%,0,0.00%,0,0,0,0,0,,0,0.00%,0,100.00%,0,Tertunda,Pesanan sedang diproses. Komisi akan dikonfirmasi setelah pesanan selesai.,Pesanan dari Toko yang tidak Dipromosikan,Ada,Atayasetelankaosanak,,,,,Facebook
2606021SRPJSMX,Tertunda,234062032277896,2026-06-02 08:13:59,,2026-06-01 14:46:14,Haris Farm,277026714,Preferred(Non-CB),24169895705,Benih Sayuran Lengkap Bibit Tanaman Sayur Unggul Semua Varian,138890152633,Normal Product,464547538563098_0_0,Perlengkapan Rumah,Taman,Bibit & Umbi,1750,1,Komisi XTRA,,1634,,1.50%,24.51,1.50%,24.51,49.02,391.905,391.905,783.81,,0,0.00%,0,100.00%,783.81,Tertunda,Pesanan sedang diproses. Komisi akan dikonfirmasi setelah pesanan selesai.,Pesanan dari Toko yang tidak Dipromosikan,Ada,rakdapur3,,,,,Websites
2606021SRPJSMX,Tertunda,234062032277896,2026-06-02 08:13:59,,2026-06-01 14:46:14,Haris Farm,277026714,Preferred(Non-CB),24169895705,Benih Sayuran Lengkap Bibit Tanaman Sayur Unggul Semua Varian,138890152669,Normal Product,464547538563098_0_0,Perlengkapan Rumah,Taman,Bibit & Umbi,1750,1,Komisi XTRA,,1634,,1.50%,24.51,1.50%,24.51,49.02,0,0,0,,0,0.00%,0,100.00%,0,Tertunda,Pesanan sedang diproses. Komisi akan dikonfirmasi setelah pesanan selesai.,Pesanan dari Toko yang tidak Dipromosikan,Ada,rakdapur3,,,,,Websites
2606021SRPJSMX,Tertunda,234062032277896,2026-06-02 08:13:59,,2026-06-01 14:46:14,Haris Farm,277026714,Preferred(Non-CB),24169895705,Benih Sayuran Lengkap Bibit Tanaman Sayur Unggul Semua Varian,218109264611,Normal Product,464547538563098_0_0,Perlengkapan Rumah,Taman,Bibit & Umbi,1750,1,Komisi XTRA,,1634,,1.50%,24.51,1.50%,24.51,49.02,0,0,0,,0,0.00%,0,100.00%,0,Tertunda,Pesanan sedang diproses. Komisi akan dikonfirmasi setelah pesanan selesai.,Pesanan dari Toko yang tidak Dipromosikan,Ada,rakdapur3,,,,,Websites
2606021SRPJSMX,Tertunda,234062032277896,2026-06-02 08:13:59,,2026-06-01 14:46:14,Haris Farm,277026714,Preferred(Non-CB),24169895705,Benih Sayuran Lengkap Bibit Tanaman Sayur Unggul Semua Varian,138890152662,Normal Product,464547538563098_0_0,Perlengkapan Rumah,Taman,Bibit & Umbi,1750,1,Komisi XTRA,,1634,,1.50%,24.51,1.50%,24.51,49.02,0,0,0,,0,0.00%,0,100.00%,0,Tertunda,Pesanan sedang diproses. Komisi akan dikonfirmasi setelah pesanan selesai.,Pesanan dari Toko yang tidak Dipromosikan,Ada,rakdapur3,,,,,Websites
2606021SRPJSMX,Tertunda,234062032277896,2026-06-02 08:13:59,,2026-06-01 14:46:14,Haris Farm,277026714,Preferred(Non-CB),24169895705,Benih Sayuran Lengkap Bibit Tanaman Sayur Unggul Semua Varian,138890152653,Normal Product,464547538563098_0_0,Perlengkapan Rumah,Taman,Bibit & Umbi,1750,1,Komisi XTRA,,1634,,1.50%,24.51,1.50%,24.51,49.02,0,0,0,,0,0.00%,0,100.00%,0,Tertunda,Pesanan sedang diproses. Komisi akan dikonfirmasi setelah pesanan selesai.,Pesanan dari Toko yang tidak Dipromosikan,Ada,rakdapur3,,,,,Websites
2606021SRPJSMX,Tertunda,234062032277896,2026-06-02 08:13:59,,2026-06-01 14:46:14,Haris Farm,277026714,Preferred(Non-CB),24169895705,Benih Sayuran Lengkap Bibit Tanaman Sayur Unggul Semua Varian,138890152659,Normal Product,464547538563098_0_0,Perlengkapan Rumah,Taman,Bibit & Umbi,1750,1,Komisi XTRA,,1634,,1.50%,24.51,1.50%,24.51,49.02,0,0,0,,0,0.00%,0,100.00%,0,Tertunda,Pesanan sedang diproses. Komisi akan dikonfirmasi setelah pesanan selesai.,Pesanan dari Toko yang tidak Dipromosikan,Ada,rakdapur3,,,,,Websites
2606021SRPJSMX,Tertunda,234062032277896,2026-06-02 08:13:59,,2026-06-01 14:46:14,Haris Farm,277026714,Preferred(Non-CB),24169895705,Benih Sayuran Lengkap Bibit Tanaman Sayur Unggul Semua Varian,253728458474,Normal Product,464547538563098_0_0,Perlengkapan Rumah,Taman,Bibit & Umbi,1750,1,Komisi XTRA,,1634,,1.50%,24.51,1.50%,24.51,49.02,0,0,0,,0,0.00%,0,100.00%,0,Tertunda,Pesanan sedang diproses. Komisi akan dikonfirmasi setelah pesanan selesai.,Pesanan dari Toko yang tidak Dipromosikan,Ada,rakdapur3,,,,,Websites
2606021SRPJSMX,Tertunda,234062032277896,2026-06-02 08:13:59,,2026-06-01 14:46:14,Haris Farm,277026714,Preferred(Non-CB),24169895705,Benih Sayuran Lengkap Bibit Tanaman Sayur Unggul Semua Varian,138890152639,Normal Product,464547538563098_0_0,Perlengkapan Rumah,Taman,Bibit & Umbi,1750,1,Komisi XTRA,,1634,,1.50%,24.51,1.50%,24.51,49.02,0,0,0,,0,0.00%,0,100.00%,0,Tertunda,Pesanan sedang diproses. Komisi akan dikonfirmasi setelah pesanan selesai.,Pesanan dari Toko yang tidak Dipromosikan,Ada,rakdapur3,,,,,Websites
2606021SRPJSMX,Tertunda,234062032277896,2026-06-02 08:13:59,,2026-06-01 14:46:14,Haris Farm,277026714,Preferred(Non-CB),24169895705,Benih Sayuran Lengkap Bibit Tanaman Sayur Unggul Semua Varian,147236420832,Normal Product,464547538563098_0_0,Perlengkapan Rumah,Taman,Bibit & Umbi,1720,1,Komisi XTRA,,1617,,1.50%,24.255,1.50%,24.255,48.51,0,0,0,,0,0.00%,0,100.00%,0,Tertunda,Pesanan sedang diproses. Komisi akan dikonfirmasi setelah pesanan selesai.,Pesanan dari Toko yang tidak Dipromosikan,Ada,rakdapur3,,,,,Websites
2606021SRPJSMX,Tertunda,234062032277896,2026-06-02 08:13:59,,2026-06-01 14:46:14,Haris Farm,277026714,Preferred(Non-CB),27738432093,Item Benih Bayam Untuk Bonus Bibit Sayuran - Haris Farm,275649404578,Normal Product,464547538563098_0_0,Perlengkapan Rumah,Taman,Bibit & Umbi,0,1,Komisi Shopee,,0,,1.50%,0,0.00%,0,0,0,0,0,,0,0.00%,0,100.00%,0,Tertunda,Pesanan sedang diproses. Komisi akan dikonfirmasi setelah pesanan selesai.,Pesanan dari Toko yang tidak Dipromosikan,Ada,rakdapur3,,,,,Websites
2606021SRPJSMX,Tertunda,234062032277896,2026-06-02 08:13:59,,2026-06-01 14:46:14,Haris Farm,277026714,Preferred(Non-CB),24169895705,Benih Sayuran Lengkap Bibit Tanaman Sayur Unggul Semua Varian,176956799384,Normal Product,464547538563098_0_0,Perlengkapan Rumah,Taman,Bibit & Umbi,1750,1,Komisi XTRA,,1634,,1.50%,24.51,1.50%,24.51,49.02,0,0,0,,0,0.00%,0,100.00%,0,Tertunda,Pesanan sedang diproses. Komisi akan dikonfirmasi setelah pesanan selesai.,Pesanan dari Toko yang tidak Dipromosikan,Ada,rakdapur3,,,,,Websites
2606021SRPJSMX,Tertunda,234062032277896,2026-06-02 08:13:59,,2026-06-01 14:46:14,Haris Farm,277026714,Preferred(Non-CB),24169895705,Benih Sayuran Lengkap Bibit Tanaman Sayur Unggul Semua Varian,237340483615,Normal Product,464547538563098_0_0,Perlengkapan Rumah,Taman,Bibit & Umbi,1750,1,Komisi XTRA,,1634,,1.50%,24.51,1.50%,24.51,49.02,0,0,0,,0,0.00%,0,100.00%,0,Tertunda,Pesanan sedang diproses. Komisi akan dikonfirmasi setelah pesanan selesai.,Pesanan dari Toko yang tidak Dipromosikan,Ada,rakdapur3,,,,,Websites
2606021SRPJSMX,Tertunda,234062032277896,2026-06-02 08:13:59,,2026-06-01 14:46:14,Haris Farm,277026714,Preferred(Non-CB),24169895705,Benih Sayuran Lengkap Bibit Tanaman Sayur Unggul Semua Varian,138890152636,Normal Product,464547538563098_0_0,Perlengkapan Rumah,Taman,Bibit & Umbi,1750,1,Komisi XTRA,,1634,,1.50%,24.51,1.50%,24.51,49.02,0,0,0,,0,0.00%,0,100.00%,0,Tertunda,Pesanan sedang diproses. Komisi akan dikonfirmasi setelah pesanan selesai.,Pesanan dari Toko yang tidak Dipromosikan,Ada,rakdapur3,,,,,Websites
2606021SRPJSMX,Tertunda,234062032277896,2026-06-02 08:13:59,,2026-06-01 14:46:14,Haris Farm,277026714,Preferred(Non-CB),24169895705,Benih Sayuran Lengkap Bibit Tanaman Sayur Unggul Semua Varian,138890152644,Normal Product,464547538563098_0_0,Perlengkapan Rumah,Taman,Bibit & Umbi,1750,1,Komisi XTRA,,1634,,1.50%,24.51,1.50%,24.51,49.02,0,0,0,,0,0.00%,0,100.00%,0,Tertunda,Pesanan sedang diproses. Komisi akan dikonfirmasi setelah pesanan selesai.,Pesanan dari Toko yang tidak Dipromosikan,Ada,rakdapur3,,,,,Websites
2606021SRPJSMX,Tertunda,234062032277896,2026-06-02 08:13:59,,2026-06-01 14:46:14,Haris Farm,277026714,Preferred(Non-CB),24169895705,Benih Sayuran Lengkap Bibit Tanaman Sayur Unggul Semua Varian,138890152664,Normal Product,464547538563098_0_0,Perlengkapan Rumah,Taman,Bibit & Umbi,1750,1,Komisi XTRA,,1634,,1.50%,24.51,1.50%,24.51,49.02,0,0,0,,0,0.00%,0,100.00%,0,Tertunda,Pesanan sedang diproses. Komisi akan dikonfirmasi setelah pesanan selesai.,Pesanan dari Toko yang tidak Dipromosikan,Ada,rakdapur3,,,,,Websites
2606021SRPJSMX,Tertunda,234062032277896,2026-06-02 08:13:59,,2026-06-01 14:46:14,Haris Farm,277026714,Preferred(Non-CB),24169895705,Benih Sayuran Lengkap Bibit Tanaman Sayur Unggul Semua Varian,138890152670,Normal Product,464547538563098_0_0,Perlengkapan Rumah,Taman,Bibit & Umbi,1750,1,Komisi XTRA,,1634,,1.50%,24.51,1.50%,24.51,49.02,0,0,0,,0,0.00%,0,100.00%,0,Tertunda,Pesanan sedang diproses. Komisi akan dikonfirmasi setelah pesanan selesai.,Pesanan dari Toko yang tidak Dipromosikan,Ada,rakdapur3,,,,,Websites
2606021SRPJSMX,Tertunda,234062032277896,2026-06-02 08:13:59,,2026-06-01 14:46:14,Haris Farm,277026714,Preferred(Non-CB),24169895705,Benih Sayuran Lengkap Bibit Tanaman Sayur Unggul Semua Varian,307020834263,Normal Product,464547538563098_0_0,Perlengkapan Rumah,Taman,Bibit & Umbi,1750,1,Komisi XTRA,,1634,,1.50%,24.51,1.50%,24.51,49.02,0,0,0,,0,0.00%,0,100.00%,0,Tertunda,Pesanan sedang diproses. Komisi akan dikonfirmasi setelah pesanan selesai.,Pesanan dari Toko yang tidak Dipromosikan,Ada,rakdapur3,,,,,Websites
2606021SRPJSMW,Tertunda,234062032277896,2026-06-02 08:13:59,,2026-06-01 14:46:14,VJ RUMAH BUNGA,46083996,Preferred(Non-CB),4862151903,Benih Bibit Herbal Benih Herb Daun Mint Rosemery Thyme Oregano Parsley,57347297511,Normal Product,,Perlengkapan Rumah,Taman,Bibit & Umbi,3000,1,Komisi XTRA,,2826,,1.50%,42.39,3.00%,84.78,127.17,550.635,1101.27,1651.905,,0,0.00%,0,100.00%,1651.905,Tertunda,Pesanan sedang diproses. Komisi akan dikonfirmasi setelah pesanan selesai.,Pesanan dari Toko yang tidak Dipromosikan,Ada,rakdapur3,,,,,Websites
2606021SRPJSMW,Tertunda,234062032277896,2026-06-02 08:13:59,,2026-06-01 14:46:14,VJ RUMAH BUNGA,46083996,Preferred(Non-CB),4862151903,Benih Bibit Herbal Benih Herb Daun Mint Rosemery Thyme Oregano Parsley,22592291511,Normal Product,,Perlengkapan Rumah,Taman,Bibit & Umbi,2500,1,Komisi XTRA,,2355,,1.50%,35.325,3.00%,70.65,105.975,0,0,0,,0,0.00%,0,100.00%,0,Tertunda,Pesanan sedang diproses. Komisi akan dikonfirmasi setelah pesanan selesai.,Pesanan dari Toko yang tidak Dipromosikan,Ada,rakdapur3,,,,,Websites
2606021SRPJSMW,Tertunda,234062032277896,2026-06-02 08:13:59,,2026-06-01 14:46:14,VJ RUMAH BUNGA,46083996,Preferred(Non-CB),4862151903,Benih Bibit Herbal Benih Herb Daun Mint Rosemery Thyme Oregano Parsley,22592291513,Normal Product,,Perlengkapan Rumah,Taman,Bibit & Umbi,2500,1,Komisi XTRA,,2355,,1.50%,35.325,3.00%,70.65,105.975,0,0,0,,0,0.00%,0,100.00%,0,Tertunda,Pesanan sedang diproses. Komisi akan dikonfirmasi setelah pesanan selesai.,Pesanan dari Toko yang tidak Dipromosikan,Ada,rakdapur3,,,,,Websites
2606021SRPJSMW,Tertunda,234062032277896,2026-06-02 08:13:59,,2026-06-01 14:46:14,VJ RUMAH BUNGA,46083996,Preferred(Non-CB),4862151903,Benih Bibit Herbal Benih Herb Daun Mint Rosemery Thyme Oregano Parsley,22592291514,Normal Product,,Perlengkapan Rumah,Taman,Bibit & Umbi,2500,1,Komisi XTRA,,2355,,1.50%,35.325,3.00%,70.65,105.975,0,0,0,,0,0.00%,0,100.00%,0,Tertunda,Pesanan sedang diproses. Komisi akan dikonfirmasi setelah pesanan selesai.,Pesanan dari Toko yang tidak Dipromosikan,Ada,rakdapur3,,,,,Websites
2606021SRPJSMW,Tertunda,234062032277896,2026-06-02 08:13:59,,2026-06-01 14:46:14,VJ RUMAH BUNGA,46083996,Preferred(Non-CB),4862151903,Benih Bibit Herbal Benih Herb Daun Mint Rosemery Thyme Oregano Parsley,63809817441,Normal Product,,Perlengkapan Rumah,Taman,Bibit & Umbi,1000,1,Komisi XTRA,,941,,1.50%,14.115,3.00%,28.23,42.345,0,0,0,,0,0.00%,0,100.00%,0,Tertunda,Pesanan sedang diproses. Komisi akan dikonfirmasi setelah pesanan selesai.,Pesanan dari Toko yang tidak Dipromosikan,Ada,rakdapur3,,,,,Websites
2606021SRPJSMW,Tertunda,234062032277896,2026-06-02 08:13:59,,2026-06-01 14:46:14,VJ RUMAH BUNGA,46083996,Preferred(Non-CB),4862151903,Benih Bibit Herbal Benih Herb Daun Mint Rosemery Thyme Oregano Parsley,22592291517,Normal Product,,Perlengkapan Rumah,Taman,Bibit & Umbi,1000,1,Komisi XTRA,,945,,1.50%,14.175,3.00%,28.35,42.525,0,0,0,,0,0.00%,0,100.00%,0,Tertunda,Pesanan sedang diproses. Komisi akan dikonfirmasi setelah pesanan selesai.,Pesanan dari Toko yang tidak Dipromosikan,Ada,rakdapur3,,,,,Websites
2606021SRPJSMW,Tertunda,234062032277896,2026-06-02 08:13:59,,2026-06-01 14:46:14,VJ RUMAH BUNGA,46083996,Preferred(Non-CB),5389262818,10 Butir - Benih Bunga Kenikir Kuning Benih Bibit Bunga Kosmos Kuning,45491205500,Normal Product,,Perlengkapan Rumah,Taman,Bibit & Umbi,3000,1,Komisi XTRA,,2826,,1.50%,42.39,3.00%,84.78,127.17,0,0,0,,0,0.00%,0,100.00%,0,Tertunda,Pesanan sedang diproses. Komisi akan dikonfirmasi setelah pesanan selesai.,Pesanan dari Toko yang tidak Dipromosikan,Ada,rakdapur3,,,,,Websites
2606021SRPJSMW,Tertunda,234062032277896,2026-06-02 08:13:59,,2026-06-01 14:46:14,VJ RUMAH BUNGA,46083996,Preferred(Non-CB),4862151903,Benih Bibit Herbal Benih Herb Daun Mint Rosemery Thyme Oregano Parsley,22592291512,Normal Product,,Perlengkapan Rumah,Taman,Bibit & Umbi,1000,1,Komisi XTRA,,950,,1.50%,14.25,3.00%,28.5,42.75,0,0,0,,0,0.00%,0,100.00%,0,Tertunda,Pesanan sedang diproses. Komisi akan dikonfirmasi setelah pesanan selesai.,Pesanan dari Toko yang tidak Dipromosikan,Ada,rakdapur3,,,,,Websites
2606021SRPJSMW,Tertunda,234062032277896,2026-06-02 08:13:59,,2026-06-01 14:46:14,VJ RUMAH BUNGA,46083996,Preferred(Non-CB),4862151903,Benih Bibit Herbal Benih Herb Daun Mint Rosemery Thyme Oregano Parsley,22592291515,Normal Product,,Perlengkapan Rumah,Taman,Bibit & Umbi,2500,1,Komisi XTRA,,2355,,1.50%,35.325,3.00%,70.65,105.975,0,0,0,,0,0.00%,0,100.00%,0,Tertunda,Pesanan sedang diproses. Komisi akan dikonfirmasi setelah pesanan selesai.,Pesanan dari Toko yang tidak Dipromosikan,Ada,rakdapur3,,,,,Websites
2606021SRPJSMW,Tertunda,234062032277896,2026-06-02 08:13:59,,2026-06-01 14:46:14,VJ RUMAH BUNGA,46083996,Preferred(Non-CB),6439450932,SEKOP TANAMAN MINI BERKEBUN,40083537740,Normal Product,,Perlengkapan Rumah,Taman,Peralatan Berkebun,20000,1,Komisi XTRA,,18801,,1.50%,282.015,3.00%,564.03,846.045,0,0,0,,0,0.00%,0,100.00%,0,Tertunda,Pesanan sedang diproses. Komisi akan dikonfirmasi setelah pesanan selesai.,Pesanan dari Toko yang tidak Dipromosikan,Ada,rakdapur3,,,,,Websites
2606021RNECF5K,Belum Dibayar,234060849278043,2026-06-02 07:54:17,,2026-06-02 07:53:40,bakir.Amanah.id,498836538,C2C(Non-CB),50800798447,Rak Jaring 3 susun vertikal W trapesium rak sekat anti karat free paku&perekat Besi Dinding,330072648368,Normal Product,,Perlengkapan Rumah,Furniture,Rak & Rak Gantung,45000,2,Komisi XTRA,,90000,,0.00%,0,0.00%,0,0,0,0,0,,0,0.00%,0,100.00%,0,Belum Dibayar,Pesanan sedang menunggu pembayaran dari Pembeli.,Pesanan Produk dari Toko yang Dipromosikan,Ada,rakdapur3,,,,,Others
2606021QTDAXP4,Tertunda,234059942207299,2026-06-02 07:39:03,,2026-06-02 07:36:51,SKINTIFIC_ID Certified Store,1442987636,Preferred(Non-CB),27836263176,SKINTIFIC - Niacinamide Brightening Cleanser 120ml | Facial Wash Cleanser Acnes Face Wash Sabun Cuci Muka Acner Glowing Barrier ,253395449640,Normal Product,,Perawatan & Kecantikan,Perawatan Wajah,Pembersih Wajah,84550,1,Komisi Shopee,,80322,,1.50%,1204.83,0.00%,0,1204.83,1204.83,0,1204.83,,0,0.00%,0,100.00%,1204.83,Tertunda,Pesanan sedang diproses. Komisi akan dikonfirmasi setelah pesanan selesai.,Pesanan dari Toko yang tidak Dipromosikan,Ada,rakdapur3,,,,,Instagram
2606021Q9W2970,Tertunda,234059388275703,2026-06-02 07:29:56,,2026-06-01 14:25:08,Joy.official,84252149,Preferred(Non-CB),26591087673,Glowsicha Luminous Glow Tone up Sunscreen SPF 50 PA+++,188687059806,Normal Product,,Perawatan & Kecantikan,Perawatan Wajah,Sunscreen Wajah,65000,2,Komisi Shopee,,114400,,1.50%,1716,0.00%,0,1716,1716,0,1716,,0,0.00%,0,100.00%,1716,Tertunda,Pesanan sedang diproses. Komisi akan dikonfirmasi setelah pesanan selesai.,Pesanan dari Toko yang tidak Dipromosikan,Ada,rakdapur3,,,,,Facebook
2606021MHJC99A,Tertunda,234056424278043,2026-06-02 06:40:32,,2026-06-02 06:37:11,Yepoo.id,1589698387,Preferred(Non-CB),26189689120,SISIR KARAKTER SET ISI 2 PCS SISIR ANAK KARAKTER LUCU KARTUN 2 IN1 HAIR ALAT RAMBUT COMBO,208636893710,Normal Product,,Perawatan & Kecantikan,Alat Kecantikan,Alat Rambut,3806,1,Komisi XTRA,,3706,,1.50%,55.59,1.50%,55.59,111.18,55.59,55.59,111.18,,0,0.00%,0,100.00%,111.18,Tertunda,Pesanan sedang diproses. Komisi akan dikonfirmasi setelah pesanan selesai.,Pesanan dari Toko yang tidak Dipromosikan,Ada,rakdapur3,,,,,Facebook
2606021M1WNYG8,Tertunda,234055899253838,2026-06-02 06:31:40,,2026-06-02 00:13:52,Beauty_lucky7,1413818052,C2C(Non-CB),46505281412,Lipstik maybeline Revlon tahan lama bisa cod warna cantik best seller,390480429712,Normal Product,,Perawatan & Kecantikan,Kosmetik,Kosmetik Bibir,12999,1,Komisi XTRA,,12999,,0.00%,0,3.00%,389.97,389.97,0,389.97,389.97,,0,0.00%,0,100.00%,389.97,Tertunda,Pesanan sedang diproses. Komisi akan dikonfirmasi setelah pesanan selesai.,Pesanan dari Toko yang tidak Dipromosikan,Ada,Atayasetelankaosanak,,,,,Facebook
2606021M1AJ8Q6,Tertunda,234055879219438,2026-06-02 06:31:19,,2026-06-01 18:45:43,Unilever Beauty Shop,932470899,Shopee Mall(Non-CB),22118897105,Vaseline Repairing Petroleum Jelly Original Kulit Kering 100% Pure 50Ml,230773107225,Normal Product,,Perawatan & Kecantikan,Perawatan Wajah,Treatment Bibir,30800,1,Komisi XTRA,,30680,,1.50%,460.2,1.00%,306.8,767,460.2,306.8,767,,0,0.00%,0,100.00%,767,Tertunda,Pesanan sedang diproses. Komisi akan dikonfirmasi setelah pesanan selesai.,Pesanan dari Toko yang tidak Dipromosikan,Ada,rakdapur3,,,,,Websites
2606021KFXJ4Y7,Tertunda,234055296204902,2026-06-02 06:21:36,,2026-06-02 06:09:33,prasada home,1321992521,Preferred(Non-CB),55457395531,"Sekam Bakar Media Tanam Ukuran karung 25 kg - Ramah Lingkungan, Sumber Kalium, Tidak Mudah Lapuk Untuk Tanaman",228258486677,Normal Product,,Perlengkapan Rumah,Taman,Tanah & Media Tanam,19900,1,Komisi XTRA,,15494,,1.50%,232.41,5.00%,774.7,1007.11,232.41,774.7,1007.11,,0,0.00%,0,100.00%,1007.11,Tertunda,Pesanan sedang diproses. Komisi akan dikonfirmasi setelah pesanan selesai.,Pesanan dari Toko yang tidak Dipromosikan,Ada,rakdapur3,,,,,Facebook
2606021HRCYM2D,Dibatalkan,234053432279479,2026-06-02 05:50:40,--,2026-06-01 17:02:09,leni.v.on,97993244,Preferred(Non-CB),18670237875,Gameboy Classic Retro Portable 500in1 Game Player Connect To TV Or Gamepad G5 Mainan Edukasi,193659008618,Normal Product,,Gaming & Konsol,Konsol Game,Gameboy,105000,0,Komisi XTRA,,0,94500,0.50%,0,0.50%,0,0,0,0,0,,0,0.00%,0,100.00%,0,Dibatalkan,Pembeli membatalkan pesanan.,Pesanan dari Toko yang tidak Dipromosikan,Ada,rakdapur3,,,,,Websites
2606021HM0RR5N,Tertunda,234053285248135,2026-06-02 05:48:09,,2026-06-01 11:35:11,Gallery An-nur,61606679,Preferred(Non-CB),24075631921,ANNUR Hijab Daily Pashmina Instan Oval Pet Jahit Dagu Matt Jersy Premium Wanita Muslim Size 180x75,240682930790,Normal Product,461722901307691_0_0,Fashion Muslim,Pakaian Muslim Wanita,Hijab,30020,1,Komisi XTRA,,26838,,1.50%,402.57,3.00%,805.14,1207.71,2012.85,4025.7,6038.55,,0,0.00%,0,100.00%,6038.55,Tertunda,Pesanan sedang diproses. Komisi akan dikonfirmasi setelah pesanan selesai.,Pesanan dari Toko yang tidak Dipromosikan,Ada,dressanakperempuan,,,,,Facebook
2606021HM0RR5N,Tertunda,234053285248135,2026-06-02 05:48:09,,2026-06-01 11:35:11,Gallery An-nur,61606679,Preferred(Non-CB),24075631921,ANNUR Hijab Daily Pashmina Instan Oval Pet Jahit Dagu Matt Jersy Premium Wanita Muslim Size 180x75,240682930792,Normal Product,461722901307691_0_0,Fashion Muslim,Pakaian Muslim Wanita,Hijab,30020,1,Komisi XTRA,,26838,,1.50%,402.57,3.00%,805.14,1207.71,0,0,0,,0,0.00%,0,100.00%,0,Tertunda,Pesanan sedang diproses. Komisi akan dikonfirmasi setelah pesanan selesai.,Pesanan dari Toko yang tidak Dipromosikan,Ada,dressanakperempuan,,,,,Facebook
2606021HM0RR5N,Tertunda,234053285248135,2026-06-02 05:48:09,,2026-06-01 11:35:11,Gallery An-nur,61606679,Preferred(Non-CB),46103286358,Ciput Hijab Inner Basic Anti Tembem Bahan Jersey Premium Adem Nyaman | Ciput Ninja Turki Anti Pusing Dalaman Hijab Wanita,355314146900,Normal Product,461722901307691_0_0,Fashion Muslim,Pakaian Muslim Wanita,Hijab,0,1,Komisi XTRA,,0,,1.50%,0,2.50%,0,0,0,0,0,,0,0.00%,0,100.00%,0,Tertunda,Pesanan sedang diproses. Komisi akan dikonfirmasi setelah pesanan selesai.,Pesanan dari Toko yang tidak Dipromosikan,Ada,dressanakperempuan,,,,,Facebook
2606021HM0RR5N,Tertunda,234053285248135,2026-06-02 05:48:09,,2026-06-01 11:35:11,Gallery An-nur,61606679,Preferred(Non-CB),24075631921,ANNUR Hijab Daily Pashmina Instan Oval Pet Jahit Dagu Matt Jersy Premium Wanita Muslim Size 180x75,240682930773,Normal Product,461722901307691_0_0,Fashion Muslim,Pakaian Muslim Wanita,Hijab,30020,1,Komisi XTRA,,26838,,1.50%,402.57,3.00%,805.14,1207.71,0,0,0,,0,0.00%,0,100.00%,0,Tertunda,Pesanan sedang diproses. Komisi akan dikonfirmasi setelah pesanan selesai.,Pesanan dari Toko yang tidak Dipromosikan,Ada,dressanakperempuan,,,,,Facebook
2606021HM0RR5N,Tertunda,234053285248135,2026-06-02 05:48:09,,2026-06-01 11:35:11,Gallery An-nur,61606679,Preferred(Non-CB),24075631921,ANNUR Hijab Daily Pashmina Instan Oval Pet Jahit Dagu Matt Jersy Premium Wanita Muslim Size 180x75,240682930779,Normal Product,461722901307691_0_0,Fashion Muslim,Pakaian Muslim Wanita,Hijab,30020,1,Komisi XTRA,,26838,,1.50%,402.57,3.00%,805.14,1207.71,0,0,0,,0,0.00%,0,100.00%,0,Tertunda,Pesanan sedang diproses. Komisi akan dikonfirmasi setelah pesanan selesai.,Pesanan dari Toko yang tidak Dipromosikan,Ada,dressanakperempuan,,,,,Facebook
2606021HM0RR5N,Tertunda,234053285248135,2026-06-02 05:48:09,,2026-06-01 11:35:11,Gallery An-nur,61606679,Preferred(Non-CB),24075631921,ANNUR Hijab Daily Pashmina Instan Oval Pet Jahit Dagu Matt Jersy Premium Wanita Muslim Size 180x75,240682930784,Normal Product,461722901307691_0_0,Fashion Muslim,Pakaian Muslim Wanita,Hijab,30020,1,Komisi XTRA,,26838,,1.50%,402.57,3.00%,805.14,1207.71,0,0,0,,0,0.00%,0,100.00%,0,Tertunda,Pesanan sedang diproses. Komisi akan dikonfirmasi setelah pesanan selesai.,Pesanan dari Toko yang tidak Dipromosikan,Ada,dressanakperempuan,,,,,Facebook
2606021EHW96RU,Tertunda,234049993253488,2026-06-02 04:53:13,,2026-06-01 17:25:45,NIUNIU BABY & KID,1100934243,Preferred(Non-CB),21994529125,NIUNIU BAJU BAYI SETELAN ANAK 0-6 TAHUN SETELAN PENDEK KAOS + CELANA BAJU ANAK SETELAN LENGAN PENDEK BAHAN KATUN,184673737916,Normal Product,,Fashion Bayi & Anak,Pakaian Bayi,Set,40650,1,Komisi XTRA,,39836,,1.50%,597.54,6.50%,2589.34,3186.88,2307.15,9997.65,12304.8,,0,0.00%,0,100.00%,12304.8,Tertunda,Pesanan sedang diproses. Komisi akan dikonfirmasi setelah pesanan selesai.,Pesanan dari Toko yang tidak Dipromosikan,Ada,Atayasetelankaosanak,,,,,Facebook
2606021EHW96RU,Tertunda,234049993253488,2026-06-02 04:53:13,,2026-06-01 17:25:45,NIUNIU BABY & KID,1100934243,Preferred(Non-CB),24526948662,NIUNIU BABY BAJU BAYI OBLONG TANPA LENGAN UMUR 0-5 TAHUN SETELAN ANAK KATUN,137906920888,Normal Product,,Fashion Bayi & Anak,Pakaian Bayi,Set,37650,1,Komisi XTRA,,36899,,1.50%,553.485,6.50%,2398.435,2951.92,0,0,0,,0,0.00%,0,100.00%,0,Tertunda,Pesanan sedang diproses. Komisi akan dikonfirmasi setelah pesanan selesai.,Pesanan dari Toko yang tidak Dipromosikan,Ada,Atayasetelankaosanak,,,,,Facebook
2606021EHW96RU,Tertunda,234049993253488,2026-06-02 04:53:13,,2026-06-01 17:25:45,NIUNIU BABY & KID,1100934243,Preferred(Non-CB),24526948662,NIUNIU BABY BAJU BAYI OBLONG TANPA LENGAN UMUR 0-5 TAHUN SETELAN ANAK KATUN,138925508683,Normal Product,,Fashion Bayi & Anak,Pakaian Bayi,Set,38650,1,Komisi XTRA,,37876,,1.50%,568.14,6.50%,2461.94,3030.08,0,0,0,,0,0.00%,0,100.00%,0,Tertunda,Pesanan sedang diproses. Komisi akan dikonfirmasi setelah pesanan selesai.,Pesanan dari Toko yang tidak Dipromosikan,Ada,Atayasetelankaosanak,,,,,Facebook
2606021EHW96RU,Tertunda,234049993253488,2026-06-02 04:53:13,,2026-06-01 17:25:45,NIUNIU BABY & KID,1100934243,Preferred(Non-CB),24569425816,NIUNIU SETELAN ANAK BAYI 0 - 6 TAHUN BAHAN KATUN ADEM MOTIF LUCU / OUTFIT SANTAI BAYI,226142984847,Normal Product,,Fashion Bayi & Anak,Pakaian Bayi,Set,39999,1,Komisi XTRA,,39199,,1.50%,587.985,6.50%,2547.935,3135.92,0,0,0,,0,0.00%,0,100.00%,0,Tertunda,Pesanan sedang diproses. Komisi akan dikonfirmasi setelah pesanan selesai.,Pesanan dari Toko yang tidak Dipromosikan,Ada,Atayasetelankaosanak,,,,,Facebook
2606021ECQC2HY,Tertunda,234049820292118,2026-06-02 04:50:41,,2026-06-02 04:39:46,Home Lovely,1058803,Preferred(Non-CB),4140404408,(3pcs) Spatula / Solet / Polesan Plastik Sweet Tebal,60153431859,Normal Product,,Perlengkapan Rumah,Perlengkapan Dapur,Spatula & Capitan,7000,1,Komisi XTRA,,7000,,1.50%,105,0.50%,35,140,105,35,140,,0,0.00%,0,100.00%,140,Tertunda,Pesanan sedang diproses. Komisi akan dikonfirmasi setelah pesanan selesai.,Pesanan dari Toko yang tidak Dipromosikan,Ada,rakdapur3,,,,,Facebook
2606021BYQYNHV,Tertunda,234047236241939,2026-06-02 04:07:20,,2026-05-31 08:40:00,Hoptech Official Store,219480745,Shopee Mall(Non-CB),50108620488,Hoptech - Wallpaper PVC Sticker Furnitur Kayu Meja Lemari Dapur Anti Noda Premium Motif Serat Kayu Wallpaper Kayu Stiker Kayu St,405763779880,Normal Product,,Perlengkapan Rumah,Dekorasi,Wallpaper & Stiker Dinding,8100,2,Komisi XTRA,,10034,,1.50%,150.51,2.50%,250.85,401.36,150.51,250.85,401.36,,0,0.00%,0,100.00%,401.36,Tertunda,Pesanan sedang diproses. Komisi akan dikonfirmasi setelah pesanan selesai.,Pesanan dari Toko yang tidak Dipromosikan,Ada,rakdapur3,,,,,Instagram
2606021BG2CACU,Tertunda,234046710277954,2026-06-02 03:58:38,,2026-06-01 15:25:05,Yasmine tissue,1563193733,Preferred(Non-CB),43255522285,[1 hook free]1 PACK Yasimie Tisu Gantung tebal 3 PLY 1281 Helai untuk pakai dirumah ekonomis Tisu makanan dengan kemasaan besarh,253546507331,Normal Product,,Perlengkapan Rumah,Perawatan Rumah,Tisu & Tisu Kertas,20398,1,Komisi XTRA,,20398,,1.50%,305.97,3.00%,611.94,917.91,305.97,611.94,917.91,,0,0.00%,0,100.00%,917.91,Tertunda,Pesanan sedang diproses. Komisi akan dikonfirmasi setelah pesanan selesai.,Pesanan dari Toko yang tidak Dipromosikan,Ada,rakdapur3,,,,,Facebook
260602177GN7TD,Tertunda,234042128281714,2026-06-02 02:42:10,,2026-06-01 15:06:21,Mossdoom Official Shop,800625687,Shopee Mall(Non-CB),16985389661,MOSSDOOM Tas Wanita Doce Bag Hand Bag Selempang Wanita,49074620047,Normal Product,,Tas Wanita,Top Handle Bag,,244999,1,Komisi XTRA,,220499,,1.50%,3307.485,3.50%,7717.465,11024.95,3307.485,7717.465,11024.95,,0,0.00%,0,100.00%,11024.95,Tertunda,Pesanan sedang diproses. Komisi akan dikonfirmasi setelah pesanan selesai.,Pesanan dari Toko yang tidak Dipromosikan,Ada,benihsayuran,,,,,Instagram
26060216AXYBHD,Tertunda,234041170219910,2026-06-02 02:26:10,,2026-05-31 12:05:21,GPLACC88,450529450,Preferred(Non-CB),13395427264,"Amplas susun 4 inchi / Flap disc 4 inchi ""CAMEL""",48981095461,Normal Product,,Perlengkapan Rumah,Alat Pertukangan & Renovasi Rumah,Perkakas,6000,2,Komisi XTRA,,12000,,1.50%,180,2.50%,300,480,180,300,480,,0,0.00%,0,100.00%,480,Tertunda,Pesanan sedang diproses. Komisi akan dikonfirmasi setelah pesanan selesai.,Pesanan dari Toko yang tidak Dipromosikan,Ada,WallpaperDindingVinyl,,,,,Facebook
260602129RTD5K,Tertunda,234036835247832,2026-06-02 01:13:59,,2026-06-01 17:52:19,Go Filter,334825013,Preferred(Non-CB),8205181638,MEMBRANE VONTRON ULP21-4021 / MEMBRAN RO VONTRON 1000 GPD,62740068572,Normal Product,,Elektronik,Perangkat Dapur,Dispenser & Filter Air,1227999,1,Komisi Shopee,,1203438,,0.50%,6017.19,0.00%,0,6017.19,7977.085,0,7977.085,,0,0.00%,0,100.00%,7977.085,Tertunda,Pesanan sedang diproses. Komisi akan dikonfirmasi setelah pesanan selesai.,Pesanan dari Toko yang tidak Dipromosikan,Ada,rakdapur3,,,,,Facebook
260602129RTD5K,Tertunda,234036835247832,2026-06-02 01:13:59,,2026-06-01 17:52:19,Go Filter,334825013,Preferred(Non-CB),21522589637,CARTRIDGE BENANG FILTER AIR RO 5 MICRON 10 INCH 20 INCH / SPUN / PP FILTER / SEDIMENT,227194865111,Normal Product,,Elektronik,Perangkat Dapur,Dispenser & Filter Air,18499,20,Komisi Shopee,,362580,,0.50%,1812.9,0.00%,0,1812.9,0,0,0,,0,0.00%,0,100.00%,0,Tertunda,Pesanan sedang diproses. Komisi akan dikonfirmasi setelah pesanan selesai.,Pesanan dari Toko yang tidak Dipromosikan,Ada,rakdapur3,,,,,Facebook
260602129RTD5K,Tertunda,234036835247832,2026-06-02 01:13:59,,2026-06-01 17:52:19,Go Filter,334825013,Preferred(Non-CB),22022642284,CTO USA 10 INCH CARBON BLOCK GARUDA,220889195810,Normal Product,,Elektronik,Perangkat Dapur,Dispenser & Filter Air,14999,2,Komisi Shopee,,29399,,0.50%,146.995,0.00%,0,146.995,0,0,0,,0,0.00%,0,100.00%,0,Tertunda,Pesanan sedang diproses. Komisi akan dikonfirmasi setelah pesanan selesai.,Pesanan dari Toko yang tidak Dipromosikan,Ada,rakdapur3,,,,,Facebook
260602118ENB4W,Tertunda,234035718291939,2026-06-02 00:55:39,,2026-06-01 11:58:09,Bonbox Surabaya Shop,374902155,Shopee Mall(Non-CB),43004105265,BONBOX Alat Pel Tongkat Pel + Kain Pel Set Mop Stick Set with Headmop Adjustable Dapat Digunakan Untuk Semua Type Produk Pel Bon,276065860215,Normal Product,,Perlengkapan Rumah,Perawatan Rumah,Kain Pel,73100,1,Komisi XTRA,,57111,,1.50%,856.665,3.00%,1713.33,2569.995,856.665,1713.33,2569.995,,0,0.00%,0,100.00%,2569.995,Tertunda,Pesanan sedang diproses. Komisi akan dikonfirmasi setelah pesanan selesai.,Pesanan dari Toko yang tidak Dipromosikan,Ada,Atayasetelankaosanak,,,,,Facebook
26060210BU2KW0,Tertunda,234034757234364,2026-06-02 00:39:17,,2026-06-01 15:32:08,Sehati Autoparts,1488107567,Preferred(Non-CB),28280512753,Hydraulic Jack / Dongkrak Botol 32 TON Heavy Duty KP,252963313085,Normal Product,,Mobil,Perkakas & Perlengkapan Kendaraan,Perkakas & Perlengkapan Kendaraan Lainnya,540260,1,Komisi XTRA,,519654,,1.50%,7794.81,1.50%,7794.81,15589.62,7794.81,7794.81,15589.62,,0,0.00%,0,100.00%,15589.62,Tertunda,Pesanan sedang diproses. Komisi akan dikonfirmasi setelah pesanan selesai.,Pesanan dari Toko yang tidak Dipromosikan,Ada,rakdapur3,,,,,Facebook
2606020YKW8J06,Tertunda,234033954226514,2026-06-02 00:25:55,,2026-06-02 00:20:36,Toko revan jaya,1012418616,Preferred(Non-CB),26511503970,Rok Plisket Bludru Velvet Panjang Premium,296586069475,Normal Product,,Fashion Muslim,Pakaian Muslim Wanita,Bawahan,63827,1,Komisi XTRA,,45594,,1.50%,683.91,5.00%,2279.7,2963.61,683.91,2279.7,2963.61,,0,0.00%,0,100.00%,2963.61,Tertunda,Pesanan sedang diproses. Komisi akan dikonfirmasi setelah pesanan selesai.,Pesanan dari Toko yang tidak Dipromosikan,Ada,Atayasetelankaosanak,,,,,Facebook
2606020XB9CKTY,Tertunda,234032591209151,2026-06-02 00:03:12,,2026-06-01 09:41:56,JIB Official Shop,297050097,Shopee Mall(Non-CB),44011994937,JIB PREMIUM SCENTED TRASH BAG / PLASTIK SAMPAH WANGI / KANTONG SAMPAH BERAROMA 50 PCS,306005594152,Normal Product,,Perlengkapan Rumah,Perawatan Rumah,Kantong Plastik  & Kantong Sampah,34650,1,Komisi Shopee,,32918,,1.50%,493.77,0.00%,0,493.77,987.525,0,987.525,,0,0.00%,0,100.00%,987.525,Tertunda,Pesanan sedang diproses. Komisi akan dikonfirmasi setelah pesanan selesai.,Pesanan dari Toko yang tidak Dipromosikan,Ada,rakdapur3,,,,,Instagram
2606020XB9CKTY,Tertunda,234032591209151,2026-06-02 00:03:12,,2026-06-01 09:41:56,JIB Official Shop,297050097,Shopee Mall(Non-CB),44011994937,JIB PREMIUM SCENTED TRASH BAG / PLASTIK SAMPAH WANGI / KANTONG SAMPAH BERAROMA 50 PCS,306005594153,Normal Product,,Perlengkapan Rumah,Perawatan Rumah,Kantong Plastik  & Kantong Sampah,34650,1,Komisi Shopee,,32917,,1.50%,493.755,0.00%,0,493.755,0,0,0,,0,0.00%,0,100.00%,0,Tertunda,Pesanan sedang diproses. Komisi akan dikonfirmasi setelah pesanan selesai.,Pesanan dari Toko yang tidak Dipromosikan,Ada,rakdapur3,,,,,Instagram
