ID Pemesanan,Status Pesanan,Kode Pesanan Affiliate,Waktu Pemesanan,Waktu Terselesaikan,Waktu Klik,Nama Toko,ID Shop,Tipe toko.,ID Barang,Nama Barange,ID Model,Tipe Produk,ID Promosi,L1 Kategori Global,L2 Kategori Global,L3 Kategori Global,Harga(Rp),Jumlah,Tipe Penawaran,Kampanye Partnerr,Nilai Pembelian(Rp),Jumlah Pengembalian Dana(Rp),Persentase Komisi Shopee pada Produk,Komisi Barang Shopee(Rp),Persentase Komisi XTRA pada Produk,Komisi XTRA Produk(Rp),Total Komisi per Produk(Rp),Komisi Shopee per Pesanan(Rp),Komisi XTRA per Pesanan(Rp),Total Komisi per Pesanan(Rp),Nama MCN Terhubung,ID Kontrak MCN,Persentase Biaya Manajemen MCN,Biaya Manajemen MCN(Rp),Persentase Pembagian Komisi Affiliate,Komisi Bersih Affiliate (Rp),Status Produk Affiliate,Catatan Produk,Tipe Pesanan,Status Pemebelian,Tag_link1,Tag_link2,Tag_link3,Tag_link4,Tag_link5,Platform
2606020WHDMW46,Tertunda,234031723253249,2026-06-01 23:48:44,,2026-06-01 23:20:58,TOKOBAKAT77,828088304,Preferred(Non-CB),40107603844,SISIR KUTU LOGAM TERMINATOR / SERIT KUTU LOGAM KUALITAS PREMIUM,285666205080,Normal Product,,Perawatan & Kecantikan,Alat Kecantikan,Alat Rambut,4649,1,Komisi XTRA,,4649,,1.50%,69.735,2.50%,116.225,185.96,69.735,116.225,185.96,,0,0.00%,0,100.00%,185.96,Tertunda,Pesanan sedang diproses. Komisi akan dikonfirmasi setelah pesanan selesai.,Pesanan dari Toko yang tidak Dipromosikan,Ada,Atayasetelankaosanak,,,,,Others
2606020VN0RGW9,Tertunda,234030770211240,2026-06-01 23:32:50,,2026-06-01 23:29:18,Lanz Premium Jewellery,318054650,Preferred(Non-CB),23789494321,Cincin Wanita Ziselle Kristal Swaroski Titanium (Emas Perak),245400652588,Normal Product,,Aksesoris Fashion,Cincin,,28000,1,Komisi Shopee,,28000,,1.50%,420,0.00%,0,420,420,0,420,,0,0.00%,0,100.00%,420,Tertunda,Pesanan sedang diproses. Komisi akan dikonfirmasi setelah pesanan selesai.,Pesanan dari Toko yang tidak Dipromosikan,Ada,Atayasetelankaosanak,,,,,Facebook
2606020V236223,Tertunda,234030135223878,2026-06-01 23:22:15,,2026-06-01 15:13:16,hellobrandholic,156726663,C2C(Non-CB),48909945227,LEKBONG,425992050213,Normal Product,,Pakaian Wanita,Pakaian Wanita Lainnya,,100000,1,Komisi Shopee,,80000,,0.00%,0,0.00%,0,0,0,0,0,,0,0.00%,0,100.00%,0,Tertunda,Pesanan sedang diproses. Komisi akan dikonfirmasi setelah pesanan selesai.,Pesanan dari Toko yang tidak Dipromosikan,Ada,benihsayuran,,,,,Instagram
2606020U62QGVQ,Tertunda,234029195227181,2026-06-01 23:06:35,,2026-06-01 14:01:31,MURAHGROSIR15,1016129681,Preferred(Non-CB),27752717125,Kotak Penyimpanan Makanan Serbaguna Penyimpanan Bumbu / Sayur / Buah / Ikan / Mie Serbaguna,187579883712,Normal Product,,Perlengkapan Rumah,Perlengkapan Dapur,Tempat Penyimpanan Makanan,9417,1,Komisi XTRA,,0,,1.50%,0,5.00%,0,0,0,0,0,,0,0.00%,0,100.00%,0,Tertunda,Pesanan sedang diproses. Komisi akan dikonfirmasi setelah pesanan selesai.,Pesanan dari Toko yang tidak Dipromosikan,Ada,rakdapur3,,,,,Threads
2606020TVU552J,Tertunda,234028886297873,2026-06-01 23:01:48,,2026-06-01 18:42:47,Zenyth Mall,29192607,Preferred(Non-CB),13616064228,Kantong Jaring Cuci Pakaian / Laundry Net,130724136453,Normal Product,,Perlengkapan Rumah,Organizer Rumah,Tas & Keranjang Laundry,6500,3,Komisi XTRA,,18537,,1.50%,278.055,2.00%,370.74,648.795,278.055,370.74,648.795,,0,0.00%,0,100.00%,648.795,Tertunda,Pesanan sedang diproses. Komisi akan dikonfirmasi setelah pesanan selesai.,Pesanan dari Toko yang tidak Dipromosikan,Ada,rakdapur3,,,,,Instagram
2606010TRFUWEE,Tertunda,234028739230046,2026-06-01 22:58:59,,2026-05-31 11:00:27,Indi Adv,850858816,Preferred(Non-CB),25451100408,Biaya Sablon Untuk Order dibawah 100pcs,108241025069,Normal Product,,Aksesoris Fashion,Aksesoris Fashion Lainnya,,25000,1,Komisi XTRA,,23750,,1.50%,356.25,2.50%,593.75,950,1218.375,2030.625,3249,,0,0.00%,0,100.00%,3249,Tertunda,Pesanan sedang diproses. Komisi akan dikonfirmasi setelah pesanan selesai.,Pesanan dari Toko yang tidak Dipromosikan,Ada,rakdapur3,,,,,Websites
2606010TRFUWEE,Tertunda,234028739230046,2026-06-01 22:58:59,,2026-05-31 11:00:27,Indi Adv,850858816,Preferred(Non-CB),25906676714,Tas Spunbond 30x40 Free Sablon Goodie Bag Custom Kuat Anti Robek,168022107337,Normal Product,,Buku & Alat Tulis,Pembungkus Kado & Kemasan,Tas Kado,2420,25,Komisi XTRA,,57475,,1.50%,862.125,2.50%,1436.875,2299,0,0,0,,0,0.00%,0,100.00%,0,Tertunda,Pesanan sedang diproses. Komisi akan dikonfirmasi setelah pesanan selesai.,Pesanan dari Toko yang tidak Dipromosikan,Ada,rakdapur3,,,,,Websites
2606010TPNNWRY,Tertunda,234028678225600,2026-06-01 22:57:59,,2026-06-01 16:16:43,Batik Arkanza Store,376842205,Preferred(Non-CB),21572957599,Atasan Kemeja BATIK ARKANZA Motif MAHAMERU SOGAN Hem Atasan Kemeja Baju Batik Premium Pria Cowok Laki Laki Slimfit Full Lapis Fu,230912554375,Normal Product,,Pakaian Pria,Atasan,Kemeja,196999,1,Komisi XTRA,,177299,,1.50%,2659.485,5.00%,8864.95,11524.435,2659.485,8864.95,11524.435,,0,0.00%,0,100.00%,11524.435,Tertunda,Pesanan sedang diproses. Komisi akan dikonfirmasi setelah pesanan selesai.,Pesanan dari Toko yang tidak Dipromosikan,Ada,rakdapur3,,,,,Facebook
2606010SRHHN8Q,Tertunda,234027667254872,2026-06-01 22:41:07,,2026-06-01 14:17:19,AlBarakah89,1601810701,Preferred(Non-CB),44112523097,Hanger Jilbab Susun 5 /  Gantungan Hijab Plastik 5 in 1,306049414936,Normal Product,,Perlengkapan Rumah,Organizer Rumah,Gantungan,3750,2,Komisi Shopee,,7500,,1.50%,112.5,0.00%,0,112.5,112.5,0,112.5,,0,0.00%,0,100.00%,112.5,Tertunda,Pesanan sedang diproses. Komisi akan dikonfirmasi setelah pesanan selesai.,Pesanan dari Toko yang tidak Dipromosikan,Ada,rakdapur3,,,,,Facebook
2606010SKJ9PA2,Tertunda,234027500278306,2026-06-01 22:38:27,,2026-06-01 22:19:48,Gp jakarta,27065077,Preferred(Non-CB),4878718605,TERLARIS - Rak Sudut Wastafel Segitiga Saringan Cuci Piring /Tempat Spon Sabun/ Tempat Tirisan Cucian Piring Saringan Wastafel C,33603871712,Normal Product,,Perlengkapan Rumah,Perlengkapan Dapur,Saringan,19000,1,Komisi XTRA,,18850,,1.50%,282.75,7.00%,1319.5,1602.25,282.75,1319.5,1602.25,,0,0.00%,0,100.00%,1602.25,Tertunda,Pesanan sedang diproses. Komisi akan dikonfirmasi setelah pesanan selesai.,Pesanan dari Toko yang tidak Dipromosikan,Ada,rakdapur3,,,,,Facebook
2606010Q52AS3X,Tertunda,234024866284548,2026-06-01 21:54:28,,2026-05-30 23:50:12,jesselynpetshop,299259101,Preferred(Non-CB),7551128525,drontal obat cacing kucing per tablet per pcs,30908628156,Normal Product,,Hewan Peliharaan,Perawatan Kesehatan Hewan,Obat,26500,7,Komisi Shopee,,166950,,1.50%,2504.25,0.00%,0,2504.25,2504.25,0,2504.25,,0,0.00%,0,100.00%,2504.25,Tertunda,Pesanan sedang diproses. Komisi akan dikonfirmasi setelah pesanan selesai.,Pesanan dari Toko yang tidak Dipromosikan,Ada,rakdapur3,,,,,Others
2606010PUTNNEU,Tertunda,234024556269986,2026-06-01 21:49:17,,2026-06-01 16:19:24,TGS STORE,192321146,Preferred(Non-CB),29969677493,Sepatu Pantopeul Wanita Motip Bunga SB-01,227109198088,Normal Product,,Sepatu Wanita,Heels,,68904,1,Komisi XTRA,,65458,,1.50%,981.87,2.50%,1636.45,2618.32,981.87,1636.45,2618.32,,0,0.00%,0,100.00%,2618.32,Tertunda,Pesanan sedang diproses. Komisi akan dikonfirmasi setelah pesanan selesai.,Pesanan dari Toko yang tidak Dipromosikan,Ada,rakdapur3,,,,,Facebook
2606010PMRNHBX,Tertunda,234024319282447,2026-06-01 21:45:20,,2026-06-01 19:14:57,balaz store,187097630,C2C(Non-CB),3753576094,Nota 10rb s/d 30rb 1kg,61086884182,Normal Product,,Pakaian Pria,Pakaian Pria Lainnya,,13000,1,Komisi Shopee,,12500,,0.00%,0,0.00%,0,0,0,0,0,,0,0.00%,0,100.00%,0,Tertunda,Pesanan sedang diproses. Komisi akan dikonfirmasi setelah pesanan selesai.,Pesanan dari Toko yang tidak Dipromosikan,Ada,benihsayuran,,,,,Instagram
2606010PHQB18M,Tertunda,234024217227805,2026-06-01 21:43:38,,2026-06-01 21:32:23,Sky Kid`s,234775311,Preferred(Non-CB),55060471599,Setelan Lengan Panjang Piyama Baju Tidur Anak Gambar Kucing Kicau Mania  Ukuran 1-10 Tahun,267615778435,Normal Product,,Fashion Bayi & Anak,Pakaian Anak Perempuan,Baju Tidur,40500,1,Komisi XTRA,,37525,,1.50%,562.875,4.00%,1501,2063.875,562.875,1501,2063.875,,0,0.00%,0,100.00%,2063.875,Tertunda,Pesanan sedang diproses. Komisi akan dikonfirmasi setelah pesanan selesai.,Pesanan dari Toko yang tidak Dipromosikan,Ada,Atayasetelankaosanak,,,,,Others
2606010MW36F13,Tertunda,234022451277221,2026-06-01 21:14:18,,2026-06-01 18:19:25,IKEA Indonesia Official Store,1561682121,Shopee Mall(Non-CB),48903059870,IKEA EKIPERA Baki Tempat Sendok dan Garpu / Peralatan Makan,385293438569,Normal Product,,Perlengkapan Rumah,Peralatan Makan,Peralatan Makan Lainnya,19900,2,Komisi XTRA,,39003,,1.50%,585.045,1.50%,585.045,1170.09,585.045,585.045,1170.09,,0,0.00%,0,100.00%,1170.09,Tertunda,Pesanan sedang diproses. Komisi akan dikonfirmasi setelah pesanan selesai.,Pesanan dari Toko yang tidak Dipromosikan,Ada,rakdapur3,,,,,Instagram
2606010MW36F12,Tertunda,234022451277221,2026-06-01 21:14:18,,2026-06-01 18:19:25,Mondeo Indonesia,1403491966,Preferred(Non-CB),45052795663,{MONDEO }ORDNING – Wadah Tempat Sendok / Alat Masak Baja,315267538367,Normal Product,,Perlengkapan Rumah,Perlengkapan Dapur,Perlengkapan Dapur Lainnya,40888,1,Komisi XTRA,,40070,,1.50%,601.05,2.50%,1001.75,1602.8,601.05,1001.75,1602.8,,0,0.00%,0,100.00%,1602.8,Tertunda,Pesanan sedang diproses. Komisi akan dikonfirmasi setelah pesanan selesai.,Pesanan dari Toko yang tidak Dipromosikan,Ada,rakdapur3,,,,,Instagram
2606010MUQAVF5,Tertunda,234022405281491,2026-06-01 21:13:27,,2026-06-01 13:23:43,antsun Official Store,933913101,Shopee Mall(Non-CB),28873171468,antsun-Rak Buku / Rak Pajangan / Rak Serbaguna / Rak Buku Minimalis / Rak Multifungsi Minimalis/Rak 6/8 Susun / Rak Susun Serbag,188137520277,Normal Product,,Perlengkapan Rumah,Furniture,Rak & Rak Gantung,399000,1,Komisi XTRA,,359100,,1.50%,5386.5,0.50%,1795.5,7182,5386.5,1795.5,7182,,0,0.00%,0,100.00%,7182,Tertunda,Pesanan sedang diproses. Komisi akan dikonfirmasi setelah pesanan selesai.,Pesanan dari Toko yang tidak Dipromosikan,Ada,rakdapur3,,,,,Others
2606010MNUF7H3,Tertunda,234022209292983,2026-06-01 21:10:30,,2026-05-28 12:16:33,LAZZEN Official Store,1449489467,Shopee Mall(Non-CB),44422638257,LAZZEN - Paranet 99% Anti-UV Jaring / Jaring Rumah Kaca Jaring Tabir / Lebar 2/3/4/5/6 Meter / Kain transparan tahan air / Garde,266841464559,Normal Product,,Perlengkapan Rumah,Alat Pertukangan & Renovasi Rumah,Tenda & Terpal,125729,1,Komisi XTRA,,120274,,1.50%,1804.11,5.00%,6013.7,7817.81,1804.11,6013.7,7817.81,,0,0.00%,0,100.00%,7817.81,Tertunda,Pesanan sedang diproses. Komisi akan dikonfirmasi setelah pesanan selesai.,Pesanan dari Toko yang tidak Dipromosikan,Ada,rakdapur3,,,,,Facebook
2606010MNA9348,Belum Dibayar,234022190261491,2026-06-01 21:09:50,,2026-06-01 16:38:57,VitaminDiskon Official Shop,50972887,Shopee Mall(Non-CB),19859509264,"BLACKMORES BIO D3 1000IU BPOM KALBE - 30 CAPS | SUPLEMEN VITAMIN D3, DAYA TAHAN TUBUH, IMUNITAS, AUTOIMUN, TULANG, PROMIL",310168202558,Normal Product,,Kesehatan,Suplemen Makanan,Kesejahteraan,62400,1,Komisi XTRA,,59038,,0.00%,0,0.00%,0,0,0,0,0,,0,0.00%,0,100.00%,0,Belum Dibayar,Pesanan sedang menunggu pembayaran dari Pembeli.,Pesanan dari Toko yang tidak Dipromosikan,Ada,rakdapur3,,,,,Instagram
2606010MNA9348,Belum Dibayar,234022190261491,2026-06-01 21:09:50,,2026-06-01 16:38:57,VitaminDiskon Official Shop,50972887,Shopee Mall(Non-CB),23800989305,KHUSUS HADIAH GRATIS DENGAN MINIMAL PEMBELIAN,410971370024,Normal Product,463653191303260_0_0,Kesehatan,Suplemen Makanan,Kesejahteraan,0,1,Komisi XTRA,,0,,0.00%,0,0.00%,0,0,0,0,0,,0,0.00%,0,100.00%,0,Belum Dibayar,Pesanan sedang menunggu pembayaran dari Pembeli.,Pesanan dari Toko yang tidak Dipromosikan,Ada,rakdapur3,,,,,Instagram
2606010MNA9348,Belum Dibayar,234022190261491,2026-06-01 21:09:50,,2026-06-01 16:38:57,VitaminDiskon Official Shop,50972887,Shopee Mall(Non-CB),29672416098,NUTRIMAX VITAMIN VIT D3 1000 IU 60 TABLET | Suplemen Kesehatan Tulang Gigi Imunitas Osteoporosis Autoimun,157629357516,Normal Product,463653191303260_0_0,Kesehatan,Suplemen Makanan,Kesejahteraan,123200,1,Komisi XTRA,,116562,,0.00%,0,0.00%,0,0,0,0,0,,0,0.00%,0,100.00%,0,Belum Dibayar,Pesanan sedang menunggu pembayaran dari Pembeli.,Pesanan dari Toko yang tidak Dipromosikan,Ada,rakdapur3,,,,,Instagram
2606010MKF63SR,Tertunda,234022129296432,2026-06-01 21:09:10,,2026-06-01 18:25:26,Mossdoom Official Shop,800625687,Shopee Mall(Non-CB),21477972056,MOSSDOOM Tas Wanita Jenye Bag Tas Selempang Wanita,165804624243,Normal Product,,Tas Wanita,Tas Selempang & Bahu Wanita,,179000,1,Komisi XTRA,,150360,,1.50%,2255.4,3.50%,5262.6,7518,2255.4,5262.6,7518,,0,0.00%,0,100.00%,7518,Tertunda,Pesanan sedang diproses. Komisi akan dikonfirmasi setelah pesanan selesai.,Pesanan dari Toko yang tidak Dipromosikan,Ada,Atayasetelankaosanak,,,,,Facebook
2606010M7T8WR2,Tertunda,234021737274634,2026-06-01 21:02:25,,2026-06-01 15:51:59,Toko Online24,168102441,C2C(Non-CB),28025742403,Minol 5Ml Minyak Luka Tanpa Rasa Perih - 1 Box  isi 6 Botol,198203587380,Normal Product,,Kesehatan,Obat-obatan & Alat Kesehatan,P3K,38223,1,Komisi Shopee,,38223,,0.00%,0,0.00%,0,0,0,0,0,,0,0.00%,0,100.00%,0,Tertunda,Pesanan sedang diproses. Komisi akan dikonfirmasi setelah pesanan selesai.,Pesanan dari Toko yang tidak Dipromosikan,Ada,rakdapur3,,,,,Facebook
2606010KXHM9EM,Tertunda,234021426213120,2026-06-01 20:57:06,,2026-06-01 20:27:11,Tokolobo,15709295,Preferred(Non-CB),48360799943,TAMAYOKIDS 1-13 Tahun Setelan KICAU MANIA BATIK THAI VERONIKA KO| Set Gajah Thai Viral SNI Bahan Adem,267655009304,Normal Product,,Fashion Bayi & Anak,Pakaian Anak Laki-Laki,Atasan,37250,1,Komisi XTRA,,27863,,1.50%,417.945,7.00%,1950.41,2368.355,417.945,1950.41,2368.355,,0,0.00%,0,100.00%,2368.355,Tertunda,Pesanan sedang diproses. Komisi akan dikonfirmasi setelah pesanan selesai.,Pesanan Produk dari Toko yang Dipromosikan,Ada,Atayasetelankaosanak,,,,,Others
2606010K46MBBM,Tertunda,234020542279698,2026-06-01 20:42:29,,2026-06-01 16:21:22,Nubiko Official Store,899151156,Shopee Mall(Non-CB),20281162179,"Nubiko Essential Soothe 14,5gr dengan 8x Ceramide Niacinamide Microbiome Moisturizer Face Cream Anak",310873435825,Normal Product,,Perawatan & Kecantikan,Perawatan Wajah,Pelembab Wajah,73900,1,Komisi XTRA,,63900,,1.50%,958.5,3.50%,2236.5,3195,958.5,2236.5,3195,,0,0.00%,0,100.00%,3195,Tertunda,Pesanan sedang diproses. Komisi akan dikonfirmasi setelah pesanan selesai.,Pesanan dari Toko yang tidak Dipromosikan,Ada,rakdapur3,,,,,Websites
2606010K45NY0Y,Tertunda,234020541277154,2026-06-01 20:42:28,,2026-06-01 17:51:15,WSKEN Official Store,1016780123,Shopee Mall(Non-CB),40600168646,[Tanpa tepi hitam]WSKEN Tempered Glass Clear/Privacy Glossy Auto Align Tech Anti Gores Screen Protector Full for iPhone X XR17e ,280012942950,Normal Product,,Handphone & Aksesoris,Aksesoris,Pelindung Layar Handphone,76000,1,Komisi XTRA,,64980,,0.50%,324.9,5.00%,3249,3573.9,324.9,3249,3573.9,,0,0.00%,0,100.00%,3573.9,Tertunda,Pesanan sedang diproses. Komisi akan dikonfirmasi setelah pesanan selesai.,Pesanan dari Toko yang tidak Dipromosikan,Ada,rakdapur3,,,,,Others
2606010K2QVUPA,Tertunda,234020493264105,2026-06-01 20:41:33,,2026-06-01 07:49:50,Susie Craft 1,1420336927,C2C(Non-CB),57709806167,Co eta Full 235k,282584773222,Normal Product,,Ibu & Bayi,Mainan,Boneka & Mainan Boneka,285000,1,Komisi Shopee,,256500,,0.00%,0,0.00%,0,0,0,0,0,,0,0.00%,0,100.00%,0,Tertunda,Pesanan sedang diproses. Komisi akan dikonfirmasi setelah pesanan selesai.,Pesanan dari Toko yang tidak Dipromosikan,Ada,rakdapur3,,,,,Others
2606010JJJ0B7T,Tertunda,234019950212906,2026-06-01 20:32:30,,2026-06-01 12:23:02,Dot Bayi shop,1473383843,Preferred(Non-CB),41159067969,Dot Bayi 3.8cm Standard Slim Neck Dot Nipple Peristaltic Dot Ulir BPA-Free Silikon Empeng bayi,108715148945,Normal Product,,Ibu & Bayi,Perlengkapan Makan Bayi,Dot Bayi,2621,4,Komisi XTRA,,7863,,1.50%,117.945,5.00%,393.15,511.095,117.945,393.15,511.095,,0,0.00%,0,100.00%,511.095,Tertunda,Pesanan sedang diproses. Komisi akan dikonfirmasi setelah pesanan selesai.,Pesanan dari Toko yang tidak Dipromosikan,Ada,Atayasetelankaosanak,,,,,Facebook
2606010JAEN5QD,Tertunda,234019678279144,2026-06-01 20:28:06,,2026-06-01 20:02:14,LuxurySlippers_,1656583773,Preferred(Non-CB),46860811503,Promo Sandal sapatu tali anak motif labubu perempuan terbaru uk 23-34,297652984678,Normal Product,,Fashion Bayi & Anak,Sepatu Anak Perempuan,Sandal,16999,1,Komisi Shopee,,16151,,1.50%,242.265,0.00%,0,242.265,812.205,0,812.205,,0,0.00%,0,100.00%,812.205,Tertunda,Pesanan sedang diproses. Komisi akan dikonfirmasi setelah pesanan selesai.,Pesanan dari Toko yang tidak Dipromosikan,Ada,Atayasetelankaosanak,,,,,Facebook
2606010JAEN5QD,Tertunda,234019678279144,2026-06-01 20:28:06,,2026-06-01 20:02:14,LuxurySlippers_,1656583773,Preferred(Non-CB),46860811503,Promo Sandal sapatu tali anak motif labubu perempuan terbaru uk 23-34,385942707474,Normal Product,,Fashion Bayi & Anak,Sepatu Anak Perempuan,Sandal,19999,1,Komisi Shopee,,18998,,1.50%,284.97,0.00%,0,284.97,0,0,0,,0,0.00%,0,100.00%,0,Tertunda,Pesanan sedang diproses. Komisi akan dikonfirmasi setelah pesanan selesai.,Pesanan dari Toko yang tidak Dipromosikan,Ada,Atayasetelankaosanak,,,,,Facebook
2606010JAEN5QD,Tertunda,234019678279144,2026-06-01 20:28:06,,2026-06-01 20:02:14,LuxurySlippers_,1656583773,Preferred(Non-CB),46860811503,Promo Sandal sapatu tali anak motif labubu perempuan terbaru uk 23-34,297652984676,Normal Product,,Fashion Bayi & Anak,Sepatu Anak Perempuan,Sandal,19999,1,Komisi Shopee,,18998,,1.50%,284.97,0.00%,0,284.97,0,0,0,,0,0.00%,0,100.00%,0,Tertunda,Pesanan sedang diproses. Komisi akan dikonfirmasi setelah pesanan selesai.,Pesanan dari Toko yang tidak Dipromosikan,Ada,Atayasetelankaosanak,,,,,Facebook
2606010HFXUHBU,Tertunda,234018789280754,2026-06-01 20:13:10,,2026-06-01 16:36:35,Olive Care Official Shop,176794615,Shopee Mall(Non-CB),54706912413,Olive Care Pembersih Bulu Kucing/Anjing PET HAIR MAGNET GLOVE Sarung Tangan Portable untuk Membersihkan dan Mengangkat Bulu di B,355618380975,Normal Product,,Hewan Peliharaan,Grooming Hewan,Perawatan Rambut,74640,1,Komisi XTRA,,61408,,1.50%,921.12,3.50%,2149.28,3070.4,921.12,2149.28,3070.4,,0,0.00%,0,100.00%,3070.4,Tertunda,Pesanan sedang diproses. Komisi akan dikonfirmasi setelah pesanan selesai.,Pesanan dari Toko yang tidak Dipromosikan,Ada,rakdapur3,,,,,Facebook
2606010HBSAHMH,Tertunda,234018649260593,2026-06-01 20:10:49,,2026-05-26 16:53:07,alfarofloz,1512640071,C2C(Non-CB),42701586980,Remote digital receiver OPTUS k-vision remot stb set top box parabola,224247455563,Normal Product,,Elektronik,Remot Kontrol,,16998,1,Komisi XTRA,,13088,,0.00%,0,2.50%,327.2,327.2,0,327.2,327.2,,0,0.00%,0,100.00%,327.2,Tertunda,Pesanan sedang diproses. Komisi akan dikonfirmasi setelah pesanan selesai.,Pesanan dari Toko yang tidak Dipromosikan,Ada,WallpaperDindingVinyl,,,,,Facebook
2606010H9W6PBW,Tertunda,234018586224601,2026-06-01 20:09:46,,2026-06-01 14:25:13,c2shop90,815541029,Preferred(Non-CB),16398957897,Celana Sirwal/celana Komprang/Celana Silat Sontog 3/4,184602622321,Normal Product,,Fashion Muslim,Pakaian Muslim Pria,Celana,38499,1,Komisi XTRA,,34690,,1.50%,520.35,4.50%,1561.05,2081.4,520.35,1561.05,2081.4,,0,0.00%,0,100.00%,2081.4,Tertunda,Pesanan sedang diproses. Komisi akan dikonfirmasi setelah pesanan selesai.,Pesanan dari Toko yang tidak Dipromosikan,Ada,benihsayuran,,,,,Others
2606010H70QSCG,Tertunda,234018489270867,2026-06-01 20:08:16,,2026-06-01 19:01:53,clothingbybrenda3,62285208,C2C(Non-CB),25242557480,KAOS AMBYR SALEEE MEWAH 10,267639971320,Normal Product,,Pakaian Pria,Atasan,Kaos,105900,1,Komisi Shopee,,84720,,0.00%,0,0.00%,0,0,0,0,0,,0,0.00%,0,100.00%,0,Tertunda,Pesanan sedang diproses. Komisi akan dikonfirmasi setelah pesanan selesai.,Pesanan dari Toko yang tidak Dipromosikan,Ada,rakslidingkomen,,,,,Facebook
2606010H70QSCG,Tertunda,234018489270867,2026-06-01 20:08:16,,2026-06-01 19:01:53,clothingbybrenda3,62285208,C2C(Non-CB),28376361414,NEW JACK3T MEWAH LIMITED STOCK,262533021801,Normal Product,,Pakaian Pria,"Jaket, Mantel, & Rompi",Jaket,150900,1,Komisi Shopee,,120720,,0.00%,0,0.00%,0,0,0,0,0,,0,0.00%,0,100.00%,0,Tertunda,Pesanan sedang diproses. Komisi akan dikonfirmasi setelah pesanan selesai.,Pesanan dari Toko yang tidak Dipromosikan,Ada,rakslidingkomen,,,,,Facebook
2606010H5KUQ40,Tertunda,234018442210378,2026-06-01 20:07:23,,2026-06-01 13:32:01,DRIYO Electric City,181040628,Preferred(Non-CB),7990336968,Anti Slip 1.5M Dashboard Mat Mobil Alas 1.5 M Handphone Drybox Dry Box Kamera Besar 30 / 20 x 15 cm,65678240954,Normal Product,,Mobil,Aksesoris Interior Mobil,Sunshield & Pelindung Dashboard,9191,1,Komisi XTRA,,0,,1.50%,0,3.50%,0,0,0,0,0,,0,0.00%,0,100.00%,0,Tertunda,Pesanan sedang diproses. Komisi akan dikonfirmasi setelah pesanan selesai.,Pesanan dari Toko yang tidak Dipromosikan,Ada,rakdapur3,,,,,Others
2606010GKRM6M8,Tertunda,234017843239952,2026-06-01 19:57:23,,2026-06-01 18:29:38,GROSIR TOKO BIRU,1230868327,C2C(Non-CB),47606827101,"Loluna Lotion Krim Bayi 80ml / 200ml – Baby Lotion Melembapkan Kulit Bayi, Aroma Segar, Mudah Meresap",445610238048,Normal Product,,Ibu & Bayi,Kesehatan Bayi,Perawatan Kulit Bayi,34780,1,Komisi Shopee,,34780,,0.00%,0,0.00%,0,0,0,0,0,,0,0.00%,0,100.00%,0,Tertunda,Pesanan sedang diproses. Komisi akan dikonfirmasi setelah pesanan selesai.,Pesanan dari Toko yang tidak Dipromosikan,Ada,Atayasetelankaosanak,,,,,Facebook
2606010GH8FRSX,Tertunda,234017759209755,2026-06-01 19:56:00,,2026-05-30 22:14:34,Happybeauty77,1518498384,C2C(Non-CB),58109062624,Korek Api Jumbo M 2000 Tahan Angin Refillable,445803357109,Normal Product,,Perlengkapan Rumah,Perlengkapan Dapur,Korek Api & Pemantik,13500,1,Komisi Shopee,,12880,,0.00%,0,0.00%,0,0,0,0,0,,0,0.00%,0,100.00%,0,Tertunda,Pesanan sedang diproses. Komisi akan dikonfirmasi setelah pesanan selesai.,Pesanan dari Toko yang tidak Dipromosikan,Ada,rakdapur3,,,,,Threads
2606010FNW25X7,Tertunda,234016841254639,2026-06-01 19:40:42,,2026-06-01 19:24:54,Amiishopp🌷🌷,323357896,Preferred(Non-CB),25303853316,Banner / Spanduk Gagal Cetak 1 x 3 meter,158634069890,Normal Product,,Perlengkapan Rumah,Perlengkapan Pesta,Backdrop & Spanduk,42000,1,Komisi Shopee,,42000,,1.50%,630,0.00%,0,630,630,0,630,,0,0.00%,0,100.00%,630,Tertunda,Pesanan sedang diproses. Komisi akan dikonfirmasi setelah pesanan selesai.,Pesanan dari Toko yang tidak Dipromosikan,Ada,Atayasetelankaosanak,,,,,Facebook
2606010ETCS2B4,Tertunda,234015918207003,2026-06-01 19:25:18,,2026-06-01 18:57:07,SR_Stylish_kids,785375959,Preferred(Non-CB),16888069188,FLASH SALE setelan KARAKTER LUCU KICAU  MANIA GAJAH THAILAND untuk anak usia 1-12 tahun,330945063568,Normal Product,,Fashion Bayi & Anak,Pakaian Anak Laki-Laki,Jas & Setelan,43100,1,Komisi XTRA,,40945,,1.50%,614.175,3.50%,1433.075,2047.25,614.175,1433.075,2047.25,,0,0.00%,0,100.00%,2047.25,Tertunda,Pesanan sedang diproses. Komisi akan dikonfirmasi setelah pesanan selesai.,Pesanan dari Toko yang tidak Dipromosikan,Ada,Atayasetelankaosanak,,,,,Facebook
2606010ENK92VQ,Tertunda,234015757241141,2026-06-01 19:22:42,,2026-06-01 18:23:05,Tobyklik,58087725,Preferred(Non-CB),27518818859,Chilgo 3+ Madu/Vanila 950gr,243206865755,Normal Product,,Ibu & Bayi,Susu Formula & Makanan Bayi,Susu Formula,94989,1,Komisi Shopee,,90239,,1.50%,1353.585,0.00%,0,1353.585,1353.585,0,1353.585,,0,0.00%,0,100.00%,1353.585,Tertunda,Pesanan sedang diproses. Komisi akan dikonfirmasi setelah pesanan selesai.,Pesanan dari Toko yang tidak Dipromosikan,Ada,rakdapur3,,,,,Instagram
2606010EMQNJ7B,Tertunda,234015729295032,2026-06-01 19:22:30,,2026-06-01 15:35:01,Bolo Wangi,204513517,C2C(Non-CB),53806957865,[BNIB] Mykonos Royal Ispahan,420888624127,Normal Product,,Perawatan & Kecantikan,Parfum & Wewangian,,450000,1,Komisi Shopee,,360000,,0.00%,0,0.00%,0,0,0,0,0,,0,0.00%,0,100.00%,0,Tertunda,Pesanan sedang diproses. Komisi akan dikonfirmasi setelah pesanan selesai.,Pesanan dari Toko yang tidak Dipromosikan,Ada,rakdapur3,,,,,Facebook
2606010EHYUGFU,Tertunda,234015636213422,2026-06-01 19:20:37,,2026-06-01 19:16:54,KANA HOME DRESS,33270342,C2C(Non-CB),28722905904,KANA - 3 Pcs Celana Dalam Boxer Anak Perempuan Motif Karakter Anak Cewe,227248812915,Normal Product,,Fashion Bayi & Anak,Pakaian Anak Perempuan,Pakaian Dalam,16760,1,Komisi XTRA,,16760,,0.00%,0,7.00%,1173.2,1173.2,0,1173.2,1173.2,,0,0.00%,0,100.00%,1173.2,Tertunda,Pesanan sedang diproses. Komisi akan dikonfirmasi setelah pesanan selesai.,Pesanan Produk dari Toko yang Dipromosikan,Ada,Atayasetelankaosanak,,,,,Others
2606010EGE9JH8,Tertunda,234015584254437,2026-06-01 19:19:44,,2026-06-01 19:19:03,BOSS BANDUNG,1351876007,Preferred(Non-CB),42280978827,ONESET ANAK VIRAL MOTIF GAJAH KICAU MANIA 2-12 TAHUN SETELAN ANAK UNISEX MODEL TERBARU,410938067105,Normal Product,,Fashion Bayi & Anak,Pakaian Anak Perempuan,Jas & Setelan,46500,1,Komisi XTRA,,43415,,1.50%,651.225,10.00%,4341.5,4992.725,651.225,4341.5,4992.725,,0,0.00%,0,100.00%,4992.725,Tertunda,Pesanan sedang diproses. Komisi akan dikonfirmasi setelah pesanan selesai.,Pesanan Produk dari Toko yang Dipromosikan,Ada,Atayasetelankaosanak,,,,,Others
2606010ECGC3JC,Tertunda,234015452217078,2026-06-01 19:17:32,,2026-06-01 19:14:49,BOSS BANDUNG,1351876007,Preferred(Non-CB),42280978827,ONESET ANAK VIRAL MOTIF GAJAH KICAU MANIA 2-12 TAHUN SETELAN ANAK UNISEX MODEL TERBARU,410938067098,Normal Product,,Fashion Bayi & Anak,Pakaian Anak Perempuan,Jas & Setelan,45000,1,Komisi XTRA,,41990,,1.50%,629.85,10.00%,4199,4828.85,629.85,4199,4828.85,,0,0.00%,0,100.00%,4828.85,Tertunda,Pesanan sedang diproses. Komisi akan dikonfirmasi setelah pesanan selesai.,Pesanan Produk dari Toko yang Dipromosikan,Ada,Atayasetelankaosanak,,,,,Others
2606010E3K7UTX,Tertunda,234015153221979,2026-06-01 19:12:34,,2026-06-01 19:08:08,BOSS BANDUNG,1351876007,Preferred(Non-CB),42280978827,ONESET ANAK VIRAL MOTIF GAJAH KICAU MANIA 2-12 TAHUN SETELAN ANAK UNISEX MODEL TERBARU,410938067092,Normal Product,,Fashion Bayi & Anak,Pakaian Anak Perempuan,Jas & Setelan,45000,1,Komisi XTRA,,41990,,1.50%,629.85,10.00%,4199,4828.85,629.85,4199,4828.85,,0,0.00%,0,100.00%,4828.85,Tertunda,Pesanan sedang diproses. Komisi akan dikonfirmasi setelah pesanan selesai.,Pesanan Produk dari Toko yang Dipromosikan,Ada,Atayasetelankaosanak,,,,,Others
2606010DVURYF7,Tertunda,234014928293577,2026-06-01 19:09:09,,2026-05-27 18:47:11,amacstore,26548226,Preferred(Non-CB),24028660940,Caisar Selang Gas Flexibel Caisar 1.8 Meter,250772737407,Normal Product,,Elektronik,Perangkat Dapur,Kompor & Regulator Gas,28500,1,Komisi XTRA,,28500,,0.50%,142.5,0.50%,142.5,285,142.5,142.5,285,,0,0.00%,0,100.00%,285,Tertunda,Pesanan sedang diproses. Komisi akan dikonfirmasi setelah pesanan selesai.,Pesanan dari Toko yang tidak Dipromosikan,Ada,rakdapur3,,,,,Facebook
2606010DS6F90W,Tertunda,234014805291374,2026-06-01 19:07:07,,2026-06-01 14:07:19,MUMO MALL,1069114612,Preferred(Non-CB),19694829555,Rak Troli Susun Rak Roda Rak Lantai Beroda Rak Ruang Tamu Rak Penyimpanan Dapur Stainless,232213860203,Normal Product,,Perlengkapan Rumah,Furniture,Rak & Rak Gantung,159000,1,Komisi XTRA,,151050,,1.50%,2265.75,1.50%,2265.75,4531.5,2265.75,2265.75,4531.5,,0,0.00%,0,100.00%,4531.5,Tertunda,Pesanan sedang diproses. Komisi akan dikonfirmasi setelah pesanan selesai.,Pesanan dari Toko yang tidak Dipromosikan,Ada,rakdapur3,,,,,Instagram
2606010DNRRWP1,Tertunda,234014689268257,2026-06-01 19:04:49,,2026-06-01 14:57:35,Risashop.official,853548011,Preferred(Non-CB),54810490887,Setelan Jersey Anak V Neck Karakter Kicau Mania Viral Usia 1 - 12 Tahun Terbaru,350919647212,Normal Product,,Olahraga & Outdoor,Pakaian Olahraga & Aktivitas Outdoor,Pakaian Olahraga Anak,43000,1,Komisi XTRA,,40697,,1.50%,610.455,5.00%,2034.85,2645.305,1249.275,4164.25,5413.525,,0,0.00%,0,100.00%,5413.525,Tertunda,Pesanan sedang diproses. Komisi akan dikonfirmasi setelah pesanan selesai.,Pesanan dari Toko yang tidak Dipromosikan,Ada,Atayasetelankaosanak,,,,,Others
2606010DNRRWP1,Tertunda,234014689268257,2026-06-01 19:04:49,,2026-06-01 14:57:35,Risashop.official,853548011,Preferred(Non-CB),54810490887,Setelan Jersey Anak V Neck Karakter Kicau Mania Viral Usia 1 - 12 Tahun Terbaru,350919647227,Normal Product,,Olahraga & Outdoor,Pakaian Olahraga & Aktivitas Outdoor,Pakaian Olahraga Anak,45000,1,Komisi XTRA,,42588,,1.50%,638.82,5.00%,2129.4,2768.22,0,0,0,,0,0.00%,0,100.00%,0,Tertunda,Pesanan sedang diproses. Komisi akan dikonfirmasi setelah pesanan selesai.,Pesanan dari Toko yang tidak Dipromosikan,Ada,Atayasetelankaosanak,,,,,Others
2606010DN5MRMW,Tertunda,234014669210189,2026-06-01 19:04:30,,2026-06-01 13:05:30,LINStyle MAll.ID,917905569,Preferred(Non-CB),42905404303,Lemari Sepatu Susun Tertutup Anti Debu Baru Lemari Sepatu Baja Lemari Penyimpanan Serbaguna,198566176278,Normal Product,,Perlengkapan Rumah,Organizer Rumah,Box Penyimpanan Sepatu,1289000,1,Komisi XTRA,,1184001,,1.50%,10000,1.00%,11840.01,21840.01,10000,11840.01,21840.01,,0,0.00%,0,100.00%,21840.01,Tertunda,Pesanan sedang diproses. Komisi akan dikonfirmasi setelah pesanan selesai.,Pesanan dari Toko yang tidak Dipromosikan,Ada,rakdapur3,,,,,Facebook
2606010DKJ735T,Tertunda,234014615288371,2026-06-01 19:03:37,,2026-06-01 18:19:11,Mini Yoko Official Store,791747161,Shopee Mall(Non-CB),40554953119,Mini Yoko Sepatu Wanita Wedges Pirt Premium Tinggi 5Cm Sendal Wanita Terbaru 2025 Kekinian Elegan Korean Style,270420467881,Normal Product,,Sepatu Wanita,Wedges,,34500,1,Komisi XTRA,,26660,,1.50%,399.9,5.00%,1333,1732.9,399.9,1333,1732.9,,0,0.00%,0,100.00%,1732.9,Tertunda,Pesanan sedang diproses. Komisi akan dikonfirmasi setelah pesanan selesai.,Pesanan dari Toko yang tidak Dipromosikan,Ada,Atayasetelankaosanak,,,,,Facebook
2606010DD625UB,Tertunda,234014401219138,2026-06-01 19:00:02,,2026-06-01 18:50:16,SR kids lifestyle,695088937,Preferred(Non-CB),28050285043,setelan anak karakter MONSTER LUCU tung tung sahur dan balerina terbaru usia 1-12 tahun,233500101728,Normal Product,,Fashion Bayi & Anak,Pakaian Anak Perempuan,Jas & Setelan,43800,1,Komisi XTRA,,41610,,1.50%,624.15,7.00%,2912.7,3536.85,624.15,2912.7,3536.85,,0,0.00%,0,100.00%,3536.85,Tertunda,Pesanan sedang diproses. Komisi akan dikonfirmasi setelah pesanan selesai.,Pesanan Produk dari Toko yang Dipromosikan,Ada,Atayasetelankaosanak,,,,,Others
2606010D7VBTYG,Tertunda,234014223270887,2026-06-01 18:57:10,,2026-06-01 18:49:45,BajuImutAnak,1493133057,Preferred(Non-CB),51757355929,Kaos Anak Perempuan Bordir Gadis Bunga Pola tercetak | Kaos Cewek Imut Cantik | Bahan Katun Adem Nyaman | COD |3.18,445726266468,Normal Product,,Fashion Bayi & Anak,Pakaian Anak Perempuan,Atasan,55000,1,Komisi XTRA,,55000,,1.50%,825,4.50%,2475,3300,825,2475,3300,,0,0.00%,0,100.00%,3300,Tertunda,Pesanan sedang diproses. Komisi akan dikonfirmasi setelah pesanan selesai.,Pesanan dari Toko yang tidak Dipromosikan,Ada,Atayasetelankaosanak,,,,,Others
2606010D7VBTYF,Tertunda,234014223270886,2026-06-01 18:57:10,,2026-06-01 18:49:45,AUFAR GROSIR JEANS,1031110858,Preferred(Non-CB),44760224132,celana kulot katun anak perempuan usia 1-16 tahun katun premium,360897233614,Normal Product,,Fashion Bayi & Anak,Pakaian Anak Perempuan,Bawahan,27900,1,Komisi XTRA,,27900,,1.50%,418.5,2.50%,697.5,1116,418.5,697.5,1116,,0,0.00%,0,100.00%,1116,Tertunda,Pesanan sedang diproses. Komisi akan dikonfirmasi setelah pesanan selesai.,Pesanan dari Toko yang tidak Dipromosikan,Ada,Atayasetelankaosanak,,,,,Others
2606010D3WFEE0,Tertunda,234014090226446,2026-06-01 18:54:50,,2026-06-01 12:43:15,Deelima Hijab,1692692294,Preferred(Non-CB),50202611163,Hijab segiempat harga grosir paris jadul Ori Varisha,267228895966,Normal Product,,Fashion Muslim,Pakaian Muslim Wanita,Hijab,15960,1,Komisi Shopee,,15960,,1.50%,239.4,0.00%,0,239.4,239.4,0,239.4,,0,0.00%,0,100.00%,239.4,Tertunda,Pesanan sedang diproses. Komisi akan dikonfirmasi setelah pesanan selesai.,Pesanan dari Toko yang tidak Dipromosikan,Ada,benihsayuran,,,,,Instagram
2606010D3WFEDY,Tertunda,234014090226446,2026-06-01 18:54:50,,2026-06-01 12:43:15,Mommy n Me Official Shop,19514904,Shopee Mall(Non-CB),23856672397,mommynme cussons baby shampoo 100+100ml,158389527056,Normal Product,,Ibu & Bayi,Perlengkapan Mandi,Perawatan Rambut & Sabun Mandi,15988,1,Komisi Shopee,,13964,,1.50%,209.46,0.00%,0,209.46,209.46,0,209.46,,0,0.00%,0,100.00%,209.46,Tertunda,Pesanan sedang diproses. Komisi akan dikonfirmasi setelah pesanan selesai.,Pesanan dari Toko yang tidak Dipromosikan,Ada,benihsayuran,,,,,Instagram
2606010D3WFEDX,Tertunda,234014090226446,2026-06-01 18:54:50,,2026-06-01 12:43:15,Unilever Indonesia Official Shop,14318452,Shopee Mall(Non-CB),20195512977,[BELI 2 LEBIH HEMAT 30%] Lifebuoy Sabun Mandi Cair Anti Bacterial Body Wash Mild Care 100% Lebih Kuat Lawan Kuman Berbahaya & 10,214775547039,Normal Product,,Perawatan & Kecantikan,Perawatan Tubuh,Sabun Mandi,63000,1,Komisi XTRA,,55024,,1.50%,825.36,1.50%,825.36,1650.72,825.36,825.36,1650.72,,0,0.00%,0,100.00%,1650.72,Tertunda,Pesanan sedang diproses. Komisi akan dikonfirmasi setelah pesanan selesai.,Pesanan dari Toko yang tidak Dipromosikan,Ada,benihsayuran,,,,,Instagram
2606010C7W22TQ,Tertunda,234013150265072,2026-06-01 18:39:10,,2026-06-01 11:56:39,Tepung Jawa Manfaat,1707461134,C2C(Non-CB),48253475053,Tepung Beras Jawa Manfaat 500 Gram - Pcs,244124984234,Normal Product,,Makanan & Minuman,Bahan Baking,Tepung,8500,2,Komisi XTRA,,16933,,0.00%,0,0.50%,84.665,84.665,0,84.665,84.665,,0,0.00%,0,100.00%,84.665,Tertunda,Pesanan sedang diproses. Komisi akan dikonfirmasi setelah pesanan selesai.,Pesanan dari Toko yang tidak Dipromosikan,Ada,rakdapur3,,,,,Facebook
2606010C7W22TP,Tertunda,234013150265072,2026-06-01 18:39:10,,2026-06-01 11:56:39,DapurMart Official,1588275138,Preferred(Non-CB),42826462926,Tepung Tapioka 500g - Tepung Kanji - Tepung Bakso - Lidah Mas,390138816235,Normal Product,,Makanan & Minuman,Bahan Baking,Tepung,6999,2,Komisi Shopee,,11813,,1.50%,177.195,0.00%,0,177.195,438.345,0,438.345,,0,0.00%,0,100.00%,438.345,Tertunda,Pesanan sedang diproses. Komisi akan dikonfirmasi setelah pesanan selesai.,Pesanan dari Toko yang tidak Dipromosikan,Ada,rakdapur3,,,,,Facebook
2606010C7W22TP,Tertunda,234013150265072,2026-06-01 18:39:10,,2026-06-01 11:56:39,DapurMart Official,1588275138,Preferred(Non-CB),46301530904,Tepung Sagu Aren 500g - Sagu Murni cocok untuk Bakso dan Cilok - Sagu Aren - Lidah Mas,259089067941,Normal Product,,Makanan & Minuman,Bahan Baking,Tepung,9199,2,Komisi Shopee,,17410,,1.50%,261.15,0.00%,0,261.15,0,0,0,,0,0.00%,0,100.00%,0,Tertunda,Pesanan sedang diproses. Komisi akan dikonfirmasi setelah pesanan selesai.,Pesanan dari Toko yang tidak Dipromosikan,Ada,rakdapur3,,,,,Facebook
2606010C0GHFN8,Tertunda,234012902258350,2026-06-01 18:35:02,,2026-06-01 18:28:00,Safe Case Indonesia,1614610482,Preferred(Non-CB),49457844838,Case Cocok untuk redmi 9 9a 9c 9t 10 4G 10c 10a redmi12 12c 13c 5g Silika lembut note9pro note9s note10 10t note10promax casing ,350695814871,Normal Product,,Handphone & Aksesoris,Aksesoris,Casing & Skin,19140,1,Komisi XTRA,,19140,,0.50%,95.7,5.00%,957,1052.7,95.7,957,1052.7,,0,0.00%,0,100.00%,1052.7,Tertunda,Pesanan sedang diproses. Komisi akan dikonfirmasi setelah pesanan selesai.,Pesanan dari Toko yang tidak Dipromosikan,Ada,Atayasetelankaosanak,,,,,Others
2606010BYRN0XK,Tertunda,234012877207396,2026-06-01 18:34:37,,2026-05-31 06:59:23,RATACI,1063134725,Preferred(Non-CB),25813095402,1pasang/2pcs sarung tangan kerja comet ABU kain nylon lapis karet palm fit anti slip mekanik sepeda motor industri proyek las ke,236381835691,Normal Product,,Perlengkapan Rumah,Alat Pertukangan & Renovasi Rumah,"Sarung Tangan, Kacamata, & Masker Pelindung",5800,1,Komisi Shopee,,0,,1.50%,0,0.00%,0,0,0,0,0,,0,0.00%,0,100.00%,0,Tertunda,Pesanan sedang diproses. Komisi akan dikonfirmasi setelah pesanan selesai.,Pesanan dari Toko yang tidak Dipromosikan,Ada,WallpaperDindingVinyl,,,,,Facebook
2606010BVCX8TY,Tertunda,234012764251315,2026-06-01 18:32:44,,2026-06-01 18:20:48,bajuanaknusantara,1240101037,C2C(Non-CB),50360097492,One set anak Gajah thailand viral 2-9thn/Baju anak kekinian/setelan anak perempuan/baju anak gajah,395887592187,Normal Product,,Fashion Bayi & Anak,Pakaian Anak Perempuan,Jas & Setelan,41643,1,Komisi XTRA,,38659,,0.00%,0,5.50%,2126.245,2126.245,0,4252.38,4252.38,,0,0.00%,0,100.00%,4252.38,Tertunda,Pesanan sedang diproses. Komisi akan dikonfirmasi setelah pesanan selesai.,Pesanan dari Toko yang tidak Dipromosikan,Ada,Atayasetelankaosanak,,,,,Others
2606010BVCX8TY,Tertunda,234012764251315,2026-06-01 18:32:44,,2026-06-01 18:20:48,bajuanaknusantara,1240101037,C2C(Non-CB),50360097492,One set anak Gajah thailand viral 2-9thn/Baju anak kekinian/setelan anak perempuan/baju anak gajah,395887592193,Normal Product,,Fashion Bayi & Anak,Pakaian Anak Perempuan,Jas & Setelan,41643,1,Komisi XTRA,,38657,,0.00%,0,5.50%,2126.135,2126.135,0,0,0,,0,0.00%,0,100.00%,0,Tertunda,Pesanan sedang diproses. Komisi akan dikonfirmasi setelah pesanan selesai.,Pesanan dari Toko yang tidak Dipromosikan,Ada,Atayasetelankaosanak,,,,,Others
2606010BGYMCPX,Tertunda,234012381200701,2026-06-01 18:26:21,,2026-06-01 18:24:43,BOSS BANDUNG,1351876007,Preferred(Non-CB),42280978827,ONESET ANAK VIRAL MOTIF GAJAH KICAU MANIA 2-12 TAHUN SETELAN ANAK UNISEX MODEL TERBARU,410938067101,Normal Product,,Fashion Bayi & Anak,Pakaian Anak Perempuan,Jas & Setelan,37500,1,Komisi XTRA,,34865,,1.50%,522.975,10.00%,3486.5,4009.475,522.975,3486.5,4009.475,,0,0.00%,0,100.00%,4009.475,Tertunda,Pesanan sedang diproses. Komisi akan dikonfirmasi setelah pesanan selesai.,Pesanan Produk dari Toko yang Dipromosikan,Ada,Atayasetelankaosanak,,,,,Others
2606010BA67S2D,Tertunda,234012153259064,2026-06-01 18:22:33,,2026-06-01 18:03:55,Raya Home Goods,1592215090,Preferred(Non-CB),41020727640,Roda Lemari Portable / Tatakan kulkas / Kaki kulkas / Tatakan mesin cuci/ Roda Kulkas Kuat,281692693900,Normal Product,,Perlengkapan Rumah,Perlengkapan Rumah Lainnya,,57078,1,Komisi Shopee,,47241,,1.50%,708.615,0.00%,0,708.615,708.615,0,708.615,,0,0.00%,0,100.00%,708.615,Tertunda,Pesanan sedang diproses. Komisi akan dikonfirmasi setelah pesanan selesai.,Pesanan dari Toko yang tidak Dipromosikan,Ada,rakdapur3,,,,,Others
2606010BA67S2C,Tertunda,234012153259064,2026-06-01 18:22:33,,2026-06-01 18:03:55,Lapak Cantika_store,961726857,Preferred(Non-CB),40250528249,Gorden Vitrase Putih Polos Minimalis - Tirai Jendela Ruang Tamu / Kamar Tidur Elegan,270041432674,Normal Product,,Perlengkapan Rumah,Dekorasi,Tirai & Tirai Gulung,45000,2,Komisi XTRA,,80999,,1.50%,1214.985,3.50%,2834.965,4049.95,1484.985,3464.965,4949.95,,0,0.00%,0,100.00%,4949.95,Tertunda,Pesanan sedang diproses. Komisi akan dikonfirmasi setelah pesanan selesai.,Pesanan dari Toko yang tidak Dipromosikan,Ada,rakdapur3,,,,,Others
2606010BA67S2C,Tertunda,234012153259064,2026-06-01 18:22:33,,2026-06-01 18:03:55,Lapak Cantika_store,961726857,Preferred(Non-CB),40250528249,Gorden Vitrase Putih Polos Minimalis - Tirai Jendela Ruang Tamu / Kamar Tidur Elegan,270041432673,Normal Product,,Perlengkapan Rumah,Dekorasi,Tirai & Tirai Gulung,19999,1,Komisi XTRA,,18000,,1.50%,270,3.50%,630,900,0,0,0,,0,0.00%,0,100.00%,0,Tertunda,Pesanan sedang diproses. Komisi akan dikonfirmasi setelah pesanan selesai.,Pesanan dari Toko yang tidak Dipromosikan,Ada,rakdapur3,,,,,Others
2606010B7YMHA0,Tertunda,234012079227607,2026-06-01 18:21:19,,2026-06-01 18:12:13,jar.store26,296355713,Preferred(Non-CB),15050041211,Rak Kosmetik Multifungsi Rak Kosmetik 3 Laci Rak Kosmetik Susun,285152488101,Normal Product,,Perlengkapan Rumah,Organizer Rumah,Organizer Meja,34900,1,Komisi XTRA,,33155,,1.50%,497.325,1.50%,497.325,994.65,497.325,497.325,994.65,,0,0.00%,0,100.00%,994.65,Tertunda,Pesanan sedang diproses. Komisi akan dikonfirmasi setelah pesanan selesai.,Pesanan dari Toko yang tidak Dipromosikan,Ada,rakdapur3,,,,,Facebook
2606010AK44DUT,Tertunda,234011380299768,2026-06-01 18:10:01,,2026-06-01 15:47:17,Boemi Kelapa Gading,618831509,Preferred(Non-CB),13377885488,Lingkar Organik Kecap Manis Kedelai Organik 350 ml Non MSG Non GMO,152571601167,Normal Product,,Makanan & Minuman,Kebutuhan Memasak,Bumbu Masak,28500,2,Komisi Shopee,,53775,,1.50%,806.625,0.00%,0,806.625,1000.5,0,1000.5,,0,0.00%,0,100.00%,1000.5,Tertunda,Pesanan sedang diproses. Komisi akan dikonfirmasi setelah pesanan selesai.,Pesanan dari Toko yang tidak Dipromosikan,Ada,rakdapur3,,,,,Others
2606010AK44DUT,Tertunda,234011380299768,2026-06-01 18:10:01,,2026-06-01 15:47:17,Boemi Kelapa Gading,618831509,Preferred(Non-CB),16651960073,Mie Ceria Lingkar Organik – Mie Sehat Tanpa MSG | Warna Sayur Alami | Cocok Anak & Keluarga 95 gram HALAL,430828927363,Normal Product,,Makanan & Minuman,Bahan Pokok,Mie,13700,1,Komisi Shopee,,12925,,1.50%,193.875,0.00%,0,193.875,0,0,0,,0,0.00%,0,100.00%,0,Tertunda,Pesanan sedang diproses. Komisi akan dikonfirmasi setelah pesanan selesai.,Pesanan dari Toko yang tidak Dipromosikan,Ada,rakdapur3,,,,,Others
2606010AHAW94S,Tertunda,234011319280970,2026-06-01 18:08:41,,2026-06-01 17:59:40,TnT Beauty Shop,744873,Preferred(Non-CB),3574595464,Garnier Sakura Glow Hyaluron Serum Cream UV | TnT Beauty Shop,33173124009,Normal Product,,Perawatan & Kecantikan,Perawatan Wajah,Serum & Essence Wajah,34400,1,Komisi XTRA,,26534,,1.50%,398.01,0.50%,132.67,530.68,631.755,132.67,764.425,,0,0.00%,0,100.00%,764.425,Tertunda,Pesanan sedang diproses. Komisi akan dikonfirmasi setelah pesanan selesai.,Pesanan dari Toko yang tidak Dipromosikan,Ada,rakdapur3,,,,,Others
2606010AHAW94S,Tertunda,234011319280970,2026-06-01 18:08:41,,2026-06-01 17:59:40,TnT Beauty Shop,744873,Preferred(Non-CB),19885019799,Ovale Facial Lotion 100ml  | TnT Beauty Shop,138765962752,Normal Product,,Perawatan & Kecantikan,Kosmetik,Pembersih Make Up,20200,1,Komisi Shopee,,15583,,1.50%,233.745,0.00%,0,233.745,0,0,0,,0,0.00%,0,100.00%,0,Tertunda,Pesanan sedang diproses. Komisi akan dikonfirmasi setelah pesanan selesai.,Pesanan dari Toko yang tidak Dipromosikan,Ada,rakdapur3,,,,,Others
2606010AB8A9RA,Tertunda,234011115246470,2026-06-01 18:05:19,,2026-05-27 17:39:18,Sayla.Collection,551511425,Preferred(Non-CB),22973756469,NIKOP. PET KERAS LIONTIN.BADOON.ESSM.,231884306534,Normal Product,,Fashion Muslim,Pakaian Muslim Wanita,Hijab,39500,1,Komisi XTRA,,37500,,1.50%,562.5,5.00%,1875,2437.5,1125,3750,4875,,0,0.00%,0,100.00%,4875,Tertunda,Pesanan sedang diproses. Komisi akan dikonfirmasi setelah pesanan selesai.,Pesanan Produk dari Toko yang Dipromosikan,Ada,rakdapur3,,,,,Others
2606010AB8A9RA,Tertunda,234011115246470,2026-06-01 18:05:19,,2026-05-27 17:39:18,Sayla.Collection,551511425,Preferred(Non-CB),22973756469,NIKOP. PET KERAS LIONTIN.BADOON.ESSM.,231884306535,Normal Product,,Fashion Muslim,Pakaian Muslim Wanita,Hijab,39500,1,Komisi XTRA,,37500,,1.50%,562.5,5.00%,1875,2437.5,0,0,0,,0,0.00%,0,100.00%,0,Tertunda,Pesanan sedang diproses. Komisi akan dikonfirmasi setelah pesanan selesai.,Pesanan Produk dari Toko yang Dipromosikan,Ada,rakdapur3,,,,,Others
2606010A2X8BF0,Tertunda,234010836252259,2026-06-01 18:00:36,,2026-06-01 14:11:21,Cahaya Surya Mart,82158439,C2C(Non-CB),26077324203,Thai Tea Chatramue original 50gr/100 gr (Tester),257712267649,Normal Product,,Makanan & Minuman,Minuman,Teh,13900,1,Komisi Shopee,,13205,,0.00%,0,0.00%,0,0,0,0,0,,0,0.00%,0,100.00%,0,Tertunda,Pesanan sedang diproses. Komisi akan dikonfirmasi setelah pesanan selesai.,Pesanan dari Toko yang tidak Dipromosikan,Ada,rakdapur3,,,,,Others
2606010A2X8BF0,Tertunda,234010836252259,2026-06-01 18:00:36,,2026-06-01 14:11:21,Cahaya Surya Mart,82158439,C2C(Non-CB),29422861355,SARINGAN THAI TEA Tebal Gagang Tebal,247419979279,Normal Product,,Perlengkapan Rumah,Perlengkapan Dapur,Saringan,9299,1,Komisi Shopee,,8835,,0.00%,0,0.00%,0,0,0,0,0,,0,0.00%,0,100.00%,0,Tertunda,Pesanan sedang diproses. Komisi akan dikonfirmasi setelah pesanan selesai.,Pesanan dari Toko yang tidak Dipromosikan,Ada,rakdapur3,,,,,Others
2606010A2X8BEY,Tertunda,234010836252259,2026-06-01 18:00:36,,2026-06-01 14:11:21,cajon_drums,52596008,Preferred(Non-CB),47408141287,Aftersales service,320721023547,Normal Product,446814012846383_0_0,Hobi & Koleksi,Alat & Aksesoris Musik,Alat Musik Petik,0,1,Komisi XTRA,,0,,1.50%,0,3.50%,0,0,1781.235,4156.215,5937.45,,0,0.00%,0,100.00%,5937.45,Tertunda,Pesanan sedang diproses. Komisi akan dikonfirmasi setelah pesanan selesai.,Pesanan dari Toko yang tidak Dipromosikan,Ada,rakdapur3,,,,,Others
2606010A2X8BEY,Tertunda,234010836252259,2026-06-01 18:00:36,,2026-06-01 14:11:21,cajon_drums,52596008,Preferred(Non-CB),53158569357,Layanan customers Support,272523941198,Normal Product,446814012846383_0_0,"Tiket, Voucher, & Layanan",Layanan,Layanan,0,1,Komisi XTRA,,0,,0.00%,0,3.50%,0,0,0,0,0,,0,0.00%,0,100.00%,0,Tertunda,Pesanan sedang diproses. Komisi akan dikonfirmasi setelah pesanan selesai.,Pesanan dari Toko yang tidak Dipromosikan,Ada,rakdapur3,,,,,Others
2606010A2X8BEY,Tertunda,234010836252259,2026-06-01 18:00:36,,2026-06-01 14:11:21,cajon_drums,52596008,Preferred(Non-CB),17252769736,kahon traveller  cajon akustik elektrik manufactured,99728774413,Normal Product,446814012846383_0_0,Hobi & Koleksi,Alat & Aksesoris Musik,Alat Musik Perkusi,125000,1,Komisi XTRA,,118749,,1.50%,1781.235,3.50%,4156.215,5937.45,0,0,0,,0,0.00%,0,100.00%,0,Tertunda,Pesanan sedang diproses. Komisi akan dikonfirmasi setelah pesanan selesai.,Pesanan dari Toko yang tidak Dipromosikan,Ada,rakdapur3,,,,,Others
26060109YHHDX6,Tertunda,234010722264870,2026-06-01 17:58:42,,2026-06-01 11:45:00,timebomb_official,239228690,Preferred(Non-CB),22890190302,CELANA TIMEBOMB REGULAR CUT | Workpants Wide Leg | Work Pants Loose fit Double Knee,232902294536,Normal Product,,Pakaian Pria,Celana Panjang,Celana Panjang,229000,1,Komisi XTRA,,182860,,1.50%,2742.9,2.50%,4571.5,7314.4,2742.9,4571.5,7314.4,,0,0.00%,0,100.00%,7314.4,Tertunda,Pesanan sedang diproses. Komisi akan dikonfirmasi setelah pesanan selesai.,Pesanan dari Toko yang tidak Dipromosikan,Ada,Atayasetelankaosanak,,,,,Facebook
26060109W4AFY5,Tertunda,234010642299544,2026-06-01 17:57:44,,2026-06-01 17:07:03,Duniue,1343380811,C2C(Non-CB),53709295169,Casing Hp untuk VIVO Y03 Y03T Y18 Y18e Y18i Y18t Y28s 5G Y37 5G Case Casing pola Cinta dan Kupu-kupu Kesing HP Cesing mata langi,375821853968,Normal Product,,Handphone & Aksesoris,Aksesoris,Casing & Skin,11971,1,Komisi XTRA,,8799,,0.00%,0,2.00%,175.98,175.98,0,175.98,175.98,,0,0.00%,0,100.00%,175.98,Tertunda,Pesanan sedang diproses. Komisi akan dikonfirmasi setelah pesanan selesai.,Pesanan dari Toko yang tidak Dipromosikan,Ada,Atayasetelankaosanak,,,,,Facebook
26060109RM9J69,Tertunda,234010490269803,2026-06-01 17:54:51,,2026-06-01 17:52:07,Selected by MR.RM,239958034,Preferred(Non-CB),24322705341,O.TWO.O Velvet Matte Liptint Lip & Cheek Mud Dual-use Lip Clay High Pigmented Long Lasting Not Dry Concealing Lip Lines Liquid L,217417286466,Normal Product,,Perawatan & Kecantikan,Kosmetik,Kosmetik Bibir,29960,1,Komisi XTRA,,28462,,1.50%,426.93,2.00%,569.24,996.17,1280.79,1707.72,2988.51,,0,0.00%,0,100.00%,2988.51,Tertunda,Pesanan sedang diproses. Komisi akan dikonfirmasi setelah pesanan selesai.,Pesanan Produk dari Toko yang Dipromosikan,Ada,Atayasetelankaosanak,,,,,Others
26060109RM9J69,Tertunda,234010490269803,2026-06-01 17:54:51,,2026-06-01 17:52:07,Selected by MR.RM,239958034,Preferred(Non-CB),24322705341,O.TWO.O Velvet Matte Liptint Lip & Cheek Mud Dual-use Lip Clay High Pigmented Long Lasting Not Dry Concealing Lip Lines Liquid L,217417286467,Normal Product,,Perawatan & Kecantikan,Kosmetik,Kosmetik Bibir,29960,1,Komisi XTRA,,28462,,1.50%,426.93,2.00%,569.24,996.17,0,0,0,,0,0.00%,0,100.00%,0,Tertunda,Pesanan sedang diproses. Komisi akan dikonfirmasi setelah pesanan selesai.,Pesanan Produk dari Toko yang Dipromosikan,Ada,Atayasetelankaosanak,,,,,Others
26060109RM9J69,Tertunda,234010490269803,2026-06-01 17:54:51,,2026-06-01 17:52:07,Selected by MR.RM,239958034,Preferred(Non-CB),24322705341,O.TWO.O Velvet Matte Liptint Lip & Cheek Mud Dual-use Lip Clay High Pigmented Long Lasting Not Dry Concealing Lip Lines Liquid L,217417286471,Normal Product,,Perawatan & Kecantikan,Kosmetik,Kosmetik Bibir,29960,1,Komisi XTRA,,28462,,1.50%,426.93,2.00%,569.24,996.17,0,0,0,,0,0.00%,0,100.00%,0,Tertunda,Pesanan sedang diproses. Komisi akan dikonfirmasi setelah pesanan selesai.,Pesanan Produk dari Toko yang Dipromosikan,Ada,Atayasetelankaosanak,,,,,Others
26060109PR5WWC,Belum Dibayar,234010427237589,2026-06-01 17:53:47,,2026-06-01 17:47:25,Ratutaskeren,278682283,Preferred(Non-CB),20676019934,Celana Dalam Haid ZAMZAM RSB CD109  High Quality Celana Dalam 3D Menstruasi Waterproof Anti Tembus,194043185729,Normal Product,,Pakaian Wanita,Pakaian Dalam,Celana Dalam,14900,1,Komisi XTRA,,13919,,0.00%,0,0.00%,0,0,0,0,0,,0,0.00%,0,100.00%,0,Belum Dibayar,Pesanan sedang menunggu pembayaran dari Pembeli.,Pesanan dari Toko yang tidak Dipromosikan,Ada,Atayasetelankaosanak,,,,,Others
26060109PR5WWC,Belum Dibayar,234010427237589,2026-06-01 17:53:47,,2026-06-01 17:47:25,Ratutaskeren,278682283,Preferred(Non-CB),20676019934,Celana Dalam Haid ZAMZAM RSB CD109  High Quality Celana Dalam 3D Menstruasi Waterproof Anti Tembus,194043185730,Normal Product,,Pakaian Wanita,Pakaian Dalam,Celana Dalam,14900,1,Komisi XTRA,,13917,,0.00%,0,0.00%,0,0,0,0,0,,0,0.00%,0,100.00%,0,Belum Dibayar,Pesanan sedang menunggu pembayaran dari Pembeli.,Pesanan dari Toko yang tidak Dipromosikan,Ada,Atayasetelankaosanak,,,,,Others
26060109PR5WWC,Belum Dibayar,234010427237589,2026-06-01 17:53:47,,2026-06-01 17:47:25,Ratutaskeren,278682283,Preferred(Non-CB),20676019934,Celana Dalam Haid ZAMZAM RSB CD109  High Quality Celana Dalam 3D Menstruasi Waterproof Anti Tembus,194043185733,Normal Product,,Pakaian Wanita,Pakaian Dalam,Celana Dalam,14900,1,Komisi XTRA,,13917,,0.00%,0,0.00%,0,0,0,0,0,,0,0.00%,0,100.00%,0,Belum Dibayar,Pesanan sedang menunggu pembayaran dari Pembeli.,Pesanan dari Toko yang tidak Dipromosikan,Ada,Atayasetelankaosanak,,,,,Others
26060109PR5WWC,Belum Dibayar,234010427237589,2026-06-01 17:53:47,,2026-06-01 17:47:25,Ratutaskeren,278682283,Preferred(Non-CB),20676019934,Celana Dalam Haid ZAMZAM RSB CD109  High Quality Celana Dalam 3D Menstruasi Waterproof Anti Tembus,194043185734,Normal Product,,Pakaian Wanita,Pakaian Dalam,Celana Dalam,14900,1,Komisi XTRA,,13917,,0.00%,0,0.00%,0,0,0,0,0,,0,0.00%,0,100.00%,0,Belum Dibayar,Pesanan sedang menunggu pembayaran dari Pembeli.,Pesanan dari Toko yang tidak Dipromosikan,Ada,Atayasetelankaosanak,,,,,Others
26060109MCTSP3,Tertunda,234010348221725,2026-06-01 17:52:28,,2026-06-01 17:50:03,SR kids lifestyle,695088937,Preferred(Non-CB),28050285043,setelan anak karakter MONSTER LUCU tung tung sahur dan balerina terbaru usia 1-12 tahun,233500101718,Normal Product,,Fashion Bayi & Anak,Pakaian Anak Perempuan,Jas & Setelan,43800,2,Komisi XTRA,,83220,,1.50%,1248.3,7.00%,5825.4,7073.7,1248.3,5825.4,7073.7,,0,0.00%,0,100.00%,7073.7,Tertunda,Pesanan sedang diproses. Komisi akan dikonfirmasi setelah pesanan selesai.,Pesanan Produk dari Toko yang Dipromosikan,Ada,Atayasetelankaosanak,,,,,Others
26060109M7473E,Tertunda,234010342243361,2026-06-01 17:52:27,,2026-06-01 17:51:30,SR kids lifestyle,695088937,Preferred(Non-CB),28050285043,setelan anak karakter MONSTER LUCU tung tung sahur dan balerina terbaru usia 1-12 tahun,233500101713,Normal Product,,Fashion Bayi & Anak,Pakaian Anak Perempuan,Jas & Setelan,43800,1,Komisi XTRA,,41610,,1.50%,624.15,7.00%,2912.7,3536.85,624.15,2912.7,3536.85,,0,0.00%,0,100.00%,3536.85,Tertunda,Pesanan sedang diproses. Komisi akan dikonfirmasi setelah pesanan selesai.,Pesanan Produk dari Toko yang Dipromosikan,Ada,Atayasetelankaosanak,,,,,Others
26060109JDUXGE,Tertunda,234010282209343,2026-06-01 17:51:23,,2026-06-01 12:14:42,Kenvue Official Shop,50708029,Shopee Mall(Non-CB),27059944738,JOHNSON'S Milk + Rice Hair & Body Baby Bath - Sabun Bayi 2in1 1 LITER,207774852535,Normal Product,,Ibu & Bayi,Perlengkapan Mandi,Perawatan Rambut & Sabun Mandi,96100,1,Komisi XTRA,,86643,,1.50%,1299.645,7.00%,6065.01,7364.655,1299.645,6065.01,7364.655,,0,0.00%,0,100.00%,7364.655,Tertunda,Pesanan sedang diproses. Komisi akan dikonfirmasi setelah pesanan selesai.,Pesanan dari Toko yang tidak Dipromosikan,Ada,Atayasetelankaosanak,,,,,Facebook
26060109E7FSPA,Tertunda,234010142297975,2026-06-01 17:49:23,,2026-06-01 17:39:59,VENUS9911,28610028,Preferred(Non-CB),25362469625,PAKET BABY HAPPY (2BALL) S40 M32 L28 XL26 XXL24,435998076926,Normal Product,,Ibu & Bayi,Popok & Pispot,Popok Sekali Pakai,103900,1,Komisi Shopee,,93510,,1.50%,1402.65,0.00%,0,1402.65,1402.65,0,1402.65,,0,0.00%,0,100.00%,1402.65,Tertunda,Pesanan sedang diproses. Komisi akan dikonfirmasi setelah pesanan selesai.,Pesanan dari Toko yang tidak Dipromosikan,Ada,Atayasetelankaosanak,,,,,Others
26060109AXJ6Y2,Tertunda,234010031274012,2026-06-01 17:47:18,,2026-06-01 17:44:56,SR kids lifestyle,695088937,Preferred(Non-CB),28050285043,setelan anak karakter MONSTER LUCU tung tung sahur dan balerina terbaru usia 1-12 tahun,233500101728,Normal Product,,Fashion Bayi & Anak,Pakaian Anak Perempuan,Jas & Setelan,43800,1,Komisi XTRA,,41610,,1.50%,624.15,7.00%,2912.7,3536.85,624.15,2912.7,3536.85,,0,0.00%,0,100.00%,3536.85,Tertunda,Pesanan sedang diproses. Komisi akan dikonfirmasi setelah pesanan selesai.,Pesanan Produk dari Toko yang Dipromosikan,Ada,Atayasetelankaosanak,,,,,Others
2606010975F3XP,Tertunda,234009905291929,2026-06-01 17:45:26,,2026-06-01 17:43:25,PEACEFUL Official Store,828977319,Preferred(Non-CB),22754523290,Stelan Anak Barbie 2 -10thn / Stelan kaos Anak-Anak,232016624452,Normal Product,,Fashion Bayi & Anak,Pakaian Anak Laki-Laki,Jas & Setelan,33999,1,Komisi XTRA,,32281,,1.50%,484.215,5.00%,1614.05,2098.265,1409.955,4699.85,6109.805,,0,0.00%,0,100.00%,6109.805,Tertunda,Pesanan sedang diproses. Komisi akan dikonfirmasi setelah pesanan selesai.,Pesanan Produk dari Toko yang Dipromosikan,Ada,Atayasetelankaosanak,,,,,Others
2606010975F3XP,Tertunda,234009905291929,2026-06-01 17:45:26,,2026-06-01 17:43:25,PEACEFUL Official Store,828977319,Preferred(Non-CB),51360016100,Stelan Anak Efek Bordir 3D Motif Kicau Mania 2-10 thn / Stelan kaos Anak-Anak / Baju Anak Celana Pendek,390883151858,Normal Product,,Fashion Bayi & Anak,Pakaian Anak Laki-Laki,Jas & Setelan,28999,1,Komisi XTRA,,27536,,1.50%,413.04,5.00%,1376.8,1789.84,0,0,0,,0,0.00%,0,100.00%,0,Tertunda,Pesanan sedang diproses. Komisi akan dikonfirmasi setelah pesanan selesai.,Pesanan Produk dari Toko yang Dipromosikan,Ada,Atayasetelankaosanak,,,,,Others
2606010975F3XP,Tertunda,234009905291929,2026-06-01 17:45:26,,2026-06-01 17:43:25,PEACEFUL Official Store,828977319,Preferred(Non-CB),54309295397,Stelan Anak Efek Bordir 3D Motif Roblox Peace 2-10 thn / Stelan kaos Anak-Anak / Baju Anak Celana Pendek,395821959775,Normal Product,,Fashion Bayi & Anak,Pakaian Anak Laki-Laki,Jas & Setelan,35999,1,Komisi XTRA,,34180,,1.50%,512.7,5.00%,1709,2221.7,0,0,0,,0,0.00%,0,100.00%,0,Tertunda,Pesanan sedang diproses. Komisi akan dikonfirmasi setelah pesanan selesai.,Pesanan Produk dari Toko yang Dipromosikan,Ada,Atayasetelankaosanak,,,,,Others
260601096AQKJH,Tertunda,234009876263403,2026-06-01 17:44:36,,2026-06-01 15:09:40,Decoma,847796180,Preferred(Non-CB),18939253854,Rak Ambalan Dinding Minimalis Hiasan Papan Hambalan Kayu Laci Melayang Dinding Ukuran 60cm 80cm 100cm 120cm 150cm Lebar 20cm Teb,211998763876,Normal Product,,Perlengkapan Rumah,Furniture,Rak & Rak Gantung,72600,1,Komisi XTRA,,68970,,1.50%,1034.55,3.50%,2413.95,3448.5,1034.55,2413.95,3448.5,,0,0.00%,0,100.00%,3448.5,Tertunda,Pesanan sedang diproses. Komisi akan dikonfirmasi setelah pesanan selesai.,Pesanan dari Toko yang tidak Dipromosikan,Ada,Atayasetelankaosanak,,,,,Facebook
26060108YSUAJ3,Tertunda,234009657232380,2026-06-01 17:40:57,,2026-06-01 12:44:50,Dunia Menjahit,8518430,Preferred(Non-CB),21696039120,Papan Meja Mesin Jahit Rumah Tangga Klasik Hitam Singer Butterfly,245108358944,Normal Product,,Elektronik,Peralatan Listrik Kecil,Mesin Jahit & Aksesoris,100452,1,Komisi Shopee,,90406,,0.50%,452.03,0.00%,0,452.03,452.03,0,452.03,,0,0.00%,0,100.00%,452.03,Tertunda,Pesanan sedang diproses. Komisi akan dikonfirmasi setelah pesanan selesai.,Pesanan dari Toko yang tidak Dipromosikan,Ada,Atayasetelankaosanak,,,,,Facebook
26060108X7AJ1V,Tertunda,234009604259615,2026-06-01 17:40:05,,2026-06-01 14:55:24,Full Power Store,1171821169,Preferred(Non-CB),25765084198,FPS 24 36 160 SEKAT KOTAK Cetakan Es Batu Cokelat Jelly Silicone Ice Cube Tray Mold Dengan Penutup Food Grade Anti Pecah Alat Ce,226072491617,Normal Product,,Perlengkapan Rumah,Peralatan Makan,Botol Minum & Aksesoris,9682,1,Komisi XTRA,,9682,,1.50%,145.23,1.00%,96.82,242.05,334.155,222.77,556.925,,0,0.00%,0,100.00%,556.925,Tertunda,Pesanan sedang diproses. Komisi akan dikonfirmasi setelah pesanan selesai.,Pesanan dari Toko yang tidak Dipromosikan,Ada,rakdapur3,,,,,Instagram
26060108X7AJ1V,Tertunda,234009604259615,2026-06-01 17:40:05,,2026-06-01 14:55:24,Full Power Store,1171821169,Preferred(Non-CB),25765084198,FPS 24 36 160 SEKAT KOTAK Cetakan Es Batu Cokelat Jelly Silicone Ice Cube Tray Mold Dengan Penutup Food Grade Anti Pecah Alat Ce,226072491615,Normal Product,,Perlengkapan Rumah,Peralatan Makan,Botol Minum & Aksesoris,12595,1,Komisi XTRA,,12595,,1.50%,188.925,1.00%,125.95,314.875,0,0,0,,0,0.00%,0,100.00%,0,Tertunda,Pesanan sedang diproses. Komisi akan dikonfirmasi setelah pesanan selesai.,Pesanan dari Toko yang tidak Dipromosikan,Ada,rakdapur3,,,,,Instagram
26060108RJ4KMR,Tertunda,234009414264736,2026-06-01 17:36:54,,2026-06-01 17:33:52,ADDLOVE2U,1489624594,Preferred(Non-CB),45001040448,Sisir Serit Kutu Kucing/Sisir Grooming Kucing Anjing Anti Kutu dan Bulu Rontok/Sisir Kucing Bulu,310091958942,Normal Product,,Hewan Peliharaan,Grooming Hewan,Perawatan Rambut,12528,1,Komisi XTRA,,12528,,1.50%,187.92,2.00%,250.56,438.48,187.92,250.56,438.48,,0,0.00%,0,100.00%,438.48,Tertunda,Pesanan sedang diproses. Komisi akan dikonfirmasi setelah pesanan selesai.,Pesanan dari Toko yang tidak Dipromosikan,Ada,rakdapur3,,,,,Facebook
26060108JJDFBU,Tertunda,234009213236422,2026-06-01 17:33:33,,2026-06-01 17:11:19,Muzy Official Shop,398302550,Shopee Mall(Non-CB),21086978084,Muzy  Kotak Penyimpanan Tutup Serbaguna Keranjang Bin Pantry Storage Box HSB786,240227089126,Normal Product,,Perlengkapan Rumah,Organizer Rumah,"Box, Tas, & Keranjang Penyimpanan",22795,2,Komisi XTRA,,45590,,1.50%,683.85,0.50%,227.95,911.8,683.85,227.95,911.8,,0,0.00%,0,100.00%,911.8,Tertunda,Pesanan sedang diproses. Komisi akan dikonfirmasi setelah pesanan selesai.,Pesanan dari Toko yang tidak Dipromosikan,Ada,rakdapur3,,,,,Others
26060108HG2G4S,Tertunda,234009177219411,2026-06-01 17:32:57,,2026-05-31 12:11:47,PART.ID,1556461023,Preferred(Non-CB),42355019425,TOOLS LEM LCD TS ZHANLIDA T7000 15ML / T7000 50ML / T7000 110ML (BLACK) / (PUTIH BENING),149279414555,Normal Product,,Perlengkapan Rumah,Alat Pertukangan & Renovasi Rumah,Perekat & Tape,15000,1,Komisi XTRA,,13950,,1.50%,209.25,5.00%,697.5,906.75,916.05,7765.5,8681.55,,0,0.00%,0,100.00%,8681.55,Tertunda,Pesanan sedang diproses. Komisi akan dikonfirmasi setelah pesanan selesai.,Pesanan dari Toko yang tidak Dipromosikan,Ada,rakdapur3,,,,,Others
26060108HG2G4S,Tertunda,234009177219411,2026-06-01 17:32:57,,2026-05-31 12:11:47,PART.ID,1556461023,Preferred(Non-CB),49410185932,BATERAI SAMSUNG A03S / A03  BATRE BATARAI BATERAI ORIGINAL 100%,380893162339,Normal Product,,Handphone & Aksesoris,Aksesoris,Powerbank & Baterai,160000,1,Komisi XTRA,,141360,,0.50%,706.8,5.00%,7068,7774.8,0,0,0,,0,0.00%,0,100.00%,0,Tertunda,Pesanan sedang diproses. Komisi akan dikonfirmasi setelah pesanan selesai.,Pesanan dari Toko yang tidak Dipromosikan,Ada,rakdapur3,,,,,Others
26060107YKWM80,Tertunda,234008577277636,2026-06-01 17:23:04,,2026-06-01 13:34:14,A&Y BABY SHOP,961204517,Preferred(Non-CB),19182528130,MamyPoko Pants Extra Kering,176022690191,Normal Product,,Ibu & Bayi,Popok & Pispot,Popok Sekali Pakai,50000,1,Komisi Shopee,,47500,,1.50%,712.5,0.00%,0,712.5,712.5,0,712.5,,0,0.00%,0,100.00%,712.5,Tertunda,Pesanan sedang diproses. Komisi akan dikonfirmasi setelah pesanan selesai.,Pesanan dari Toko yang tidak Dipromosikan,Ada,Atayasetelankaosanak,,,,,Facebook
26060107SWPH66,Tertunda,234008386207475,2026-06-01 17:19:46,,2026-06-01 14:38:31,mesa.Bag,1165133311,Preferred(Non-CB),24880754613,"MESABAG(010) ,tas,selempang,wanita,tas,hape,tas,selempang , model baru",187509300551,Normal Product,,Tas Wanita,Tas Selempang & Bahu Wanita,,28497,1,Komisi Shopee,,28497,,1.50%,427.455,0.00%,0,427.455,427.455,0,427.455,,0,0.00%,0,100.00%,427.455,Tertunda,Pesanan sedang diproses. Komisi akan dikonfirmasi setelah pesanan selesai.,Pesanan dari Toko yang tidak Dipromosikan,Ada,rakdapur3,,,,,Facebook
26060107CV1W2V,Tertunda,234007948268837,2026-06-01 17:12:28,,2026-06-01 15:40:56,Bintang Jaya Essen,1533986950,C2C(Non-CB),49206681632,Essen Ikan Indukan/Babon dan Ikan Rame/Essen Aroma Melon Pandan Sereh Usar Madu Daging Tenggiri/Mix Essen Ikan Mas,440598914525,Normal Product,,Olahraga & Outdoor,Alat Rekreasi Olahraga & Aktivitas Outdoor,Alat Pancing,30799,1,Komisi XTRA,,23099,,0.00%,0,2.50%,577.475,577.475,0,577.475,577.475,,0,0.00%,0,100.00%,577.475,Tertunda,Pesanan sedang diproses. Komisi akan dikonfirmasi setelah pesanan selesai.,Pesanan dari Toko yang tidak Dipromosikan,Ada,rakdapur3,,,,,Facebook
26060106AXR5MR,Tertunda,234006810246765,2026-06-01 16:53:34,,2026-06-01 10:19:08,TS GROUP HERBALINDO,38853704,Preferred(Non-CB),41151713613,MURAH Wedang Stroke/Ekstra Penurun Tekanan Darah,300140844699,Normal Product,,Makanan & Minuman,Minuman,Minuman Tradisional & Herbal,4999,10,Komisi XTRA,,47490,,1.50%,712.35,5.00%,2374.5,3086.85,1187.31,3957.7,5145.01,,0,0.00%,0,100.00%,5145.01,Tertunda,Pesanan sedang diproses. Komisi akan dikonfirmasi setelah pesanan selesai.,Pesanan dari Toko yang tidak Dipromosikan,Ada,rakdapur3,,,,,Instagram
26060106AXR5MR,Tertunda,234006810246765,2026-06-01 16:53:34,,2026-06-01 10:19:08,TS GROUP HERBALINDO,38853704,Preferred(Non-CB),28624752518,Murah Wedang Diabetes/Rempah Penurun Gula Darah,252561714864,Normal Product,,Makanan & Minuman,Minuman,Minuman Tradisional & Herbal,3333,10,Komisi XTRA,,31664,,1.50%,474.96,5.00%,1583.2,2058.16,0,0,0,,0,0.00%,0,100.00%,0,Tertunda,Pesanan sedang diproses. Komisi akan dikonfirmasi setelah pesanan selesai.,Pesanan dari Toko yang tidak Dipromosikan,Ada,rakdapur3,,,,,Instagram
26060105RWTB9K,Tertunda,234006205282211,2026-06-01 16:43:27,,2026-06-01 07:30:44,Batik Papaku,215748093,Preferred(Non-CB),41223769931,Batik Papaku Rok Span Batik FURING FREE Selendang Warna Coklat Mahogany Katun Prima,238243929688,Normal Product,,Pakaian Wanita,Pakaian Tradisional,Bawahan Tradisional,84900,1,Komisi XTRA,,80655,,1.50%,1209.825,3.00%,2419.65,3629.475,1209.825,2419.65,3629.475,,0,0.00%,0,100.00%,3629.475,Tertunda,Pesanan sedang diproses. Komisi akan dikonfirmasi setelah pesanan selesai.,Pesanan dari Toko yang tidak Dipromosikan,Ada,rakdapur3,,,,,Facebook
260601059BXTEF,Tertunda,234005683248072,2026-06-01 16:34:47,,2026-06-01 14:13:22,Byasa Shop,42140536,Preferred(Non-CB),52959976833,Asimetris Inner Lace Katun Poplin,430889892881,Normal Product,,Fashion Muslim,Pakaian Muslim Wanita,Atasan,79000,1,Komisi XTRA,,55200,,1.50%,828,2.50%,1380,2208,1656,2760,4416,,0,0.00%,0,100.00%,4416,Tertunda,Pesanan sedang diproses. Komisi akan dikonfirmasi setelah pesanan selesai.,Pesanan dari Toko yang tidak Dipromosikan,Ada,rakdapur3,,,,,Instagram
260601059BXTEF,Tertunda,234005683248072,2026-06-01 16:34:47,,2026-06-01 14:13:22,Byasa Shop,42140536,Preferred(Non-CB),52959976833,Asimetris Inner Lace Katun Poplin,430889892882,Normal Product,,Fashion Muslim,Pakaian Muslim Wanita,Atasan,79000,1,Komisi XTRA,,55200,,1.50%,828,2.50%,1380,2208,0,0,0,,0,0.00%,0,100.00%,0,Tertunda,Pesanan sedang diproses. Komisi akan dikonfirmasi setelah pesanan selesai.,Pesanan dari Toko yang tidak Dipromosikan,Ada,rakdapur3,,,,,Instagram
26060104YCH0M6,Tertunda,234005349299131,2026-06-01 16:29:31,,2026-05-31 06:48:07,BIUBIU CASE Official Store,1268196803,Shopee Mall(Non-CB),27601930493,BIU BIU CASE  Clear  iPhone  11 12 13 14 PRO MAX 7 8 SE 2024 7+ 8+ X XS XR XS MAX Magnetic Case Silikon Clear Tahan Benturan Cas,245966473838,Normal Product,,Handphone & Aksesoris,Aksesoris,Casing & Skin,17000,1,Komisi XTRA,,15494,,0.50%,77.47,1.00%,154.94,232.41,170.885,341.77,512.655,,0,0.00%,0,100.00%,512.655,Tertunda,Pesanan sedang diproses. Komisi akan dikonfirmasi setelah pesanan selesai.,Pesanan Produk dari Toko yang Dipromosikan,Ada,rakdapur3,,,,,Others
26060104YCH0M6,Tertunda,234005349299131,2026-06-01 16:29:31,,2026-05-31 06:48:07,BIUBIU CASE Official Store,1268196803,Shopee Mall(Non-CB),42731188732,BIU BIU CASE Glossy Jelly Case  for iPhone 13 11 12 14 15 16 XR XS MAX 7Plus 8Plus 7 8 6 6S Plus 17Air  17 Pro MAX Hearts all ov,360971254397,Normal Product,,Handphone & Aksesoris,Aksesoris,Casing & Skin,20500,1,Komisi XTRA,,18683,,0.50%,93.415,1.00%,186.83,280.245,0,0,0,,0,0.00%,0,100.00%,0,Tertunda,Pesanan sedang diproses. Komisi akan dikonfirmasi setelah pesanan selesai.,Pesanan Produk dari Toko yang Dipromosikan,Ada,rakdapur3,,,,,Others
26060104W4WRQ6,Tertunda,234005273210019,2026-06-01 16:27:53,,2026-06-01 11:53:33,Lush Aura,1494775728,C2C(Non-CB),51959143925,Buy 1 Get 1 free (Random) Facial Cleanser Mousse Pembersih Wajah Busah Super Lembut Untuk Kulit Halus & Cerah,325810391239,Normal Product,,Perawatan & Kecantikan,Perawatan Wajah,Pembersih Wajah,23987,1,Komisi Shopee,,23508,,0.00%,0,0.00%,0,0,0,0,0,,0,0.00%,0,100.00%,0,Tertunda,Pesanan sedang diproses. Komisi akan dikonfirmasi setelah pesanan selesai.,Pesanan dari Toko yang tidak Dipromosikan,Ada,setanakfernando,,,,,Instagram
26060104W4WRQ5,Tertunda,234005273210019,2026-06-01 16:27:53,,2026-06-01 11:53:33,Bantalin Official,1611725135,Preferred(Non-CB),42465349001,"Sarung Bantal Polos 50x70cm, 55x75cm, 50x80cm - Sarung Bantal Guling Polos Jumbo Resleting",296267559030,Normal Product,,Perlengkapan Rumah,Kamar Tidur,"Sprei, Sarung Bantal, & Sarung Guling",22480,2,Komisi Shopee,,44061,,1.50%,660.915,0.00%,0,660.915,1321.815,0,1321.815,,0,0.00%,0,100.00%,1321.815,Tertunda,Pesanan sedang diproses. Komisi akan dikonfirmasi setelah pesanan selesai.,Pesanan dari Toko yang tidak Dipromosikan,Ada,setanakfernando,,,,,Instagram
26060104W4WRQ5,Tertunda,234005273210019,2026-06-01 16:27:53,,2026-06-01 11:53:33,Bantalin Official,1611725135,Preferred(Non-CB),42465349001,"Sarung Bantal Polos 50x70cm, 55x75cm, 50x80cm - Sarung Bantal Guling Polos Jumbo Resleting",296267559031,Normal Product,,Perlengkapan Rumah,Kamar Tidur,"Sprei, Sarung Bantal, & Sarung Guling",22480,2,Komisi Shopee,,44060,,1.50%,660.9,0.00%,0,660.9,0,0,0,,0,0.00%,0,100.00%,0,Tertunda,Pesanan sedang diproses. Komisi akan dikonfirmasi setelah pesanan selesai.,Pesanan dari Toko yang tidak Dipromosikan,Ada,setanakfernando,,,,,Instagram
26060104W4WRQ4,Tertunda,234005273210019,2026-06-01 16:27:53,,2026-06-01 11:53:33,BIOAQUA Indonesia Official Shop,297682305,Shopee Mall(Non-CB),26700013145,BIOAQUA Micellar Water For All Skin Types Delicate Care Makeup Remover 300ml dan Jumbo Size 1L / 24K Gold Gentle Makeup Remover,251165388684,Normal Product,,Perawatan & Kecantikan,Kosmetik,Pembersih Make Up,26500,1,Komisi Shopee,,25969,,1.50%,389.535,0.00%,0,389.535,389.535,0,389.535,,0,0.00%,0,100.00%,389.535,Tertunda,Pesanan sedang diproses. Komisi akan dikonfirmasi setelah pesanan selesai.,Pesanan dari Toko yang tidak Dipromosikan,Ada,setanakfernando,,,,,Instagram
26060104V4H4WV,Tertunda,234005239244677,2026-06-01 16:27:23,,2026-06-01 16:25:40,Nabila25collection,237168819,Preferred(Non-CB),43180958467,ONE SET ANAK VIRAL MOTIP GAJAH KICAU MANIA USIA 2-12 TAHUN  SETELAN ANAK PEREMPUAN,420934589194,Normal Product,,Fashion Bayi & Anak,Pakaian Anak Perempuan,Jas & Setelan,55000,1,Komisi Shopee,,45000,,1.50%,675,0.00%,0,675,675,0,675,,0,0.00%,0,100.00%,675,Tertunda,Pesanan sedang diproses. Komisi akan dikonfirmasi setelah pesanan selesai.,Pesanan dari Toko yang tidak Dipromosikan,Ada,Atayasetelankaosanak,,,,,Facebook
26060104N3G9G7,Tertunda,234005004291552,2026-06-01 16:23:45,,2026-06-01 10:35:41,Purrhappy Official Store,1486180055,Shopee Mall(Non-CB),51158865742,Purrhappy 1.5/2L 2 Tingkat Kotak Bekal Kotak Bento Stainless Steel 304 Bekal Lipat Dengan Seal Silikon Anti Bocor Untuk Camping ,440785947607,Normal Product,,Perlengkapan Rumah,Perlengkapan Dapur,Tempat Penyimpanan Makanan,122559,1,Komisi XTRA,,111559,,1.50%,1673.385,1.00%,1115.59,2788.975,1673.385,1115.59,2788.975,,0,0.00%,0,100.00%,2788.975,Tertunda,Pesanan sedang diproses. Komisi akan dikonfirmasi setelah pesanan selesai.,Pesanan dari Toko yang tidak Dipromosikan,Ada,rakdapur3,,,,,Others
26060104MBJR37,Tertunda,234004978201883,2026-06-01 16:22:59,,2026-06-01 16:02:08,Adinda Home Art,114451931,Preferred(Non-CB),29253554719,Rak Bumbu Dapur Medium Size 2 Susun || Rak Bumbu Serbaguna || Rak Skincare,137979273869,Normal Product,,Perlengkapan Rumah,Perlengkapan Dapur,Rak Dapur,35000,1,Komisi XTRA,,33250,,1.50%,498.75,5.00%,1662.5,2161.25,498.75,1662.5,2161.25,,0,0.00%,0,100.00%,2161.25,Tertunda,Pesanan sedang diproses. Komisi akan dikonfirmasi setelah pesanan selesai.,Pesanan dari Toko yang tidak Dipromosikan,Ada,rakdapur3,,,,,Instagram
260601044H678K,Tertunda,234004447216689,2026-06-01 16:14:07,,2026-05-31 08:54:23,PrinceShop_BelanjaMurah,62531341,C2C(Non-CB),41657403815,LIVE LELANG,405997896510,Normal Product,,Perawatan & Kecantikan,Perawatan Pria,Perawatan Wajah,18999,1,Komisi XTRA,,18999,,0.00%,0,3.50%,664.965,664.965,0,664.965,664.965,,0,0.00%,0,100.00%,664.965,Tertunda,Pesanan sedang diproses. Komisi akan dikonfirmasi setelah pesanan selesai.,Pesanan dari Toko yang tidak Dipromosikan,Ada,rakdapur3,,,,,Facebook
26060103TX4SGW,Tertunda,234004125257283,2026-06-01 16:08:45,,2026-06-01 16:06:26,NajwaFashionMuslim,67693195,Preferred(Non-CB),26662594053,Najwa - Ataya Setelan Kaos Anak Perempuan Karakter Digital Printing Terlaris / Fashion Oneset Baju Pendek & Celana / Rok Pendek ,385924425681,Normal Product,,Fashion Bayi & Anak,Pakaian Anak Perempuan,Jas & Setelan,29890,1,Komisi XTRA,,29890,,1.50%,448.35,10.00%,2989,3437.35,448.35,2989,3437.35,,0,0.00%,0,100.00%,3437.35,Tertunda,Pesanan sedang diproses. Komisi akan dikonfirmasi setelah pesanan selesai.,Pesanan Produk dari Toko yang Dipromosikan,Ada,Atayasetelankaosanak,,,,,Facebook
26060103DD44JP,Tertunda,234003671206323,2026-06-01 16:01:12,,2026-06-01 14:57:57,Toko Delin Official,277468221,Preferred(Non-CB),21535184337,REFILL SAPU IJUK NAGOYA MIRING ( TANPA GAGANG ),211805809365,Normal Product,,Perlengkapan Rumah,Perawatan Rumah,Sapu,26750,2,Komisi XTRA,,49500,,1.50%,742.5,1.50%,742.5,1485,742.5,742.5,1485,,0,0.00%,0,100.00%,1485,Tertunda,Pesanan sedang diproses. Komisi akan dikonfirmasi setelah pesanan selesai.,Pesanan dari Toko yang tidak Dipromosikan,Ada,Atayasetelankaosanak,,,,,Facebook
26060103C35DFJ,Tertunda,234003627207888,2026-06-01 16:00:27,,2026-06-01 13:09:30,Archelio Online Shop,710874824,C2C(Non-CB),28561987641,Hanasui Mattedorable Lipstik,236799790401,Normal Product,,Perawatan & Kecantikan,Kosmetik,Kosmetik Bibir,26000,1,Komisi Shopee,,26000,,0.00%,0,0.00%,0,0,0,0,0,,0,0.00%,0,100.00%,0,Tertunda,Pesanan sedang diproses. Komisi akan dikonfirmasi setelah pesanan selesai.,Pesanan dari Toko yang tidak Dipromosikan,Ada,rakdapur3,,,,,Facebook
2606010376S7K3,Tertunda,234003463221764,2026-06-01 15:57:44,,2026-05-31 15:09:14,Gudang.Apron,299165713,C2C(Non-CB),3849044109,GUDANG APRON CELEMEK MASAK KOREAN STYLE KOKI BARISTA BARTENDER PRIA WANITA UNISEX,40766631724,Normal Product,,Perlengkapan Rumah,Perlengkapan Dapur,Celemek & Pelindung Tangan,67900,1,Komisi XTRA,,55668,,0.00%,0,5.00%,2783.4,2783.4,0,2783.4,2783.4,,0,0.00%,0,100.00%,2783.4,Tertunda,Pesanan sedang diproses. Komisi akan dikonfirmasi setelah pesanan selesai.,Pesanan dari Toko yang tidak Dipromosikan,Ada,rakdapur3,,,,,Instagram
260601031AXM5B,Tertunda,234003266269205,2026-06-01 15:54:26,,2026-05-30 17:50:34,sampoerna acrylic,1370712554,Preferred(Non-CB),42464957725,SIGN AKRILIK SIMPAN PAKET DISINI AESTHETIC,301238767612,Normal Product,,Perlengkapan Rumah,Dekorasi,Dekorasi Lainnya,21900,1,Komisi XTRA,,21400,,1.50%,321,5.00%,1070,1391,321,1070,1391,,0,0.00%,0,100.00%,1391,Tertunda,Pesanan sedang diproses. Komisi akan dikonfirmasi setelah pesanan selesai.,Pesanan dari Toko yang tidak Dipromosikan,Ada,rakdapur3,,,,,Instagram
260601029RJGWP,Tertunda,234002475244994,2026-06-01 15:41:19,,2026-06-01 10:30:24,Qinder Dream,1670656255,Preferred(Non-CB),57851314333,Qinder Dream Baju Tidur Piyama Cewek Lengan Panjang Celana Panjang Premium,292380878553,Normal Product,,Pakaian Wanita,Pakaian Tidur & Piyama,Piyama,119700,1,Komisi XTRA,,93366,,1.50%,1400.49,0.50%,466.83,1867.32,2800.98,933.66,3734.64,,0,0.00%,0,100.00%,3734.64,Tertunda,Pesanan sedang diproses. Komisi akan dikonfirmasi setelah pesanan selesai.,Pesanan dari Toko yang tidak Dipromosikan,Ada,rakdapur3,,,,,Instagram
260601029RJGWP,Tertunda,234002475244994,2026-06-01 15:41:19,,2026-06-01 10:30:24,Qinder Dream,1670656255,Preferred(Non-CB),57851314333,Qinder Dream Baju Tidur Piyama Cewek Lengan Panjang Celana Panjang Premium,315120548740,Normal Product,,Pakaian Wanita,Pakaian Tidur & Piyama,Piyama,119700,1,Komisi XTRA,,93366,,1.50%,1400.49,0.50%,466.83,1867.32,0,0,0,,0,0.00%,0,100.00%,0,Tertunda,Pesanan sedang diproses. Komisi akan dikonfirmasi setelah pesanan selesai.,Pesanan dari Toko yang tidak Dipromosikan,Ada,rakdapur3,,,,,Instagram
260601025E860W,Tertunda,234002330203152,2026-06-01 15:38:51,,2026-06-01 14:21:55,Ivy & Lily Official Store,1443274610,Shopee Mall(Non-CB),54303276573,Ivy & Lily - Bundle Hairfall Shampoo + Condimask + Essence | Paket Rambut Kering Rontok dan Tipis | Melembutkan Rambut | Mengura,335314755053,Normal Product,,Perawatan & Kecantikan,Perawatan Rambut,Treatment Rambut,587000,1,Komisi Shopee,,498950,,1.50%,7484.25,0.00%,0,7484.25,7484.25,0,7484.25,,0,0.00%,0,100.00%,7484.25,Tertunda,Pesanan sedang diproses. Komisi akan dikonfirmasi setelah pesanan selesai.,Pesanan dari Toko yang tidak Dipromosikan,Ada,rakdapur3,,,,,Facebook
2606010204GXAJ,Tertunda,234002152235561,2026-06-01 15:35:52,,2026-06-01 15:34:25,BOSS BANDUNG,1351876007,Preferred(Non-CB),42280978827,ONESET ANAK VIRAL MOTIF GAJAH KICAU MANIA 2-12 TAHUN SETELAN ANAK UNISEX MODEL TERBARU,410938067092,Normal Product,,Fashion Bayi & Anak,Pakaian Anak Perempuan,Jas & Setelan,45000,1,Komisi XTRA,,41990,,1.50%,629.85,10.00%,4199,4828.85,629.85,4199,4828.85,,0,0.00%,0,100.00%,4828.85,Tertunda,Pesanan sedang diproses. Komisi akan dikonfirmasi setelah pesanan selesai.,Pesanan Produk dari Toko yang Dipromosikan,Ada,Atayasetelankaosanak,,,,,Others
26060101YBQ081,Tertunda,234002126210871,2026-06-01 15:35:26,,2026-06-01 15:25:24,citracosmetic.makassar,131118527,Preferred(Non-CB),26731648796,"Hanasui Next Level Blurry Tint 2,5 Gr Series",375854242490,Normal Product,,Perawatan & Kecantikan,Kosmetik,Kosmetik Bibir,36000,1,Komisi XTRA,,34200,,1.50%,513,1.50%,513,1026,1197,2171.7,3368.7,,0,0.00%,0,100.00%,3368.7,Tertunda,Pesanan sedang diproses. Komisi akan dikonfirmasi setelah pesanan selesai.,Pesanan dari Toko yang tidak Dipromosikan,Ada,rakdapur3,,,,,Instagram
26060101YBQ081,Tertunda,234002126210871,2026-06-01 15:35:26,,2026-06-01 15:25:24,citracosmetic.makassar,131118527,Preferred(Non-CB),27012969774,Tata Keratin Daily Vitamin Hair Mist 50 Ml,118470132373,Normal Product,,Perawatan & Kecantikan,Perawatan Rambut,Treatment Rambut,13800,1,Komisi XTRA,,13110,,1.50%,196.65,1.50%,196.65,393.3,0,0,0,,0,0.00%,0,100.00%,0,Tertunda,Pesanan sedang diproses. Komisi akan dikonfirmasi setelah pesanan selesai.,Pesanan dari Toko yang tidak Dipromosikan,Ada,rakdapur3,,,,,Instagram
26060101YBQ081,Tertunda,234002126210871,2026-06-01 15:35:26,,2026-06-01 15:25:24,citracosmetic.makassar,131118527,Preferred(Non-CB),29431656938,Hanasui Next Level Lip Last Cream 3 Gr Series,149105061552,Normal Product,,Perawatan & Kecantikan,Kosmetik,Kosmetik Bibir,34200,1,Komisi XTRA,,32490,,1.50%,487.35,4.50%,1462.05,1949.4,0,0,0,,0,0.00%,0,100.00%,0,Tertunda,Pesanan sedang diproses. Komisi akan dikonfirmasi setelah pesanan selesai.,Pesanan dari Toko yang tidak Dipromosikan,Ada,rakdapur3,,,,,Instagram
26060101A3SMJ7,Tertunda,234001413272776,2026-06-01 15:23:40,,2026-06-01 08:21:17,IDeluxe,1214277782,Preferred(Non-CB),45052221210,BEST FRESH | BX 4381 / AX 350 & LID AX 350 Wadah Loyang Aluminium Foil Tray PREMIUM,425213898856,Normal Product,,Perlengkapan Rumah,Perlengkapan Dapur,Aluminium Foil,1394,20,Komisi XTRA,,27880,,1.50%,418.2,1.00%,278.8,697,643.2,428.8,1072,,0,0.00%,0,100.00%,1072,Tertunda,Pesanan sedang diproses. Komisi akan dikonfirmasi setelah pesanan selesai.,Pesanan dari Toko yang tidak Dipromosikan,Ada,rakdapur3,,,,,Websites
26060101A3SMJ7,Tertunda,234001413272776,2026-06-01 15:23:40,,2026-06-01 08:21:17,IDeluxe,1214277782,Preferred(Non-CB),45052221210,BEST FRESH | BX 4381 / AX 350 & LID AX 350 Wadah Loyang Aluminium Foil Tray PREMIUM,425213898857,Normal Product,,Perlengkapan Rumah,Perlengkapan Dapur,Aluminium Foil,750,20,Komisi XTRA,,15000,,1.50%,225,1.00%,150,375,0,0,0,,0,0.00%,0,100.00%,0,Tertunda,Pesanan sedang diproses. Komisi akan dikonfirmasi setelah pesanan selesai.,Pesanan dari Toko yang tidak Dipromosikan,Ada,rakdapur3,,,,,Websites
260601011XE8QX,Tertunda,234001139223155,2026-06-01 15:18:59,,2026-06-01 12:03:40,yesleen.official,1291926234,Preferred(Non-CB),27654517082,[ 1KG] PLASTIK KARPET LAUNDRY | PLASTIK PP ROLL KARPET PACKING LAUNDRY UKURAN 25/30/35/40/45/50/60 CM,176557681363,Normal Product,,Perlengkapan Rumah,Perawatan Rumah,Kantong Plastik  & Kantong Sampah,62996,1,Komisi XTRA,,50156,,1.50%,752.34,3.00%,1504.68,2257.02,752.34,1504.68,2257.02,,0,0.00%,0,100.00%,2257.02,Tertunda,Pesanan sedang diproses. Komisi akan dikonfirmasi setelah pesanan selesai.,Pesanan dari Toko yang tidak Dipromosikan,Ada,rakdapur3,,,,,Instagram
26060100KNKS6R,Tertunda,234000660201277,2026-06-01 15:11:00,,2026-05-28 12:44:32,SHONIFE Official Store,1447487816,Shopee Mall(Non-CB),50256288909,SHONIFE  CK03 Heels 3cm,350569290408,Normal Product,,Sepatu Wanita,Heels,,118000,1,Komisi XTRA,,103840,,1.50%,1557.6,5.50%,5711.2,7268.8,1557.6,5711.2,7268.8,,0,0.00%,0,100.00%,7268.8,Tertunda,Pesanan sedang diproses. Komisi akan dikonfirmasi setelah pesanan selesai.,Pesanan dari Toko yang tidak Dipromosikan,Ada,rakdapur3,,,,,Others
26060100DWKABA,Tertunda,234000467246753,2026-06-01 15:07:51,,2026-06-01 15:06:25,BOSS BANDUNG,1351876007,Preferred(Non-CB),42280978827,ONESET ANAK VIRAL MOTIF GAJAH KICAU MANIA 2-12 TAHUN SETELAN ANAK UNISEX MODEL TERBARU,410938067109,Normal Product,,Fashion Bayi & Anak,Pakaian Anak Perempuan,Jas & Setelan,42500,1,Komisi XTRA,,39615,,1.50%,594.225,10.00%,3961.5,4555.725,594.225,3961.5,4555.725,,0,0.00%,0,100.00%,4555.725,Tertunda,Pesanan sedang diproses. Komisi akan dikonfirmasi setelah pesanan selesai.,Pesanan Produk dari Toko yang Dipromosikan,Ada,Atayasetelankaosanak,,,,,Others
260601008SK5GF,Tertunda,234000295278281,2026-06-01 15:05:03,,2026-05-31 16:45:47,Sancoliving,1479714710,Preferred(Non-CB),52661169934,Sanco | SC390 Pengganti Pengait Resleting Tas Jiper Universal Zipper Gantungan Tambahan,325973693969,Normal Product,,Tas Wanita,Aksesoris Tas,Aksesoris Tas Wanita Lainnya,1184,7,Komisi Shopee,,6216,,1.50%,93.24,0.00%,0,93.24,93.24,0,93.24,,0,0.00%,0,100.00%,93.24,Tertunda,Pesanan sedang diproses. Komisi akan dikonfirmasi setelah pesanan selesai.,Pesanan dari Toko yang tidak Dipromosikan,Ada,rakdapur3,,,,,Others
2606010083KJX6,Tertunda,234000272228440,2026-06-01 15:04:32,,2026-06-01 14:37:15,Christine Hakim Official Shop,37997283,Shopee Mall(Non-CB),574500699,Kripik Kentang Petai Christine Hakim,51160906681,Normal Product,,Makanan & Minuman,Makanan Ringan,Keripik & Kerupuk,61250,2,Komisi XTRA,,110249,,1.50%,1653.735,0.50%,551.245,2204.98,9358.905,4080.745,13439.65,,0,0.00%,0,100.00%,13439.65,Tertunda,Pesanan sedang diproses. Komisi akan dikonfirmasi setelah pesanan selesai.,Pesanan dari Toko yang tidak Dipromosikan,Ada,rakdapur3,,,,,Instagram
2606010083KJX6,Tertunda,234000272228440,2026-06-01 15:04:32,,2026-06-01 14:37:15,Christine Hakim Official Shop,37997283,Shopee Mall(Non-CB),1378904621,Kerupuk Bawang Balado Adira,31162125407,Normal Product,,Makanan & Minuman,Makanan Ringan,Keripik & Kerupuk,24999,1,Komisi XTRA,,22502,,1.50%,337.53,0.50%,112.51,450.04,0,0,0,,0,0.00%,0,100.00%,0,Tertunda,Pesanan sedang diproses. Komisi akan dikonfirmasi setelah pesanan selesai.,Pesanan dari Toko yang tidak Dipromosikan,Ada,rakdapur3,,,,,Instagram
2606010083KJX6,Tertunda,234000272228440,2026-06-01 15:04:32,,2026-06-01 14:37:15,Christine Hakim Official Shop,37997283,Shopee Mall(Non-CB),567843873,Kripik Balado 250gr Christine Hakim  / Sanjai Balado,430766496,Normal Product,,Makanan & Minuman,Makanan Ringan,Keripik & Kerupuk,35597,2,Komisi XTRA,,64074,,1.50%,961.11,2.00%,1281.48,2242.59,0,0,0,,0,0.00%,0,100.00%,0,Tertunda,Pesanan sedang diproses. Komisi akan dikonfirmasi setelah pesanan selesai.,Pesanan dari Toko yang tidak Dipromosikan,Ada,rakdapur3,,,,,Instagram
2606010083KJX6,Tertunda,234000272228440,2026-06-01 15:04:32,,2026-06-01 14:37:15,Christine Hakim Official Shop,37997283,Shopee Mall(Non-CB),571338923,Rendang Basah 500gr Christine Hakim,71159592530,Normal Product,,Makanan & Minuman,Makanan Instan,Makanan Siap Saji,219780,2,Komisi XTRA,,395603,,1.50%,5934.045,0.50%,1978.015,7912.06,0,0,0,,0,0.00%,0,100.00%,0,Tertunda,Pesanan sedang diproses. Komisi akan dikonfirmasi setelah pesanan selesai.,Pesanan dari Toko yang tidak Dipromosikan,Ada,rakdapur3,,,,,Instagram
2606010083KJX6,Tertunda,234000272228440,2026-06-01 15:04:32,,2026-06-01 14:37:15,Christine Hakim Official Shop,37997283,Shopee Mall(Non-CB),574200576,Dakak - Dakak Kotak 200gr Christine Hakim,71160156513,Normal Product,,Makanan & Minuman,Makanan Ringan,Keripik & Kerupuk,35000,1,Komisi XTRA,,31499,,1.50%,472.485,0.50%,157.495,629.98,0,0,0,,0,0.00%,0,100.00%,0,Tertunda,Pesanan sedang diproses. Komisi akan dikonfirmasi setelah pesanan selesai.,Pesanan dari Toko yang tidak Dipromosikan,Ada,rakdapur3,,,,,Instagram
260601000JB7T5,Tertunda,234000019248522,2026-06-01 15:00:23,,2026-06-01 14:57:53,Bloomify Official Store,1415093966,Shopee Mall(Non-CB),41767622946,"BLOOMIFY  [Versi Yang Diperbarui ] 3D V Shape Face Lift Up Belt,Sabuk Pengihil Double Chin,Penirus Pipi Wajah Asli ,Face Lift",296451874025,Normal Product,,Perawatan & Kecantikan,Alat Kecantikan,Alat Perawatan Wajah,29987,1,Komisi XTRA,,29987,,1.50%,449.805,8.00%,2398.96,2848.765,449.805,2398.96,2848.765,,0,0.00%,0,100.00%,2848.765,Tertunda,Pesanan sedang diproses. Komisi akan dikonfirmasi setelah pesanan selesai.,Pesanan Produk dari Toko yang Dipromosikan,Ada,setanakfernando,,,,,Others
260601W393FJPU,Tertunda,233999959286097,2026-06-01 14:59:20,,2026-06-01 14:56:24,BAJU RENANG INDONESIA,783312652,Preferred(Non-CB),47310850214,Setelan Gajah Thailand Viral Anak Cewek Cowo Umur 1-9 Tahun Best Seller,400945613134,Normal Product,,Fashion Bayi & Anak,Pakaian Anak Laki-Laki,Jas & Setelan,42930,1,Komisi XTRA,,40783,,1.50%,611.745,12.00%,4893.96,5505.705,611.745,4893.96,5505.705,,0,0.00%,0,100.00%,5505.705,Tertunda,Pesanan sedang diproses. Komisi akan dikonfirmasi setelah pesanan selesai.,Pesanan Produk dari Toko yang Dipromosikan,Ada,Atayasetelankaosanak,,,,,Others
260601W37PJSYW,Belum Dibayar,233999912205817,2026-06-01 14:58:33,,2026-05-31 16:37:43,kayabuttons,1622177239,Preferred(Non-CB),53003034836,KAYA Alloy Buttons Abstrak | Kancing Hias Mewah XH-058,355293063596,Normal Product,,Aksesoris Fashion,Aksesoris Tambahan,Kancing Manset,4300,4,Komisi XTRA,,16340,,0.00%,0,0.00%,0,0,0,0,0,,0,0.00%,0,100.00%,0,Belum Dibayar,Pesanan sedang menunggu pembayaran dari Pembeli.,Pesanan dari Toko yang tidak Dipromosikan,Ada,rakdapur3,,,,,Instagram
260601W37PJSYW,Belum Dibayar,233999912205817,2026-06-01 14:58:33,,2026-05-31 16:37:43,kayabuttons,1622177239,Preferred(Non-CB),26743025872,KAYA Alloy Buttons Abstrak | Kancing Hias Mewah XH-019,249033445751,Normal Product,,Aksesoris Fashion,Aksesoris Tambahan,Kancing Manset,3500,5,Komisi XTRA,,16625,,0.00%,0,0.00%,0,0,0,0,0,,0,0.00%,0,100.00%,0,Belum Dibayar,Pesanan sedang menunggu pembayaran dari Pembeli.,Pesanan dari Toko yang tidak Dipromosikan,Ada,rakdapur3,,,,,Instagram
260601W34WWTA7,Tertunda,233999819246738,2026-06-01 14:57:03,,2026-06-01 14:55:40,Ardan baju anak grosir,261843054,Preferred(Non-CB),46210453450,Setelan Anak Motif Gajah Estetik Premium | Kaos Celana Panjang Anak Lucu Korean Style Adem Nyaman Fashion Kids,272614183739,Normal Product,,Fashion Bayi & Anak,Pakaian Anak Perempuan,Jas & Setelan,55000,1,Komisi XTRA,,39000,,1.50%,585,10.00%,3900,4485,585,3900,4485,,0,0.00%,0,100.00%,4485,Tertunda,Pesanan sedang diproses. Komisi akan dikonfirmasi setelah pesanan selesai.,Pesanan Produk dari Toko yang Dipromosikan,Ada,Atayasetelankaosanak,,,,,Others
260601W3256NQX,Tertunda,233999726204359,2026-06-01 14:55:27,,2026-06-01 14:54:49,SR kids lifestyle,695088937,Preferred(Non-CB),28050285043,setelan anak karakter MONSTER LUCU tung tung sahur dan balerina terbaru usia 1-12 tahun,233500101730,Normal Product,,Fashion Bayi & Anak,Pakaian Anak Perempuan,Jas & Setelan,43800,1,Komisi XTRA,,41610,,1.50%,624.15,7.00%,2912.7,3536.85,624.15,2912.7,3536.85,,0,0.00%,0,100.00%,3536.85,Tertunda,Pesanan sedang diproses. Komisi akan dikonfirmasi setelah pesanan selesai.,Pesanan Produk dari Toko yang Dipromosikan,Ada,Atayasetelankaosanak,,,,,Others
260601W2Q2GVHE,Tertunda,233999355296623,2026-06-01 14:49:36,,2026-06-01 14:44:21,Boss Kosmetik Medan,5139506,Preferred(Non-CB),19774378855,HANASUI Eyedorable Mascara 8ml | 4D Silk Fiber Mascara | Maskara Black Waterproof Tahan Lama,231060312418,Normal Product,,Perawatan & Kecantikan,Kosmetik,Kosmetik Mata,38000,1,Komisi Shopee,,36099,,1.50%,541.485,0.00%,0,541.485,1382.385,1316.3,2698.685,,0,0.00%,0,100.00%,2698.685,Tertunda,Pesanan sedang diproses. Komisi akan dikonfirmasi setelah pesanan selesai.,Pesanan dari Toko yang tidak Dipromosikan,Ada,rakdapur3,,,,,Facebook
260601W2Q2GVHE,Tertunda,233999355296623,2026-06-01 14:49:36,,2026-06-01 14:44:21,Boss Kosmetik Medan,5139506,Preferred(Non-CB),22637268969,(MURAH) Maybelline Skyhigh Mascara,221419954142,Normal Product,,Perawatan & Kecantikan,Kosmetik,Kosmetik Mata,15650,2,Komisi Shopee,,29734,,1.50%,446.01,0.00%,0,446.01,0,0,0,,0,0.00%,0,100.00%,0,Tertunda,Pesanan sedang diproses. Komisi akan dikonfirmasi setelah pesanan selesai.,Pesanan dari Toko yang tidak Dipromosikan,Ada,rakdapur3,,,,,Facebook
260601W2Q2GVHE,Tertunda,233999355296623,2026-06-01 14:49:36,,2026-06-01 14:44:21,Boss Kosmetik Medan,5139506,Preferred(Non-CB),4320513859,Hanasui Mattedorable Lip Cream 16 Varian,14905135899,Normal Product,,Perawatan & Kecantikan,Kosmetik,Kosmetik Bibir,15105,2,Komisi XTRA,,26326,,1.50%,394.89,5.00%,1316.3,1711.19,0,0,0,,0,0.00%,0,100.00%,0,Tertunda,Pesanan sedang diproses. Komisi akan dikonfirmasi setelah pesanan selesai.,Pesanan dari Toko yang tidak Dipromosikan,Ada,rakdapur3,,,,,Facebook
260601W2N989JR,Tertunda,233999294244946,2026-06-01 14:48:18,,2026-06-01 14:42:31,MurahKudus02,386844995,Preferred(Non-CB),18692872367,12 Pasang Sarung Tangan Wanita woll bulu tebal halus POLOS,59696664584,Normal Product,,Aksesoris Fashion,Sarung Tangan,,55000,1,Komisi XTRA,,55000,,1.50%,825,3.00%,1650,2475,1800,3600,5400,,0,0.00%,0,100.00%,5400,Tertunda,Pesanan sedang diproses. Komisi akan dikonfirmasi setelah pesanan selesai.,Pesanan dari Toko yang tidak Dipromosikan,Ada,Atayasetelankaosanak,,,,,Facebook
260601W2N989JR,Tertunda,233999294244946,2026-06-01 14:48:18,,2026-06-01 14:42:31,MurahKudus02,386844995,Preferred(Non-CB),26725754962,12 PASANG sarung tangan motor RAJUT HITAM POLOS pria wanita dewasa gloves,252614241787,Normal Product,,Aksesoris Fashion,Aksesoris Tambahan,Aksesoris Tambahan Lainnya,65000,1,Komisi XTRA,,65000,,1.50%,975,3.00%,1950,2925,0,0,0,,0,0.00%,0,100.00%,0,Tertunda,Pesanan sedang diproses. Komisi akan dikonfirmasi setelah pesanan selesai.,Pesanan dari Toko yang tidak Dipromosikan,Ada,Atayasetelankaosanak,,,,,Facebook
260601W2GES4UC,Tertunda,233999132270117,2026-06-01 14:45:40,,2026-06-01 14:34:39,Danzh24_,318024108,Preferred(Non-CB),29284457539,Legging Rok Anak Sporty Elastis Nyaman Dipakai Semua Aktifitas,287478393404,Normal Product,,Fashion Bayi & Anak,Pakaian Anak Perempuan,Bawahan,27500,1,Komisi XTRA,,27500,,1.50%,412.5,5.50%,1512.5,1925,412.5,1512.5,1925,,0,0.00%,0,100.00%,1925,Tertunda,Pesanan sedang diproses. Komisi akan dikonfirmasi setelah pesanan selesai.,Pesanan dari Toko yang tidak Dipromosikan,Ada,Atayasetelankaosanak,,,,,Facebook
260601W2D3WSUM,Tertunda,233999020229707,2026-06-01 14:43:40,,2026-06-01 07:27:35,ellensShop,1341473118,Preferred(Non-CB),47101453337,PIXY UV WHITENING TWO WAY Cake Padat PIXY Refill,340860278692,Normal Product,,Perawatan & Kecantikan,Kosmetik,Kosmetik Wajah,17424,1,Komisi Shopee,,17424,,1.50%,261.36,0.00%,0,261.36,261.36,0,261.36,,0,0.00%,0,100.00%,261.36,Tertunda,Pesanan sedang diproses. Komisi akan dikonfirmasi setelah pesanan selesai.,Pesanan dari Toko yang tidak Dipromosikan,Ada,Atayasetelankaosanak,,,,,Others
260601W1QAT3QM,Tertunda,233998289245342,2026-06-01 14:31:33,,2026-06-01 10:43:28,Natunsa.id,370857892,C2C(Non-CB),56159451154,Termurah.! BH Wanita Remaja Dewasa 3 Pcs Bahan Katun Tanpa Busa,128466958097,Normal Product,,Pakaian Wanita,Pakaian Dalam,Bra,34170,1,Komisi Shopee,,34170,,0.00%,0,0.00%,0,0,0,0,0,,0,0.00%,0,100.00%,0,Tertunda,Pesanan sedang diproses. Komisi akan dikonfirmasi setelah pesanan selesai.,Pesanan dari Toko yang tidak Dipromosikan,Ada,setanakfernando,,,,,Others
260601W1GP4ERJ,Belum Dibayar,233998066249262,2026-06-01 14:27:50,,2026-06-01 11:02:00,mongsembako,285460341,C2C(Non-CB),19527014153,INDOMIE GORENG INSTAN 1 DUS,181401660230,Normal Product,,Makanan & Minuman,Makanan Instan,Mie & Pasta Instan,140000,1,Komisi XTRA,,99877,,0.00%,0,0.00%,0,0,0,0,0,,0,0.00%,0,100.00%,0,Belum Dibayar,Pesanan sedang menunggu pembayaran dari Pembeli.,Pesanan dari Toko yang tidak Dipromosikan,Ada,rakdapur3,,,,,Instagram
260601W1BDBNY2,Selesai,233997889262166,2026-06-01 14:24:49,2026-06-02 11:36:57,2026-06-01 12:56:29,Robot Official Shop,11868085,Shopee Mall(Non-CB),24542920474,ROBOT Adaptor Kepala Fast Charger iPhone & Android Universal 1.2A with Kabel Micro Lampu LED RT-K7S Original – Garansi 1 Tahun,237546520488,Normal Product,,Handphone & Aksesoris,Aksesoris,"Kabel, Charger, & Konverter",36999,1,Komisi XTRA,,29279,,0.50%,146.395,2.50%,731.975,878.37,146.395,731.975,878.37,,0,0.00%,0,100.00%,878.37,Selesai,,Pesanan dari Toko yang tidak Dipromosikan,Ada,rakdapur3,,,,,Websites
260601W17WSWWB,Tertunda,233997773290986,2026-06-01 14:23:14,,2026-06-01 10:22:29,Seeouo Official Store,969613309,Shopee Mall(Non-CB),23378372504,Seeouo Tali Strap Kacamata / Pengait Penahan Kacamata Silicone Grip Untuk Olahraga Adustable,204542031791,Normal Product,,Aksesoris Fashion,Kacamata & Aksesoris,Aksesoris Kacamata Lainnya,19999,2,Komisi XTRA,,35064,,1.50%,525.96,1.00%,350.64,876.6,4049.97,2699.98,6749.95,,0,0.00%,0,100.00%,6749.95,Tertunda,Pesanan sedang diproses. Komisi akan dikonfirmasi setelah pesanan selesai.,Pesanan Produk dari Toko yang Dipromosikan,Ada,rakdapur3,,,,,Others
260601W17WSWWB,Tertunda,233997773290986,2026-06-01 14:23:14,,2026-06-01 10:22:29,Seeouo Official Store,969613309,Shopee Mall(Non-CB),29442966587,Seeouo Kacamata Anak Anti Blueray Gadget/TV Model Oval Bulat Simple Frame TR90 Ringan Fashion Kids Laki-laki Perempuan 5377,296973229661,Normal Product,,Fashion Bayi & Anak,Aksesoris Bayi & Anak,Kacamata,268000,1,Komisi XTRA,,234934,,1.50%,3524.01,1.00%,2349.34,5873.35,0,0,0,,0,0.00%,0,100.00%,0,Tertunda,Pesanan sedang diproses. Komisi akan dikonfirmasi setelah pesanan selesai.,Pesanan Produk dari Toko yang Dipromosikan,Ada,rakdapur3,,,,,Others
260601W0RW4BME,Tertunda,233997268274984,2026-06-01 14:14:36,,2026-06-01 13:50:15,Mandiri_Tableware,299767953,Preferred(Non-CB),17190652156,Piring Makan Cekung Keramik 23 cm | Motif Blue Star | Premium Quality | Isi: 6 pcs,225519720189,Normal Product,,Perlengkapan Rumah,Peralatan Makan,Piring,180000,1,Komisi Shopee,,162000,,1.50%,2430,0.00%,0,2430,4792.5,0,4792.5,,0,0.00%,0,100.00%,4792.5,Tertunda,Pesanan sedang diproses. Komisi akan dikonfirmasi setelah pesanan selesai.,Pesanan dari Toko yang tidak Dipromosikan,Ada,rakdapur3,,,,,Instagram
260601W0RW4BME,Tertunda,233997268274984,2026-06-01 14:14:36,,2026-06-01 13:50:15,Mandiri_Tableware,299767953,Preferred(Non-CB),23749948310,6 psg Cangkir Set Keramik | Motif Ring Sparkle | Kopi | Teh | Best Quality,127657065242,Normal Product,,Perlengkapan Rumah,Peralatan Makan,"Cangkir, Mug, & Gelas",175000,1,Komisi Shopee,,157500,,1.50%,2362.5,0.00%,0,2362.5,0,0,0,,0,0.00%,0,100.00%,0,Tertunda,Pesanan sedang diproses. Komisi akan dikonfirmasi setelah pesanan selesai.,Pesanan dari Toko yang tidak Dipromosikan,Ada,rakdapur3,,,,,Instagram
260601W0PB2F5G,Tertunda,233997182227012,2026-06-01 14:13:02,,2026-06-01 12:45:02,Wardah Official Shop,59763733,Shopee Mall(Non-CB),28218154859,Wardah Sunscreen UV Shield All Series (Airy Smooth Essential Gel Acne Calming Aqua Fresh Tone Up Physical) Sunscreen SPF 50 PA S,242068643986,Normal Product,,Perawatan & Kecantikan,Perawatan Wajah,Sunscreen Wajah,35900,1,Komisi XTRA,,28720,,1.50%,430.8,3.50%,1005.2,1436,430.8,1005.2,1436,,0,0.00%,0,100.00%,1436,Tertunda,Pesanan sedang diproses. Komisi akan dikonfirmasi setelah pesanan selesai.,Pesanan dari Toko yang tidak Dipromosikan,Ada,Atayasetelankaosanak,,,,,Facebook
260601W0KQ70WR,Tertunda,233997095292058,2026-06-01 14:11:56,,2026-06-01 13:55:54,WT Collection,1193387740,C2C(Non-CB),23389438731,6 pcs Tanktop Manset Singlet Tali Besar Tali Kecil Wanita Remaja Dewasa,176348360877,Normal Product,,Pakaian Wanita,Atasan,Tanktop & Kamisol,35999,1,Komisi XTRA,,33866,,0.00%,0,4.00%,1354.64,1354.64,0,1354.64,1354.64,,0,0.00%,0,100.00%,1354.64,Tertunda,Pesanan sedang diproses. Komisi akan dikonfirmasi setelah pesanan selesai.,Pesanan dari Toko yang tidak Dipromosikan,Ada,benihsayuran,,,,,Facebook
260601VYS7A9Q3,Tertunda,233996205201927,2026-06-01 13:56:45,,2026-06-01 13:55:16,NICKSBAG,152982314,Preferred(Non-CB),53654960656,Tas Botol 2 Liter Motif Lucu Tas Tumbler Mickey Mouse Hitam Totebag Karakter Size 12 x 12 x 32 Cm,302348209921,Normal Product,,Tas Wanita,Tas Wanita Lainnya,,20580,1,Komisi XTRA,,20080,,1.50%,301.2,2.50%,502,803.2,301.2,502,803.2,,0,0.00%,0,100.00%,803.2,Tertunda,Pesanan sedang diproses. Komisi akan dikonfirmasi setelah pesanan selesai.,Pesanan dari Toko yang tidak Dipromosikan,Ada,rakdapur3,,,,,Instagram
260601VXXTED9C,Tertunda,233995320296790,2026-06-01 13:42:21,,2026-06-01 11:32:53,zone_pack,412684626,Preferred(Non-CB),3040979042,Plastik Vacuum Sealer Embossed Satuan I Plastik Vakum Makanan I Vacuum Embossed,35129882363,Normal Product,,Perlengkapan Rumah,Perlengkapan Dapur,Sealer,1440,50,Komisi XTRA,,72000,,1.50%,1080,1.00%,720,1800,1080,720,1800,,0,0.00%,0,100.00%,1800,Tertunda,Pesanan sedang diproses. Komisi akan dikonfirmasi setelah pesanan selesai.,Pesanan dari Toko yang tidak Dipromosikan,Ada,Atayasetelankaosanak,,,,,Facebook
260601VXQQESA9,Tertunda,233995081282460,2026-06-01 13:38:03,,2026-06-01 13:29:01,Kali Gansa Tok,1395481050,Preferred(Non-CB),27367117239,Diameter 20/Alas Rak Pot Bunga/Dudukan Rak Bunga/Pot Standing Besi/Rak Bunga Besi/Standing Pot/Rak Pot Bunga Minimalis,166790057676,Normal Product,,Perlengkapan Rumah,Taman,Pot & Planter,20300,1,Komisi XTRA,,20300,,1.50%,304.5,1.50%,304.5,609,304.5,304.5,609,,0,0.00%,0,100.00%,609,Tertunda,Pesanan sedang diproses. Komisi akan dikonfirmasi setelah pesanan selesai.,Pesanan dari Toko yang tidak Dipromosikan,Ada,rakdapur3,,,,,Facebook
260601VXKKS3X8,Tertunda,233994943208931,2026-06-01 13:35:44,,2026-06-01 13:25:12,JAMYTOYS Official Store,1597702448,Shopee Mall(Non-CB),28494303424,JAMYTOYS 100Pcs Mainan Balok Edukasi Anak Susun Square Building Brick Toys Belajar Anak Set,440600575736,Normal Product,,Ibu & Bayi,Mainan,Mainan Balok,60500,1,Komisi XTRA,,60500,,1.50%,907.5,2.50%,1512.5,2420,907.5,1512.5,2420,,0,0.00%,0,100.00%,2420,Tertunda,Pesanan sedang diproses. Komisi akan dikonfirmasi setelah pesanan selesai.,Pesanan dari Toko yang tidak Dipromosikan,Ada,rakdapur3,,,,,Others
260601VXJV009G,Tertunda,233994918267422,2026-06-01 13:35:19,,2026-06-01 13:29:20,Dryrha Production Official Shop,52783258,Shopee Mall(Non-CB),56853681307,Dryrha Mukena Armani Jaguar Dewasa 2in1 Lasercut,420351256014,Normal Product,,Fashion Muslim,Mukena & Perlengkapan Sholat,Mukena,154709,1,Komisi XTRA,,134596,,1.50%,2018.94,2.50%,3364.9,5383.84,2018.94,3364.9,5383.84,,0,0.00%,0,100.00%,5383.84,Tertunda,Pesanan sedang diproses. Komisi akan dikonfirmasi setelah pesanan selesai.,Pesanan dari Toko yang tidak Dipromosikan,Ada,rakdapur3,,,,,Facebook
260601VXEA18QF,Tertunda,233994765210899,2026-06-01 13:32:45,,2026-06-01 13:14:22,Hippo Elite Official Shop,316185093,Shopee Mall(Non-CB),19035644365,Hippo Baterai Xiaomi Redmi 9 / Redmi Note 9 BN54 Original Battery Batere Premium Batu Batre Batrai Handphone Garansi Resmi,145502115954,Normal Product,,Handphone & Aksesoris,Aksesoris,Powerbank & Baterai,159000,1,Komisi XTRA,,99000,,0.50%,495,2.50%,2475,2970,495,2475,2970,,0,0.00%,0,100.00%,2970,Tertunda,Pesanan sedang diproses. Komisi akan dikonfirmasi setelah pesanan selesai.,Pesanan dari Toko yang tidak Dipromosikan,Ada,rakdapur3,,,,,Others
260601VX7QA78N,Tertunda,233994544265143,2026-06-01 13:29:05,,2026-05-31 07:44:46,BOSS BANDUNG,1351876007,Preferred(Non-CB),42280978827,ONESET ANAK VIRAL MOTIF GAJAH KICAU MANIA 2-12 TAHUN SETELAN ANAK UNISEX MODEL TERBARU,410938067097,Normal Product,,Fashion Bayi & Anak,Pakaian Anak Perempuan,Jas & Setelan,42500,1,Komisi XTRA,,39545,,1.50%,593.175,10.00%,3954.5,4547.675,1221.225,8141.5,9362.725,,0,0.00%,0,100.00%,9362.725,Tertunda,Pesanan sedang diproses. Komisi akan dikonfirmasi setelah pesanan selesai.,Pesanan Produk dari Toko yang Dipromosikan,Ada,Atayasetelankaosanak,,,,,Others
260601VX7QA78N,Tertunda,233994544265143,2026-06-01 13:29:05,,2026-05-31 07:44:46,BOSS BANDUNG,1351876007,Preferred(Non-CB),42280978827,ONESET ANAK VIRAL MOTIF GAJAH KICAU MANIA 2-12 TAHUN SETELAN ANAK UNISEX MODEL TERBARU,410938067110,Normal Product,,Fashion Bayi & Anak,Pakaian Anak Perempuan,Jas & Setelan,45000,1,Komisi XTRA,,41870,,1.50%,628.05,10.00%,4187,4815.05,0,0,0,,0,0.00%,0,100.00%,0,Tertunda,Pesanan sedang diproses. Komisi akan dikonfirmasi setelah pesanan selesai.,Pesanan Produk dari Toko yang Dipromosikan,Ada,Atayasetelankaosanak,,,,,Others
260601VWVCVE9G,Tertunda,233994164221526,2026-06-01 13:22:45,,2026-06-01 10:22:29,Seeouo Official Store,969613309,Shopee Mall(Non-CB),27125600569,Seeouo Kacamata Antiradiasi Blueray Model Oval Stylish TR Frame Retro Fashion Unisex Pria Wanita Bisa Minus 1028,233782588333,Normal Product,,Aksesoris Fashion,Kacamata & Aksesoris,Frame & Lensa Kacamata,346000,1,Komisi XTRA,,302400,,1.50%,4536,1.00%,3024,7560,4536,3024,7560,,0,0.00%,0,100.00%,7560,Tertunda,Pesanan sedang diproses. Komisi akan dikonfirmasi setelah pesanan selesai.,Pesanan Produk dari Toko yang Dipromosikan,Ada,rakdapur3,,,,,Others
260601VWSBKSKJ,Tertunda,233994062235486,2026-06-01 13:21:02,,2026-06-01 11:59:42,ganzdock99,183226050,Preferred(Non-CB),7142332921,Tempered Glass Vivo Z1 Pro Full Cover Warna 5D / 6D / 9D - Hitam,21270575704,Normal Product,,Handphone & Aksesoris,Aksesoris,Pelindung Layar Handphone,17300,1,Komisi Shopee,,17300,,0.50%,86.5,0.00%,0,86.5,86.5,0,86.5,,0,0.00%,0,100.00%,86.5,Tertunda,Pesanan sedang diproses. Komisi akan dikonfirmasi setelah pesanan selesai.,Pesanan dari Toko yang tidak Dipromosikan,Ada,setanakfernando,,,,,Others
260601VWPMVMQ6,Tertunda,233993972295448,2026-06-01 13:19:53,,2026-06-01 07:20:10,RabbaniCollection,1531419729,Preferred(Non-CB),28135601767,Jaring Waring TL uk 15m x 120cm Seba Guna Jaring Waring Pagar / Sekat Kandang Ayam / Sekat Kolam Dll,258348146118,Normal Product,,Perlengkapan Rumah,Alat Pertukangan & Renovasi Rumah,Tenda & Terpal,56000,1,Komisi XTRA,,53200,,1.50%,798,4.50%,2394,3192,798,2394,3192,,0,0.00%,0,100.00%,3192,Tertunda,Pesanan sedang diproses. Komisi akan dikonfirmasi setelah pesanan selesai.,Pesanan dari Toko yang tidak Dipromosikan,Ada,Atayasetelankaosanak,,,,,Facebook
260601VWQ34PU0,Tertunda,233993986239574,2026-06-01 13:19:46,,2026-06-01 13:13:46,yuli.olshop.92,25472061,Preferred(Non-CB),22224193071,panci kuah 20cm tutup kaca,118647001402,Normal Product,,Perlengkapan Rumah,Perlengkapan Dapur,Panci,42500,1,Komisi Shopee,,17500,,1.50%,262.5,0.00%,0,262.5,262.5,0,262.5,,0,0.00%,0,100.00%,262.5,Tertunda,Pesanan sedang diproses. Komisi akan dikonfirmasi setelah pesanan selesai.,Pesanan dari Toko yang tidak Dipromosikan,Ada,rakdapur3,,,,,Facebook
260601VWK2D29M,Tertunda,233993851247870,2026-06-01 13:17:35,,2026-06-01 12:27:15,Pesona_Batik12,1084207733,Preferred(Non-CB),28062606593,Pesona Batik-Rok songket span jadi karet kiri kanan resleting belakang ukuran,207840940854,Normal Product,,Pakaian Wanita,Pakaian Tradisional,Bawahan Tradisional,90745,1,Komisi XTRA,,82882,,1.50%,1243.23,4.50%,3729.69,4972.92,1243.23,3729.69,4972.92,,0,0.00%,0,100.00%,4972.92,Tertunda,Pesanan sedang diproses. Komisi akan dikonfirmasi setelah pesanan selesai.,Pesanan dari Toko yang tidak Dipromosikan,Ada,Atayasetelankaosanak,,,,,Facebook
260601VVQ8NHWQ,Tertunda,233992919297101,2026-06-01 13:02:20,,2026-05-28 11:37:35,jtkids,150922635,Preferred(Non-CB),40912086278,JTKIDS DRESS ANAK PEREMPUAN HARUKA SNI,306012320383,Normal Product,,Fashion Bayi & Anak,Pakaian Anak Perempuan,Dress,20500,1,Komisi XTRA,,20500,,1.50%,307.5,10.00%,2050,2357.5,307.5,2050,2357.5,,0,0.00%,0,100.00%,2357.5,Tertunda,Pesanan sedang diproses. Komisi akan dikonfirmasi setelah pesanan selesai.,Pesanan Produk dari Toko yang Dipromosikan,Ada,dressanakperempuan,,,,,Facebook
260601VVQCCTG1,Tertunda,233992922205345,2026-06-01 13:02:03,,2026-06-01 07:42:26,Paus Biru Medan,258978790,Shopee Mall(Non-CB),23856379167,Paus Biru - A5 dan A7 Lucu Buku Notebook Mini Alat Tulis Sekolah Anak Kartun Stationery,197069281888,Normal Product,,Buku & Alat Tulis,Buku Tulis & Kertas,Notebook & Notepad,2880,4,Komisi XTRA,,10829,,1.50%,162.435,1.00%,108.29,270.725,162.435,108.29,270.725,,0,0.00%,0,100.00%,270.725,Tertunda,Pesanan sedang diproses. Komisi akan dikonfirmasi setelah pesanan selesai.,Pesanan dari Toko yang tidak Dipromosikan,Ada,Atayasetelankaosanak,,,,,Facebook
260601VVQ2X9NU,Tertunda,233992912289626,2026-06-01 13:01:54,,2026-06-01 11:50:31,mimskyolshop_by_elndefafa,236322305,C2C(Non-CB),4439281463,25.000 2kg,302551936532,Normal Product,,Pakaian Wanita,Dress,,31250,1,Komisi Shopee,,31250,,0.00%,0,0.00%,0,0,0,0,0,,0,0.00%,0,100.00%,0,Tertunda,Pesanan sedang diproses. Komisi akan dikonfirmasi setelah pesanan selesai.,Pesanan dari Toko yang tidak Dipromosikan,Ada,rakdapur3,,,,,Facebook
260601VV7D99QC,Tertunda,233992386264715,2026-06-01 12:53:07,,2026-06-01 12:45:19,Ayb Fashion 18,1828313021,C2C(Non-CB),52760626468,new big sale kulot gajah anak nyaman di pakai buat sehari-hari bahan rayon adem,335930405660,Normal Product,,Fashion Bayi & Anak,Pakaian Anak Perempuan,Bawahan,45000,1,Komisi Shopee,,42750,,0.00%,0,0.00%,0,0,0,0,0,,0,0.00%,0,100.00%,0,Tertunda,Pesanan sedang diproses. Komisi akan dikonfirmasi setelah pesanan selesai.,Pesanan dari Toko yang tidak Dipromosikan,Ada,Atayasetelankaosanak,,,,,Facebook
260601VV5F7W6Y,Tertunda,233992321201491,2026-06-01 12:52:01,,2026-06-01 12:27:00,MANGO  ID,1208684304,Preferred(Non-CB),52809748510,"Shampoo Anti Rontok 300ml - Mengurangi Kerontokan, Mengontrol Minyak, Menjaga Kesehatan Kulit Kepala",360861595235,Normal Product,465285505364657_0_0,Perawatan & Kecantikan,Perawatan Rambut,Shampo,0,1,Komisi XTRA,,0,,1.50%,0,2.50%,0,0,1179.9,3933,5112.9,,0,0.00%,0,100.00%,5112.9,Tertunda,Pesanan sedang diproses. Komisi akan dikonfirmasi setelah pesanan selesai.,Pesanan dari Toko yang tidak Dipromosikan,Ada,Atayasetelankaosanak,,,,,Facebook
260601VV5F7W6Y,Tertunda,233992321201491,2026-06-01 12:52:01,,2026-06-01 12:27:00,MANGO  ID,1208684304,Preferred(Non-CB),26125497364,Catok lurus/catok lepek/catok pengeriting/catok keriting rambut/catok lurus murah/catok penglurus rambut/catokan rambut/ Pengker,237528680011,Normal Product,465285505364657_0_0,Perawatan & Kecantikan,Alat Kecantikan,Alat Rambut,82800,1,Komisi XTRA,,78660,,1.50%,1179.9,5.00%,3933,5112.9,0,0,0,,0,0.00%,0,100.00%,0,Tertunda,Pesanan sedang diproses. Komisi akan dikonfirmasi setelah pesanan selesai.,Pesanan dari Toko yang tidak Dipromosikan,Ada,Atayasetelankaosanak,,,,,Facebook
260601VUT9KYD7,Tertunda,233991946210313,2026-06-01 12:45:46,,2026-06-01 12:33:59,OMIPA Bags,1291443216,Preferred(Non-CB),29156440961,OMIPABAGS TAS HP SELEMPANG / TAS SELEMPANG WANITA IMPORT PIOMA MOLLY,217683781293,Normal Product,,Tas Wanita,Tas Selempang & Bahu Wanita,,44555,1,Komisi XTRA,,42327,,1.50%,634.905,0.50%,211.635,846.54,634.905,211.635,846.54,,0,0.00%,0,100.00%,846.54,Tertunda,Pesanan sedang diproses. Komisi akan dikonfirmasi setelah pesanan selesai.,Pesanan dari Toko yang tidak Dipromosikan,Ada,Atayasetelankaosanak,,,,,Facebook
260601VUT033P4,Tertunda,233991936228979,2026-06-01 12:45:37,,2026-05-30 10:26:30,Succesfulshop.id,1158715647,C2C(Non-CB),50103561402,[ CO SESUAI FOTO ] PAKAIAN WANITA & PRIA SWEATSHIRT ( BARANG RATA2 FASHION/TIRUAN ),375996079092,Normal Product,,Pakaian Wanita,Hoodie & Sweatshirt,Sweatshirt,130000,1,Komisi Shopee,,104000,,0.00%,0,0.00%,0,0,0,0,0,,0,0.00%,0,100.00%,0,Tertunda,Pesanan sedang diproses. Komisi akan dikonfirmasi setelah pesanan selesai.,Pesanan dari Toko yang tidak Dipromosikan,Ada,rakdapur3,,,,,Facebook
260601VUSJRTB2,Tertunda,233991922257451,2026-06-01 12:45:23,,2026-06-01 12:39:14,Cirebon.grosir22,1651260843,C2C(Non-CB),57961076025,Celana Kulot Anak Tanggung Mihu Mihu Motif Etnik Gajah Thailand Viral Anak Usia 3 - 12 Tahun dan Dewasa Ukuran Standar,282642740541,Normal Product,,Fashion Bayi & Anak,Pakaian Anak Perempuan,Bawahan,18940,1,Komisi XTRA,,18940,,0.00%,0,4.00%,757.6,757.6,0,757.6,757.6,,0,0.00%,0,100.00%,757.6,Tertunda,Pesanan sedang diproses. Komisi akan dikonfirmasi setelah pesanan selesai.,Pesanan dari Toko yang tidak Dipromosikan,Ada,Atayasetelankaosanak,,,,,Facebook
260601VUAJ465W,Tertunda,233991418250320,2026-06-01 12:36:59,,2026-05-31 16:00:01,toko global teknik,28074603,C2C(Non-CB),27327134546,Besi Bracket Penyangga Tiang Jemuran Bracket Penyangga Tiang Gorden,149030475347,Normal Product,0_464951051579628_1,Perlengkapan Rumah,Organizer Rumah,Gantungan,6275,4,Komisi XTRA,,23845,,0.00%,0,0.50%,119.225,119.225,0,238.45,238.45,,0,0.00%,0,100.00%,238.45,Tertunda,Pesanan sedang diproses. Komisi akan dikonfirmasi setelah pesanan selesai.,Pesanan dari Toko yang tidak Dipromosikan,Ada,rakdapur3,,,,,Facebook
260601VUAJ465W,Tertunda,233991418250320,2026-06-01 12:36:59,,2026-05-31 16:00:01,toko global teknik,28074603,C2C(Non-CB),27327134546,Besi Bracket Penyangga Tiang Jemuran Bracket Penyangga Tiang Gorden,149030475347,Normal Product,0_464951051579628_2,Perlengkapan Rumah,Organizer Rumah,Gantungan,6275,4,Komisi XTRA,,23845,,0.00%,0,0.50%,119.225,119.225,0,0,0,,0,0.00%,0,100.00%,0,Tertunda,Pesanan sedang diproses. Komisi akan dikonfirmasi setelah pesanan selesai.,Pesanan dari Toko yang tidak Dipromosikan,Ada,rakdapur3,,,,,Facebook
260601VUAJ465V,Tertunda,233991418250320,2026-06-01 12:36:59,,2026-05-31 16:00:01,dailyy_store,241634925,Preferred(Non-CB),24158902064,PAKET SHOWER MANDI FREE SELANG HEMAT AIR SHOWER AERATOR 3OO LUBANG,246257967890,Normal Product,,Perlengkapan Rumah,Kamar Mandi,Kepala Shower & Spray Bidet,29792,1,Komisi XTRA,,29792,,1.50%,446.88,1.00%,297.92,744.8,446.88,297.92,744.8,,0,0.00%,0,100.00%,744.8,Tertunda,Pesanan sedang diproses. Komisi akan dikonfirmasi setelah pesanan selesai.,Pesanan dari Toko yang tidak Dipromosikan,Ada,rakdapur3,,,,,Facebook
260601VTRE9FFS,Tertunda,233990810252992,2026-06-01 12:26:51,,2026-06-01 07:37:10,djagostudio,35964172,Preferred(Non-CB),19661252442,BPOM SUPPLEMENT UNTUK KEPUTIHAN/ PERAPAT MS V/ PELANCAR HAID/ KEWANITAAN / HERBAL PERAWAN NATURA NISA,307141777522,Normal Product,,Kesehatan,Perawatan Diri,Kewanitaan,84682,1,Komisi XTRA,,78754,,1.50%,1181.31,0.50%,393.77,1575.08,1181.31,393.77,1575.08,,0,0.00%,0,100.00%,1575.08,Tertunda,Pesanan sedang diproses. Komisi akan dikonfirmasi setelah pesanan selesai.,Pesanan dari Toko yang tidak Dipromosikan,Ada,rakdapur3,,,,,Facebook
260601VTHXBXCK,Tertunda,233990592239846,2026-06-01 12:23:12,,2026-06-01 12:15:16,Cute & Cool Kids,1059598960,Preferred(Non-CB),42180785372,Setelan Anak Laki Laki/Perempuan Gambar Kucing Kicau Mania Anak Usia 1-10 Tahun Lengan Pendek,325905050276,Normal Product,,Fashion Bayi & Anak,Pakaian Anak Perempuan,Jas & Setelan,38220,1,Komisi XTRA,,30935,,1.50%,464.025,4.00%,1237.4,1701.425,464.025,1237.4,1701.425,,0,0.00%,0,100.00%,1701.425,Tertunda,Pesanan sedang diproses. Komisi akan dikonfirmasi setelah pesanan selesai.,Pesanan dari Toko yang tidak Dipromosikan,Ada,setanakfernando,,,,,Others
260601VTFH3X1B,Tertunda,233990511231580,2026-06-01 12:21:51,,2026-06-01 12:17:00,DORINA fashion,265425196,Preferred(Non-CB),51260344274,Setelan Anak Perempuan Kicau Mania V2 Usia 2-12 Tahun Setelan Anak dorinafashion,415908748746,Normal Product,,Fashion Bayi & Anak,Pakaian Anak Perempuan,Jas & Setelan,39000,1,Komisi XTRA,,37050,,1.50%,555.75,2.50%,926.25,1482,555.75,926.25,1482,,0,0.00%,0,100.00%,1482,Tertunda,Pesanan sedang diproses. Komisi akan dikonfirmasi setelah pesanan selesai.,Pesanan dari Toko yang tidak Dipromosikan,Ada,Atayasetelankaosanak,,,,,Facebook
260601VTBM5Q7Y,Tertunda,233990380214829,2026-06-01 12:19:41,,2026-06-01 10:25:31,Followers Com,887114304,Preferred(Non-CB),23519428513,Usus Krispy Pedas Daun Jeruk 500 Gram,240689130960,Normal Product,,Makanan & Minuman,Makanan Ringan,Keripik & Kerupuk,29206,1,Komisi XTRA,,29206,,1.50%,438.09,1.00%,292.06,730.15,438.09,292.06,730.15,,0,0.00%,0,100.00%,730.15,Tertunda,Pesanan sedang diproses. Komisi akan dikonfirmasi setelah pesanan selesai.,Pesanan dari Toko yang tidak Dipromosikan,Ada,benihsayuran,,,,,Facebook
260601VT025MVM,Tertunda,233989992242190,2026-06-01 12:13:16,,2026-06-01 12:08:10,MeeKado,13909352,Preferred(Non-CB),246814241,Buku Belajar Menulis Huruf Tegak Bersambung Untuk PAUD / TK / SD,50332899095,Normal Product,,Buku & Majalah,Buku Bacaan,Buku Anak-Anak,7500,2,Komisi XTRA,,15000,,1.50%,225,0.50%,75,300,225,75,300,,0,0.00%,0,100.00%,300,Tertunda,Pesanan sedang diproses. Komisi akan dikonfirmasi setelah pesanan selesai.,Pesanan dari Toko yang tidak Dipromosikan,Ada,rakdapur3,,,,,Others
260601VSBADHTF,Tertunda,233989296240622,2026-06-01 12:01:40,,2026-06-01 11:48:20,N2SHOP BABY KIDS,768272035,Preferred(Non-CB),24177234073,Set anak fernando,158607299625,Normal Product,,Fashion Bayi & Anak,Pakaian Anak Laki-Laki,Jas & Setelan,30500,1,Komisi Shopee,,27450,,1.50%,411.75,0.00%,0,411.75,823.485,0,823.485,,0,0.00%,0,100.00%,823.485,Tertunda,Pesanan sedang diproses. Komisi akan dikonfirmasi setelah pesanan selesai.,Pesanan Produk dari Toko yang Dipromosikan,Ada,setanakfernando,,,,,Facebook
260601VSBADHTF,Tertunda,233989296240622,2026-06-01 12:01:40,,2026-06-01 11:48:20,N2SHOP BABY KIDS,768272035,Preferred(Non-CB),24177234073,Set anak fernando,158607299634,Normal Product,,Fashion Bayi & Anak,Pakaian Anak Laki-Laki,Jas & Setelan,30500,1,Komisi Shopee,,27449,,1.50%,411.735,0.00%,0,411.735,0,0,0,,0,0.00%,0,100.00%,0,Tertunda,Pesanan sedang diproses. Komisi akan dikonfirmasi setelah pesanan selesai.,Pesanan Produk dari Toko yang Dipromosikan,Ada,setanakfernando,,,,,Facebook
260601VRQ1XBA8,Tertunda,233988616277444,2026-06-01 11:50:23,,2026-05-27 19:54:37,Cinta Rumah Love Home,703279737,Preferred(Non-CB),28788892463,"Pengharum ruangan tahan lama dan wangi otomatis  parfum,pewangi kamar mandi hotel/toilet/kamar tidur pengharum kamar mandi long ",290778992623,Normal Product,,Perlengkapan Rumah,Pengharum Ruangan & Aromaterapi,Pengharum Ruangan,28599,1,Komisi XTRA,,26624,,1.50%,399.36,2.50%,665.6,1064.96,1924.41,5833.96,7758.37,,0,0.00%,0,100.00%,7758.37,Tertunda,Pesanan sedang diproses. Komisi akan dikonfirmasi setelah pesanan selesai.,Pesanan dari Toko yang tidak Dipromosikan,Ada,rakdapur3,,,,,Instagram
260601VRQ1XBA8,Tertunda,233988616277444,2026-06-01 11:50:23,,2026-05-27 19:54:37,Cinta Rumah Love Home,703279737,Preferred(Non-CB),18693028171,Pengharum ruangan toilet kamar mandi rumah tangga penghilang bau aromaterapi padat kamar tidur aroma tahan lama mobil rumah wewa,240728348697,Normal Product,,Perlengkapan Rumah,Pengharum Ruangan & Aromaterapi,Pengharum Ruangan,12147,2,Komisi XTRA,,22617,,1.50%,339.255,6.00%,1357.02,1696.275,0,0,0,,0,0.00%,0,100.00%,0,Tertunda,Pesanan sedang diproses. Komisi akan dikonfirmasi setelah pesanan selesai.,Pesanan dari Toko yang tidak Dipromosikan,Ada,rakdapur3,,,,,Instagram
260601VRQ1XBA8,Tertunda,233988616277444,2026-06-01 11:50:23,,2026-05-27 19:54:37,Cinta Rumah Love Home,703279737,Preferred(Non-CB),18693028171,Pengharum ruangan toilet kamar mandi rumah tangga penghilang bau aromaterapi padat kamar tidur aroma tahan lama mobil rumah wewa,245728358491,Normal Product,,Perlengkapan Rumah,Pengharum Ruangan & Aromaterapi,Pengharum Ruangan,12138,2,Komisi XTRA,,22604,,1.50%,339.06,6.00%,1356.24,1695.3,0,0,0,,0,0.00%,0,100.00%,0,Tertunda,Pesanan sedang diproses. Komisi akan dikonfirmasi setelah pesanan selesai.,Pesanan dari Toko yang tidak Dipromosikan,Ada,rakdapur3,,,,,Instagram
260601VRQ1XBA8,Tertunda,233988616277444,2026-06-01 11:50:23,,2026-05-27 19:54:37,Cinta Rumah Love Home,703279737,Preferred(Non-CB),18693028171,Pengharum ruangan toilet kamar mandi rumah tangga penghilang bau aromaterapi padat kamar tidur aroma tahan lama mobil rumah wewa,276994892090,Normal Product,,Perlengkapan Rumah,Pengharum Ruangan & Aromaterapi,Pengharum Ruangan,16018,2,Komisi XTRA,,29825,,1.50%,447.375,6.00%,1789.5,2236.875,0,0,0,,0,0.00%,0,100.00%,0,Tertunda,Pesanan sedang diproses. Komisi akan dikonfirmasi setelah pesanan selesai.,Pesanan dari Toko yang tidak Dipromosikan,Ada,rakdapur3,,,,,Instagram
260601VRQ1XBA8,Tertunda,233988616277444,2026-06-01 11:50:23,,2026-05-27 19:54:37,Cinta Rumah Love Home,703279737,Preferred(Non-CB),28788892463,"Pengharum ruangan tahan lama dan wangi otomatis  parfum,pewangi kamar mandi hotel/toilet/kamar tidur pengharum kamar mandi long ",260779609224,Normal Product,,Perlengkapan Rumah,Pengharum Ruangan & Aromaterapi,Pengharum Ruangan,28599,1,Komisi XTRA,,26624,,1.50%,399.36,2.50%,665.6,1064.96,0,0,0,,0,0.00%,0,100.00%,0,Tertunda,Pesanan sedang diproses. Komisi akan dikonfirmasi setelah pesanan selesai.,Pesanan dari Toko yang tidak Dipromosikan,Ada,rakdapur3,,,,,Instagram
260601VRP93YMW,Tertunda,233988590247626,2026-06-01 11:49:54,,2026-06-01 11:40:59,Nabila25collection,237168819,Preferred(Non-CB),43180958467,ONE SET ANAK VIRAL MOTIP GAJAH KICAU MANIA USIA 2-12 TAHUN  SETELAN ANAK PEREMPUAN,420934589196,Normal Product,,Fashion Bayi & Anak,Pakaian Anak Perempuan,Jas & Setelan,65000,1,Komisi Shopee,,61750,,1.50%,926.25,0.00%,0,926.25,926.25,0,926.25,,0,0.00%,0,100.00%,926.25,Tertunda,Pesanan sedang diproses. Komisi akan dikonfirmasi setelah pesanan selesai.,Pesanan dari Toko yang tidak Dipromosikan,Ada,Atayasetelankaosanak,,,,,Facebook
260601VQ795E7C,Tertunda,233987013237622,2026-06-01 11:23:33,,2026-06-01 11:00:42,OPPO Indonesia Official Store,13140292,Shopee Mall(Non-CB),40830906708,"[BARU] OPPO A6c 4GB/64GB & 4GB/128GB [7000mAh Large Battery, IP64 Water & Dust Resistance, 120Hz Ultra Bright Display]",360936524668,Normal Product,,Handphone & Aksesoris,Handphone,,2999000,1,Komisi Shopee,,2849050,,0.50%,10000,0.00%,0,10000,10000,0,10000,,0,0.00%,0,100.00%,10000,Tertunda,Pesanan sedang diproses. Komisi akan dikonfirmasi setelah pesanan selesai.,Pesanan dari Toko yang tidak Dipromosikan,Ada,rakdapur3,,,,,Facebook
260601VQ64WSSX,Tertunda,233986975238144,2026-06-01 11:22:55,,2026-06-01 08:31:26,BOXER PRIA PREMIUM,174813718,Preferred(Non-CB),7668948718,celana pendek pria ada saku.boxer panjang 35cm dan 42cm,205765842497,Normal Product,,Pakaian Pria,Pakaian Dalam,Celana Dalam,13900,1,Komisi XTRA,,13204,,1.50%,198.06,1.00%,132.04,330.1,1095.27,730.18,1825.45,,0,0.00%,0,100.00%,1825.45,Tertunda,Pesanan sedang diproses. Komisi akan dikonfirmasi setelah pesanan selesai.,Pesanan dari Toko yang tidak Dipromosikan,Ada,rakdapur3,,,,,Others
260601VQ64WSSX,Tertunda,233986975238144,2026-06-01 11:22:55,,2026-06-01 08:31:26,BOXER PRIA PREMIUM,174813718,Preferred(Non-CB),7668948718,celana pendek pria ada saku.boxer panjang 35cm dan 42cm,205765842505,Normal Product,,Pakaian Pria,Pakaian Dalam,Celana Dalam,12900,1,Komisi XTRA,,12254,,1.50%,183.81,1.00%,122.54,306.35,0,0,0,,0,0.00%,0,100.00%,0,Tertunda,Pesanan sedang diproses. Komisi akan dikonfirmasi setelah pesanan selesai.,Pesanan dari Toko yang tidak Dipromosikan,Ada,rakdapur3,,,,,Others
260601VQ64WSSX,Tertunda,233986975238144,2026-06-01 11:22:55,,2026-06-01 08:31:26,BOXER PRIA PREMIUM,174813718,Preferred(Non-CB),7668948718,celana pendek pria ada saku.boxer panjang 35cm dan 42cm,27045882446,Normal Product,,Pakaian Pria,Pakaian Dalam,Celana Dalam,12800,1,Komisi XTRA,,12159,,1.50%,182.385,1.00%,121.59,303.975,0,0,0,,0,0.00%,0,100.00%,0,Tertunda,Pesanan sedang diproses. Komisi akan dikonfirmasi setelah pesanan selesai.,Pesanan dari Toko yang tidak Dipromosikan,Ada,rakdapur3,,,,,Others
260601VQ64WSSX,Tertunda,233986975238144,2026-06-01 11:22:55,,2026-06-01 08:31:26,BOXER PRIA PREMIUM,174813718,Preferred(Non-CB),7668948718,celana pendek pria ada saku.boxer panjang 35cm dan 42cm,56622869087,Normal Product,,Pakaian Pria,Pakaian Dalam,Celana Dalam,12800,1,Komisi XTRA,,12159,,1.50%,182.385,1.00%,121.59,303.975,0,0,0,,0,0.00%,0,100.00%,0,Tertunda,Pesanan sedang diproses. Komisi akan dikonfirmasi setelah pesanan selesai.,Pesanan dari Toko yang tidak Dipromosikan,Ada,rakdapur3,,,,,Others
260601VQ64WSSX,Tertunda,233986975238144,2026-06-01 11:22:55,,2026-06-01 08:31:26,BOXER PRIA PREMIUM,174813718,Preferred(Non-CB),7668948718,celana pendek pria ada saku.boxer panjang 35cm dan 42cm,56622869091,Normal Product,,Pakaian Pria,Pakaian Dalam,Celana Dalam,12800,1,Komisi XTRA,,12159,,1.50%,182.385,1.00%,121.59,303.975,0,0,0,,0,0.00%,0,100.00%,0,Tertunda,Pesanan sedang diproses. Komisi akan dikonfirmasi setelah pesanan selesai.,Pesanan dari Toko yang tidak Dipromosikan,Ada,rakdapur3,,,,,Others
260601VQ64WSSX,Tertunda,233986975238144,2026-06-01 11:22:55,,2026-06-01 08:31:26,BOXER PRIA PREMIUM,174813718,Preferred(Non-CB),7668948718,celana pendek pria ada saku.boxer panjang 35cm dan 42cm,101204985516,Normal Product,,Pakaian Pria,Pakaian Dalam,Celana Dalam,11662,1,Komisi XTRA,,11083,,1.50%,166.245,1.00%,110.83,277.075,0,0,0,,0,0.00%,0,100.00%,0,Tertunda,Pesanan sedang diproses. Komisi akan dikonfirmasi setelah pesanan selesai.,Pesanan dari Toko yang tidak Dipromosikan,Ada,rakdapur3,,,,,Others
260601VQ3AARMX,Tertunda,233986880231704,2026-06-01 11:21:20,,2026-06-01 11:13:13,CARLOVER OFFICIAL,188379473,Preferred(Non-CB),22486700228,[TOP 1] Parfum Mobil Aromaterapi 70ML Pengharum Dashboard - TERLARIS,247859166611,Normal Product,,Mobil,Aksesoris Interior Mobil,Parfum Mobil,34999,1,Komisi XTRA,,32549,,1.50%,488.235,4.00%,1301.96,1790.195,488.235,1301.96,1790.195,,0,0.00%,0,100.00%,1790.195,Tertunda,Pesanan sedang diproses. Komisi akan dikonfirmasi setelah pesanan selesai.,Pesanan dari Toko yang tidak Dipromosikan,Ada,rakdapur3,,,,,Instagram
260601VPUBQWTU,Tertunda,233986613286299,2026-06-01 11:16:55,,2026-06-01 11:11:12,New Generation Shop,1171821285,Preferred(Non-CB),28000984965,NGZ Stiker Cermin Dinding Anti Pecah Tempel Persegi Rectangular 15X15cm Kotak Mirror Wall Decoration Sticker Square PVC Cermin K,79775982477,Normal Product,,Perlengkapan Rumah,Dekorasi,Cermin,1141,7,Komisi XTRA,,7987,,1.50%,119.805,1.00%,79.87,199.675,119.805,79.87,199.675,,0,0.00%,0,100.00%,199.675,Tertunda,Pesanan sedang diproses. Komisi akan dikonfirmasi setelah pesanan selesai.,Pesanan dari Toko yang tidak Dipromosikan,Ada,rakdapur3,,,,,Facebook
260601VPRRQH2H,Tertunda,233986526233134,2026-06-01 11:15:26,,2026-05-30 23:23:37,pastioriginalmurah,320921217,C2C(Non-CB),40028709284,POM Coffee Station V2 Tamper Station 245x100x77mm Holder Tempat Organizer Coffee Shop Barista,375551680275,Normal Product,,Perlengkapan Rumah,Perlengkapan Dapur,"Peralatan Teh, Kopi, & Bartending",170260,1,Komisi Shopee,,153233,,0.00%,0,0.00%,0,0,0,0,0,,0,0.00%,0,100.00%,0,Tertunda,Pesanan sedang diproses. Komisi akan dikonfirmasi setelah pesanan selesai.,Pesanan dari Toko yang tidak Dipromosikan,Ada,rakdapur3,,,,,Instagram
260601VPRRQH2H,Tertunda,233986526233134,2026-06-01 11:15:26,,2026-05-30 23:23:37,pastioriginalmurah,320921217,C2C(Non-CB),47652649265,POM Knock Box V1 Wadah Ampas Kopi Espresso  Sisa Container Kontainer Tempat Sampah Kotak Pembuangan,360254422456,Normal Product,,Perlengkapan Rumah,Perawatan Rumah,Tempat Sampah,45334,1,Komisi Shopee,,40801,,0.00%,0,0.00%,0,0,0,0,0,,0,0.00%,0,100.00%,0,Tertunda,Pesanan sedang diproses. Komisi akan dikonfirmasi setelah pesanan selesai.,Pesanan dari Toko yang tidak Dipromosikan,Ada,rakdapur3,,,,,Instagram
260601VPDPY5TB,Selesai,233986156297128,2026-06-01 11:09:37,2026-06-02 11:45:22,2026-06-01 10:24:26,Unilever Homecare Official Shop,276953550,Shopee Mall(Non-CB),41708121133,Molto Pelicin & Pewangi Pakaian Trika Pure 300 mL x24,285684995586,Normal Product,,Perlengkapan Rumah,Perawatan Rumah,Perawatan Pakaian,97100,1,Komisi Shopee,,97100,,1.50%,1456.5,0.00%,0,1456.5,1456.5,0,1456.5,,0,0.00%,0,100.00%,1456.5,Selesai,,Pesanan dari Toko yang tidak Dipromosikan,Ada,rakdapur3,,,,,Instagram
260601VNXBSGXN,Tertunda,233985640251663,2026-06-01 11:00:41,,2026-05-31 10:41:37,Raja Sakti ,1679493,Preferred(Non-CB),44705292342,WELHOME WH-EX02 Exhaust Fan 10 inch - Kipas Angin Plafon WH EX02,119596023331,Normal Product,,Elektronik,Peralatan Listrik Besar,Pendingin Ruangan,175000,3,Komisi Shopee,,462000,,0.50%,2310,0.00%,0,2310,2310,0,2310,,0,0.00%,0,100.00%,2310,Tertunda,Pesanan sedang diproses. Komisi akan dikonfirmasi setelah pesanan selesai.,Pesanan dari Toko yang tidak Dipromosikan,Ada,rakdapur3,,,,,Others
260601VNX9U5QS,Tertunda,233985638215215,2026-06-01 11:00:38,,2026-05-31 05:46:36,Ravaya Beauty Official Store,1521842004,Shopee Mall(Non-CB),55458499547,Hanasui Next Level Liplast Cream - Liplast Cream Tahan Lama - Lembut - Melembabkan,287653143593,Normal Product,,Perawatan & Kecantikan,Kosmetik,Kosmetik Bibir,39500,1,Komisi Shopee,,37525,,1.50%,562.875,0.00%,0,562.875,562.875,0,562.875,,0,0.00%,0,100.00%,562.875,Tertunda,Pesanan sedang diproses. Komisi akan dikonfirmasi setelah pesanan selesai.,Pesanan dari Toko yang tidak Dipromosikan,Ada,Atayasetelankaosanak,,,,,Others
260601VNTYYUAR,Tertunda,233985527212425,2026-06-01 10:58:47,,2026-05-31 18:42:56,Yoora Sarah Official,20590772,Preferred(Non-CB),19295823193,Seline Abaya Knit by Yoora Sarah,157435269458,Normal Product,,Fashion Muslim,Pakaian Muslim Wanita,Dress,199900,1,Komisi XTRA,,167916,,1.50%,2518.74,4.00%,6716.64,9235.38,2518.74,6716.64,9235.38,,0,0.00%,0,100.00%,9235.38,Tertunda,Pesanan sedang diproses. Komisi akan dikonfirmasi setelah pesanan selesai.,Pesanan dari Toko yang tidak Dipromosikan,Ada,rakdapur3,,,,,Instagram
260601VNFSE9UP,Tertunda,233985151259390,2026-06-01 10:52:31,,2026-06-01 10:31:36,MINISO INDONESIA ,40847197,Shopee Mall(Non-CB),12397994527,MINISO Tas Kosmetik Cosmetic Bag Tas Alat Makeup Tas Make Up Paket Perjalanan Anti Air Kapasitas Besar Tahan Air Bentuk Berbilan,175400087171,Normal Product,,Perawatan & Kecantikan,Alat Kecantikan,Aksesoris Make Up,29900,1,Komisi XTRA,,29900,,1.50%,448.5,3.00%,897,1345.5,448.5,897,1345.5,,0,0.00%,0,100.00%,1345.5,Tertunda,Pesanan sedang diproses. Komisi akan dikonfirmasi setelah pesanan selesai.,Pesanan dari Toko yang tidak Dipromosikan,Ada,Atayasetelankaosanak,,,,,Facebook
260601VN2TJWVU,Tertunda,233984716248049,2026-06-01 10:45:20,,2026-06-01 10:40:16,Doremi Eduprint,779193135,Preferred(Non-CB),24505628580,Tasbih Digital Kemasan Mika Mini Tally Counter Elektrik Murah,233184330550,Normal Product,,Fashion Muslim,Mukena & Perlengkapan Sholat,Set Perlengkapan Sholat,4950,1,Komisi XTRA,,4950,,1.50%,74.25,5.00%,247.5,321.75,148.5,495,643.5,,0,0.00%,0,100.00%,643.5,Tertunda,Pesanan sedang diproses. Komisi akan dikonfirmasi setelah pesanan selesai.,Pesanan Produk dari Toko yang Dipromosikan,Ada,setanakfernando,,,,,Others
260601VN2TJWVU,Tertunda,233984716248049,2026-06-01 10:45:20,,2026-06-01 10:40:16,Doremi Eduprint,779193135,Preferred(Non-CB),24505628580,Tasbih Digital Kemasan Mika Mini Tally Counter Elektrik Murah,233184330551,Normal Product,,Fashion Muslim,Mukena & Perlengkapan Sholat,Set Perlengkapan Sholat,4950,1,Komisi XTRA,,4950,,1.50%,74.25,5.00%,247.5,321.75,0,0,0,,0,0.00%,0,100.00%,0,Tertunda,Pesanan sedang diproses. Komisi akan dikonfirmasi setelah pesanan selesai.,Pesanan Produk dari Toko yang Dipromosikan,Ada,setanakfernando,,,,,Others
260601VMUF04PX,Tertunda,233984469212624,2026-06-01 10:41:10,,2026-05-31 20:04:04,Tobaking Murah Online,347563410,Preferred(Non-CB),23182735587,Winter Melon Tea Quick Fresh Teh Buah Kundur 570gr,99453165634,Normal Product,,Makanan & Minuman,Minuman,Teh,52800,1,Komisi XTRA,,52800,,1.50%,792,0.50%,264,1056,792,264,1056,,0,0.00%,0,100.00%,1056,Tertunda,Pesanan sedang diproses. Komisi akan dikonfirmasi setelah pesanan selesai.,Pesanan dari Toko yang tidak Dipromosikan,Ada,rakdapur3,,,,,Websites
260601VKXKWN9R,Tertunda,233983502297154,2026-06-01 10:25:23,,2026-06-01 07:40:58,GIIDEEL PLASTIK PACKING,47908531,Preferred(Non-CB),27028403745,GIIDEEL Polymailer Pembungkus Pembalut  Isi 100 Lembar Aman & Higienis Berwarna,247795104237,Normal Product,,Perlengkapan Rumah,Perawatan Rumah,Kantong Plastik  & Kantong Sampah,16428,1,Komisi XTRA,,16428,,1.50%,246.42,3.00%,492.84,739.26,246.42,492.84,739.26,,0,0.00%,0,100.00%,739.26,Tertunda,Pesanan sedang diproses. Komisi akan dikonfirmasi setelah pesanan selesai.,Pesanan dari Toko yang tidak Dipromosikan,Ada,rakdapur3,,,,,Facebook
260601VKH4TNEQ,Tertunda,233983049264965,2026-06-01 10:17:29,,2026-05-31 12:35:06,E29sanitary,51770089,Preferred(Non-CB),27104575875,"LANCIP SOLIGEN / Tang Lancip SOLIGEN 6"" / Long Nose Pliers 6"" SOLIGEN",215220965943,Normal Product,,Perlengkapan Rumah,Alat Pertukangan & Renovasi Rumah,Perkakas,29500,1,Komisi Shopee,,26551,,1.50%,398.265,0.00%,0,398.265,398.265,0,398.265,,0,0.00%,0,100.00%,398.265,Tertunda,Pesanan sedang diproses. Komisi akan dikonfirmasi setelah pesanan selesai.,Pesanan dari Toko yang tidak Dipromosikan,Ada,WallpaperDindingVinyl,,,,,Facebook
260601VKH4TNEP,Tertunda,233983049264965,2026-06-01 10:17:29,,2026-05-31 12:35:06,L10SANITARY,62886108,Preferred(Non-CB),16405447828,Kran Bola Gagang Hitam Soligen YG-618 1/2” 3/4”,142533571270,Normal Product,,Perlengkapan Rumah,Alat Pertukangan & Renovasi Rumah,Bak Cuci Piring & Kran Air,26000,3,Komisi Shopee,,70199,,1.50%,1052.985,0.00%,0,1052.985,1052.985,0,1052.985,,0,0.00%,0,100.00%,1052.985,Tertunda,Pesanan sedang diproses. Komisi akan dikonfirmasi setelah pesanan selesai.,Pesanan dari Toko yang tidak Dipromosikan,Ada,WallpaperDindingVinyl,,,,,Facebook
260601VJY1Y168,Tertunda,233982442280552,2026-06-01 10:07:24,,2026-05-28 15:45:57,FURNIBOX STORE,298734518,Preferred(Non-CB),53154033202,Kaca Pembesar Layar HP Screen Tipis Model Slim Standing Hp Smartphone Amplifier 10 Inch,335382938727,Normal Product,,Handphone & Aksesoris,Aksesoris,"Kabel, Charger, & Konverter",29999,1,Komisi XTRA,,29999,,0.50%,149.995,2.50%,749.975,899.97,149.995,749.975,899.97,,0,0.00%,0,100.00%,899.97,Tertunda,Pesanan sedang diproses. Komisi akan dikonfirmasi setelah pesanan selesai.,Pesanan dari Toko yang tidak Dipromosikan,Ada,rakdapur3,,,,,Facebook
260601VJKDY7J1,Tertunda,233982052216294,2026-06-01 10:00:52,,2026-05-31 12:16:23,Aireen Fashion Trendy,1453295158,Preferred(Non-CB),29037866815,KC Celana Kulot Jennie Knit Pants Kancing 2 Resleting Loose Pants Wanita Highwaist,261964264843,Normal Product,,Pakaian Wanita,Celana Panjang & Legging,Celana Panjang,65500,1,Komisi XTRA,,62225,,1.50%,933.375,7.50%,4666.875,5600.25,933.375,4666.875,5600.25,,0,0.00%,0,100.00%,5600.25,Tertunda,Pesanan sedang diproses. Komisi akan dikonfirmasi setelah pesanan selesai.,Pesanan dari Toko yang tidak Dipromosikan,Ada,dressanakperempuan,,,,,Facebook
260601VHQ5WKMH,Selesai,233981104257266,2026-06-01 09:45:05,2026-06-02 11:45:14,2026-06-01 07:25:58,Unilever Personal Care Official Store,1517647103,Shopee Mall(Non-CB),29236356537,Zwitsal BABY BATH HAIR AND BODY SABUN MANDI BAYI NATURAL ALOE VERA 2 IN 1 300ML,260002547538,Normal Product,,Ibu & Bayi,Perlengkapan Mandi,Perawatan Rambut & Sabun Mandi,33100,1,Komisi XTRA,,29128,,1.50%,436.92,5.00%,1456.4,1893.32,436.92,1456.4,1893.32,,0,0.00%,0,100.00%,1893.32,Selesai,,Pesanan dari Toko yang tidak Dipromosikan,Ada,Atayasetelankaosanak,,,,,Others
260601VHFW8T5J,Tertunda,233980861295323,2026-06-01 09:41:22,,2026-06-01 09:37:29,Dejavu Official Shop,281272694,Shopee Mall(Non-CB),27418392971,Dejavu Keranjang Laundry Dengan Gagang Keranjang Cucian Pakaian Kotor Laundry HSB822,218070268774,Normal Product,,Perlengkapan Rumah,Organizer Rumah,Tas & Keranjang Laundry,47405,1,Komisi XTRA,,42665,,1.50%,639.975,1.50%,639.975,1279.95,3701.835,2172.735,5874.57,,0,0.00%,0,100.00%,5874.57,Tertunda,Pesanan sedang diproses. Komisi akan dikonfirmasi setelah pesanan selesai.,Pesanan dari Toko yang tidak Dipromosikan,Ada,rakdapur3,,,,,Instagram
260601VHFW8T5J,Tertunda,233980861295323,2026-06-01 09:41:22,,2026-06-01 09:37:29,Dejavu Official Shop,281272694,Shopee Mall(Non-CB),27418392971,Dejavu Keranjang Laundry Dengan Gagang Keranjang Cucian Pakaian Kotor Laundry HSB822,242086096190,Normal Product,,Perlengkapan Rumah,Organizer Rumah,Tas & Keranjang Laundry,56905,1,Komisi XTRA,,51214,,1.50%,768.21,1.50%,768.21,1536.42,0,0,0,,0,0.00%,0,100.00%,0,Tertunda,Pesanan sedang diproses. Komisi akan dikonfirmasi setelah pesanan selesai.,Pesanan dari Toko yang tidak Dipromosikan,Ada,rakdapur3,,,,,Instagram
260601VHFW8T5J,Tertunda,233980861295323,2026-06-01 09:41:22,,2026-06-01 09:37:29,Dejavu Official Shop,281272694,Shopee Mall(Non-CB),23771821891,Dejavu Rak Panci Bawah Wastafel Rak Bumbu Susun Dapur Kabinet Tempat Bumbu Tempat Penyimpanan Makanan Meja Dapur  Multifungsi HR,196835507993,Normal Product,,Perlengkapan Rumah,Perlengkapan Dapur,Rak Dapur,169900,1,Komisi XTRA,,152910,,1.50%,2293.65,0.50%,764.55,3058.2,0,0,0,,0,0.00%,0,100.00%,0,Tertunda,Pesanan sedang diproses. Komisi akan dikonfirmasi setelah pesanan selesai.,Pesanan dari Toko yang tidak Dipromosikan,Ada,rakdapur3,,,,,Instagram
260601VHFW8T5H,Tertunda,233980861295323,2026-06-01 09:41:22,,2026-06-01 09:37:29,GarmentMarts,42713734,Preferred(Non-CB),3745075980,Jemuran Baju Handuk Outin Lipat Tekuk Stainless Steel Anti Karat Kuat,232383339856,Normal Product,,Perlengkapan Rumah,Perawatan Rumah,Tali Jemuran & Rak Pengering,125499,1,Komisi XTRA,,125499,,1.50%,1882.485,0.50%,627.495,2509.98,1882.485,627.495,2509.98,,0,0.00%,0,100.00%,2509.98,Tertunda,Pesanan sedang diproses. Komisi akan dikonfirmasi setelah pesanan selesai.,Pesanan dari Toko yang tidak Dipromosikan,Ada,rakdapur3,,,,,Instagram
260601VH6W8FF2,Tertunda,233980559290534,2026-06-01 09:36:20,,2026-05-31 21:34:24,Saninsa Aesthetic,56266064,Preferred(Non-CB),10854967402,Toples Tempat Bumbu Dapur Aesthetic Free Label Waterproof,48787638565,Normal Product,,Perlengkapan Rumah,Perlengkapan Dapur,Tempat Penyimpanan Makanan,8900,3,Komisi XTRA,,19700,,1.50%,295.5,2.50%,492.5,788,295.5,492.5,788,,0,0.00%,0,100.00%,788,Tertunda,Pesanan sedang diproses. Komisi akan dikonfirmasi setelah pesanan selesai.,Pesanan dari Toko yang tidak Dipromosikan,Ada,rakdapur3,,,,,Instagram
260601VGQQTA5X,Tertunda,233980049272584,2026-06-01 09:27:37,,2026-05-31 16:52:37,Implora Official Shop,10960132,Shopee Mall(Non-CB),29250175024,Implora Healthy Glow Cushion | Cushion Wajah Glowing Ringan,245920303115,Normal Product,464116003397676_0_0,Perawatan & Kecantikan,Kosmetik,Kosmetik Wajah,54700,1,Komisi XTRA,,42465,,1.50%,636.975,4.25%,1804.7625,2441.7375,636.975,1804.7625,2441.7375,,0,0.00%,0,100.00%,2441.7375,Tertunda,Pesanan sedang diproses. Komisi akan dikonfirmasi setelah pesanan selesai.,Pesanan dari Toko yang tidak Dipromosikan,Ada,rakdapur3,,,,,Instagram
260601VGQQTA5X,Tertunda,233980049272584,2026-06-01 09:27:37,,2026-05-31 16:52:37,Implora Official Shop,10960132,Shopee Mall(Non-CB),18890314812,[GIFT] Implora Whitening Milky Serum Ampoule - Not For Sale,49673128492,Normal Product,464116003397676_0_0,Perawatan & Kecantikan,Perawatan Wajah,Serum & Essence Wajah,0,1,Komisi Shopee,,0,,1.50%,0,0.00%,0,0,0,0,0,,0,0.00%,0,100.00%,0,Tertunda,Pesanan sedang diproses. Komisi akan dikonfirmasi setelah pesanan selesai.,Pesanan dari Toko yang tidak Dipromosikan,Ada,rakdapur3,,,,,Instagram
260601VFV2S0F7,Tertunda,233979121247579,2026-06-01 09:12:05,,2026-06-01 07:38:03,CozyLuna Home,1629893302,Preferred(Non-CB),28342337035,[COZYLUNA HOME] Sprei Set King Queen Motif Bunga Cantik Bahan Katun  Poliester  Full Karet Anti Geser Anti Slip Ukuran 160x200 |,425705458466,Normal Product,,Perlengkapan Rumah,Kamar Tidur,"Sprei, Sarung Bantal, & Sarung Guling",91742,1,Komisi XTRA,,87154,,1.50%,1307.31,5.00%,4357.7,5665.01,1307.31,4357.7,5665.01,,0,0.00%,0,100.00%,5665.01,Tertunda,Pesanan sedang diproses. Komisi akan dikonfirmasi setelah pesanan selesai.,Pesanan dari Toko yang tidak Dipromosikan,Ada,Atayasetelankaosanak,,,,,Facebook
260601VFRDG7BK,Belum Dibayar,233978998279925,2026-06-01 09:10:06,,2026-06-01 08:56:04,M.ALfatihshop,294819107,Preferred(Non-CB),10086058528,Rak Dapur Rak bumbu serbaguna tempat bumbu dapur,115314010809,Normal Product,,Perlengkapan Rumah,Perlengkapan Dapur,Rak Dapur,76500,1,Komisi XTRA,,72675,,0.00%,0,0.00%,0,0,0,0,0,,0,0.00%,0,100.00%,0,Belum Dibayar,Pesanan sedang menunggu pembayaran dari Pembeli.,Pesanan dari Toko yang tidak Dipromosikan,Ada,rakdapur3,,,,,Facebook
260601VFREEMCA,Tertunda,233978999260149,2026-06-01 09:10:00,,2026-06-01 09:03:19,Galeri A&A,750999642,Preferred(Non-CB),17672693794,Papan Cuci Melisa L Deluxe Lucky Star Large,173083943185,Normal Product,,Perlengkapan Rumah,Perawatan Rumah,Perawatan Pakaian,26000,1,Komisi Shopee,,26000,,1.50%,390,0.00%,0,390,390,0,390,,0,0.00%,0,100.00%,390,Tertunda,Pesanan sedang diproses. Komisi akan dikonfirmasi setelah pesanan selesai.,Pesanan dari Toko yang tidak Dipromosikan,Ada,Atayasetelankaosanak,,,,,Others
260601VFJ83UV5,Tertunda,233978792296305,2026-06-01 09:06:53,,2026-05-31 20:06:55,MITRA JAYA PARTS,252658531,Preferred(Non-CB),10562730239,[BAYAR DITEMPAT] Baling Baling Kipas Angin UNIVERSAL Ukuran 6/10/12/ 16 inch,67602928230,Normal Product,,Elektronik,Peralatan Listrik Besar,Pendingin Ruangan,15500,1,Komisi XTRA,,15500,,0.50%,77.5,0.50%,77.5,155,77.5,77.5,155,,0,0.00%,0,100.00%,155,Tertunda,Pesanan sedang diproses. Komisi akan dikonfirmasi setelah pesanan selesai.,Pesanan dari Toko yang tidak Dipromosikan,Ada,rakdapur3,,,,,Facebook
260601VDJG4AJH,Tertunda,233976652219365,2026-06-01 08:30:52,,2026-05-31 22:22:10,NIKOHOME Official Store,1586673828,Shopee Mall(Non-CB),53750212425,NIKOHOME  Rak Sepatu Plastik Multifungsi Plastik Kuat 4-9 Susun Tempat Sendal Serbaguna Rak Susun,400020452918,Normal Product,,Perlengkapan Rumah,Furniture,Rak & Rak Gantung,57599,2,Komisi Shopee,,112894,,1.50%,1693.41,0.00%,0,1693.41,1693.41,0,1693.41,,0,0.00%,0,100.00%,1693.41,Tertunda,Pesanan sedang diproses. Komisi akan dikonfirmasi setelah pesanan selesai.,Pesanan dari Toko yang tidak Dipromosikan,Ada,rakdapur3,,,,,Facebook
260601VDG03C5G,Tertunda,233976569299683,2026-06-01 08:29:50,,2026-05-28 05:45:05,sarae.bdg,104246935,Preferred(Non-CB),57156120757,Benang Poly Thick Onitsuga / Benang Rajut Polyster / Hook 3.00mm,375570327755,Normal Product,,Hobi & Koleksi,Hobi & Koleksi Lainnya,,15500,4,Komisi Shopee,,57886,,1.50%,868.29,0.00%,0,868.29,868.29,0,868.29,,0,0.00%,0,100.00%,868.29,Tertunda,Pesanan sedang diproses. Komisi akan dikonfirmasi setelah pesanan selesai.,Pesanan dari Toko yang tidak Dipromosikan,Ada,rakdapur3,,,,,Instagram
260601VDCWUNJY,Tertunda,233976465288168,2026-06-01 08:27:47,,2026-05-30 21:48:36,Kenz_07,194424182,Preferred(Non-CB),25331357555,Lem Epoxy AB Kuat Metal Casting Glue Penambal Besi Radiator Anti Bocor,147319630372,Normal Product,,Perlengkapan Rumah,Alat Pertukangan & Renovasi Rumah,Perekat & Tape,13348,2,Komisi Shopee,,18687,,1.50%,280.305,0.00%,0,280.305,280.305,0,280.305,,0,0.00%,0,100.00%,280.305,Tertunda,Pesanan sedang diproses. Komisi akan dikonfirmasi setelah pesanan selesai.,Pesanan dari Toko yang tidak Dipromosikan,Ada,rakdapur3,,,,,Facebook
260601VDBRKEDM,Tertunda,233976426215995,2026-06-01 08:27:06,,2026-05-30 21:57:34,QnH store,299145453,Preferred(Non-CB),27556414295,Naya DRES kain rayon busui frendly adem nyaman,365861255250,Normal Product,,Fashion Muslim,Pakaian Muslim Wanita,Dress,65000,1,Komisi XTRA,,58500,,1.50%,877.5,5.00%,2925,3802.5,1755,5850,7605,,0,0.00%,0,100.00%,7605,Tertunda,Pesanan sedang diproses. Komisi akan dikonfirmasi setelah pesanan selesai.,Pesanan dari Toko yang tidak Dipromosikan,Ada,rakdapur3,,,,,Others
260601VDBRKEDM,Tertunda,233976426215995,2026-06-01 08:27:06,,2026-05-30 21:57:34,QnH store,299145453,Preferred(Non-CB),27556414295,Naya DRES kain rayon busui frendly adem nyaman,365861255251,Normal Product,,Fashion Muslim,Pakaian Muslim Wanita,Dress,65000,1,Komisi XTRA,,58500,,1.50%,877.5,5.00%,2925,3802.5,0,0,0,,0,0.00%,0,100.00%,0,Tertunda,Pesanan sedang diproses. Komisi akan dikonfirmasi setelah pesanan selesai.,Pesanan dari Toko yang tidak Dipromosikan,Ada,rakdapur3,,,,,Others
260601VCEYB2H1,Tertunda,233975460200486,2026-06-01 08:11:01,,2026-06-01 06:12:50,Reni_Bandung,386384588,Preferred(Non-CB),25565832656,Usia 2-16 Tahun Celana Anak Anak Chino Anak Ngaret Meral Stret,194936128328,Normal Product,,Fashion Bayi & Anak,Pakaian Anak Laki-Laki,Bawahan,45582,1,Komisi XTRA,,43302,,1.50%,649.53,0.50%,216.51,866.04,649.53,216.51,866.04,,0,0.00%,0,100.00%,866.04,Tertunda,Pesanan sedang diproses. Komisi akan dikonfirmasi setelah pesanan selesai.,Pesanan dari Toko yang tidak Dipromosikan,Ada,rakdapur3,,,,,Facebook
260601VC8BPR64,Tertunda,233975239291638,2026-06-01 08:07:40,,2026-06-01 07:26:33,Baju Viral,766963841,Preferred(Non-CB),53910656597,Celana kulot anak Motif Gajah / celana anak perempuan umur 1_6 tahun.,340971731552,Normal Product,,Fashion Bayi & Anak,Pakaian Anak Perempuan,Bawahan,18000,1,Komisi XTRA,,17100,,1.50%,256.5,1.00%,171,427.5,769.5,513,1282.5,,0,0.00%,0,100.00%,1282.5,Tertunda,Pesanan sedang diproses. Komisi akan dikonfirmasi setelah pesanan selesai.,Pesanan dari Toko yang tidak Dipromosikan,Ada,Atayasetelankaosanak,,,,,Facebook
260601VC8BPR64,Tertunda,233975239291638,2026-06-01 08:07:40,,2026-06-01 07:26:33,Baju Viral,766963841,Preferred(Non-CB),53910656597,Celana kulot anak Motif Gajah / celana anak perempuan umur 1_6 tahun.,340971731553,Normal Product,,Fashion Bayi & Anak,Pakaian Anak Perempuan,Bawahan,18000,1,Komisi XTRA,,17100,,1.50%,256.5,1.00%,171,427.5,0,0,0,,0,0.00%,0,100.00%,0,Tertunda,Pesanan sedang diproses. Komisi akan dikonfirmasi setelah pesanan selesai.,Pesanan dari Toko yang tidak Dipromosikan,Ada,Atayasetelankaosanak,,,,,Facebook
260601VC8BPR64,Tertunda,233975239291638,2026-06-01 08:07:40,,2026-06-01 07:26:33,Baju Viral,766963841,Preferred(Non-CB),53910656597,Celana kulot anak Motif Gajah / celana anak perempuan umur 1_6 tahun.,340971731554,Normal Product,,Fashion Bayi & Anak,Pakaian Anak Perempuan,Bawahan,18000,1,Komisi XTRA,,17100,,1.50%,256.5,1.00%,171,427.5,0,0,0,,0,0.00%,0,100.00%,0,Tertunda,Pesanan sedang diproses. Komisi akan dikonfirmasi setelah pesanan selesai.,Pesanan dari Toko yang tidak Dipromosikan,Ada,Atayasetelankaosanak,,,,,Facebook
260601VC33SW1X,Tertunda,233975062235686,2026-06-01 08:04:22,,2026-06-01 08:02:54,BOSS BANDUNG,1351876007,Preferred(Non-CB),42280978827,ONESET ANAK VIRAL MOTIF GAJAH KICAU MANIA 2-12 TAHUN SETELAN ANAK UNISEX MODEL TERBARU,410938067093,Normal Product,,Fashion Bayi & Anak,Pakaian Anak Perempuan,Jas & Setelan,46500,1,Komisi XTRA,,43244,,1.50%,648.66,10.00%,4324.4,4973.06,1192.725,7951.5,9144.225,,0,0.00%,0,100.00%,9144.225,Tertunda,Pesanan sedang diproses. Komisi akan dikonfirmasi setelah pesanan selesai.,Pesanan Produk dari Toko yang Dipromosikan,Ada,Atayasetelankaosanak,,,,,Others
260601VC33SW1X,Tertunda,233975062235686,2026-06-01 08:04:22,,2026-06-01 08:02:54,BOSS BANDUNG,1351876007,Preferred(Non-CB),42280978827,ONESET ANAK VIRAL MOTIF GAJAH KICAU MANIA 2-12 TAHUN SETELAN ANAK UNISEX MODEL TERBARU,405938067326,Normal Product,,Fashion Bayi & Anak,Pakaian Anak Perempuan,Jas & Setelan,39000,1,Komisi XTRA,,36271,,1.50%,544.065,10.00%,3627.1,4171.165,0,0,0,,0,0.00%,0,100.00%,0,Tertunda,Pesanan sedang diproses. Komisi akan dikonfirmasi setelah pesanan selesai.,Pesanan Produk dari Toko yang Dipromosikan,Ada,Atayasetelankaosanak,,,,,Others
260601VC1CHH34,Tertunda,233975004286344,2026-06-01 08:03:25,,2026-06-01 07:55:57,La Vienne,16493167,Preferred(Non-CB),23912485546,La Vienne - Danifah - Anting Titanium Wanita Anti Karat - Perhiasan Perempuan Elegan dan Mewah,128338470945,Normal Product,,Aksesoris Fashion,Anting,,66640,1,Komisi XTRA,,57325,,1.50%,859.875,9.00%,5159.25,6019.125,859.875,5159.25,6019.125,,0,0.00%,0,100.00%,6019.125,Tertunda,Pesanan sedang diproses. Komisi akan dikonfirmasi setelah pesanan selesai.,Pesanan dari Toko yang tidak Dipromosikan,Ada,rakdapur3,,,,,Others
260601VBYSYKAS,Tertunda,233974951273231,2026-06-01 08:02:38,,2026-05-31 10:46:39,arumiid,60308050,C2C(Non-CB),13908311131,Deodorant Spray Tawas by ARUMI 60ml mencegah Bau Badan,172510065729,Normal Product,,Perawatan & Kecantikan,Perawatan Tubuh,Deodoran,12500,4,Komisi XTRA,,47500,,0.00%,0,4.00%,1900,1900,0,1900,1900,,0,0.00%,0,100.00%,1900,Tertunda,Pesanan sedang diproses. Komisi akan dikonfirmasi setelah pesanan selesai.,Pesanan dari Toko yang tidak Dipromosikan,Ada,dressanakperempuan,,,,,Others
260601VBP9S94U,Tertunda,233974633293925,2026-06-01 07:57:35,,2026-06-01 07:53:36,HasbyKids,1429444861,C2C(Non-CB),47560805158,Setelan Anak Perempuan Terbaru Motif Gajah Thailand Untuk Usia 3-12 Tahun,310942719020,Normal Product,,Fashion Bayi & Anak,Pakaian Anak Perempuan,Jas & Setelan,36287,1,Komisi XTRA,,34472,,0.00%,0,5.00%,1723.6,1723.6,0,1723.6,1723.6,,0,0.00%,0,100.00%,1723.6,Tertunda,Pesanan sedang diproses. Komisi akan dikonfirmasi setelah pesanan selesai.,Pesanan dari Toko yang tidak Dipromosikan,Ada,Atayasetelankaosanak,,,,,Others
260601VBN6FYYC,Tertunda,233974596290863,2026-06-01 07:56:57,,2026-06-01 07:55:31,bajuanaknusantara,1240101037,C2C(Non-CB),50360097492,One set anak Gajah thailand viral 2-9thn/Baju anak kekinian/setelan anak perempuan/baju anak gajah,395887592197,Normal Product,,Fashion Bayi & Anak,Pakaian Anak Perempuan,Jas & Setelan,33480,1,Komisi XTRA,,31806,,0.00%,0,11.00%,3498.66,3498.66,0,3498.66,3498.66,,0,0.00%,0,100.00%,3498.66,Tertunda,Pesanan sedang diproses. Komisi akan dikonfirmasi setelah pesanan selesai.,Pesanan Produk dari Toko yang Dipromosikan,Ada,Atayasetelankaosanak,,,,,Others
260601VBBKBQHQ,Tertunda,233974273246303,2026-06-01 07:51:17,,2026-06-01 07:41:11,ameela.kl,229160283,Preferred(Non-CB),19793779490,Atasan Tunik Motif colorful - Naila Mini Dress Tunik Katun Motif by Ameela.kl,157041710707,Normal Product,,Fashion Muslim,Pakaian Muslim Wanita,Atasan,190000,1,Komisi XTRA,,166500,,1.50%,2497.5,2.50%,4162.5,6660,2497.5,4162.5,6660,,0,0.00%,0,100.00%,6660,Tertunda,Pesanan sedang diproses. Komisi akan dikonfirmasi setelah pesanan selesai.,Pesanan dari Toko yang tidak Dipromosikan,Ada,rakdapur3,,,,,Threads
260601VBB703AU,Tertunda,233974260277566,2026-06-01 07:51:07,,2026-06-01 07:17:18,Finally Found You Official Store,856580029,Shopee Mall(Non-CB),50555404293,[Amanda Zahra's Pick] Finally Found You! BLACK RICE+ AI High-Concentrated Brightening Body Soap | Sabun Pencerah Badan & Kulit K,350493179650,Normal Product,,Perawatan & Kecantikan,Perawatan Tubuh,Sabun Mandi,45900,1,Komisi XTRA,,34320,,1.50%,514.8,0.50%,171.6,686.4,514.8,171.6,686.4,,0,0.00%,0,100.00%,686.4,Tertunda,Pesanan sedang diproses. Komisi akan dikonfirmasi setelah pesanan selesai.,Pesanan dari Toko yang tidak Dipromosikan,Ada,rakdapur3,,,,,Others
260601VASWUQ3T,Tertunda,233973680272823,2026-06-01 07:41:28,,2026-06-01 07:39:42,bjsberkah,169559509,Preferred(Non-CB),43631169567,BJSBERKAH/ Setelan Baju Anak Motif Gajah Thailand Baju Anak Perempuan dan Laki-laki Celana mihu mihu 3-12 Tahun,375968512320,Normal Product,,Fashion Bayi & Anak,Pakaian Anak Perempuan,Jas & Setelan,59000,1,Komisi XTRA,,56050,,1.50%,840.75,5.00%,2802.5,3643.25,840.75,2802.5,3643.25,,0,0.00%,0,100.00%,3643.25,Tertunda,Pesanan sedang diproses. Komisi akan dikonfirmasi setelah pesanan selesai.,Pesanan dari Toko yang tidak Dipromosikan,Ada,Atayasetelankaosanak,,,,,Others
260601VAPVKN6M,Tertunda,233973579296181,2026-06-01 07:40:00,,2026-06-01 07:27:07,BABAYA_STORE,1271458672,Preferred(Non-CB),44364856202,Kebaya modern motif bunga timbul kancing hias gold rantai - kebaya wisuda - kebaya pesta,177280098600,Normal Product,,Pakaian Wanita,Pakaian Tradisional,Set Pakaian Tradisional,145530,1,Komisi XTRA,,130977,,1.50%,1964.655,1.00%,1309.77,3274.425,1964.655,1309.77,3274.425,,0,0.00%,0,100.00%,3274.425,Tertunda,Pesanan sedang diproses. Komisi akan dikonfirmasi setelah pesanan selesai.,Pesanan dari Toko yang tidak Dipromosikan,Ada,Atayasetelankaosanak,,,,,Facebook
260601VAG5011K,Belum Dibayar,233973352200757,2026-06-01 07:35:53,,2026-05-26 10:43:46,HTC MUSLIM Official,7438346,Preferred(Non-CB),26163501287,(PAKET 6 PCS) Tisyuqu Facial 200 Sheets 2 Ply Tisu Tisue Wajah,233301210804,Normal Product,,Perlengkapan Rumah,Perawatan Rumah,Tisu & Tisu Kertas,27740,1,Komisi XTRA,,23740,,0.00%,0,0.00%,0,0,0,0,0,,0,0.00%,0,100.00%,0,Belum Dibayar,Pesanan sedang menunggu pembayaran dari Pembeli.,Pesanan Produk dari Toko yang Dipromosikan,Ada,rakdapur3,,,,,Others
260601VA0N2XFW,Tertunda,233972832201150,2026-06-01 07:27:12,,2026-06-01 07:22:43,Bengkel Fantasi Case,1300597983,C2C(Non-CB),40731064273,Casing HP Cermin Anti Shock Airbag Pola hati dari huruf-huruf bahasa Inggris Untuk iPhone 12 Pro 15 7 Plus 14 Pro Max 11 XS Max ,370951040132,Normal Product,,Handphone & Aksesoris,Aksesoris,Casing & Skin,4999,1,Komisi Shopee,,4999,,0.00%,0,0.00%,0,0,0,0,0,,0,0.00%,0,100.00%,0,Tertunda,Pesanan sedang diproses. Komisi akan dikonfirmasi setelah pesanan selesai.,Pesanan dari Toko yang tidak Dipromosikan,Ada,Atayasetelankaosanak,,,,,Facebook
260601VA0N2XFW,Tertunda,233972832201150,2026-06-01 07:27:12,,2026-06-01 07:22:43,Bengkel Fantasi Case,1300597983,C2C(Non-CB),42431214559,Casing HP Cermin Anti Shock Airbag Pola bunga kecil yang segar Untuk iPhone 12 Pro 15 7 Plus 14 Pro Max 11 XS Max 13 Pro 15 Pro ,234695289693,Normal Product,,Handphone & Aksesoris,Aksesoris,Casing & Skin,4999,1,Komisi Shopee,,4999,,0.00%,0,0.00%,0,0,0,0,0,,0,0.00%,0,100.00%,0,Tertunda,Pesanan sedang diproses. Komisi akan dikonfirmasi setelah pesanan selesai.,Pesanan dari Toko yang tidak Dipromosikan,Ada,Atayasetelankaosanak,,,,,Facebook
260601VA0N2XFW,Tertunda,233972832201150,2026-06-01 07:27:12,,2026-06-01 07:22:43,Bengkel Fantasi Case,1300597983,C2C(Non-CB),54360595115,Casing HP Cermin Anti Shock Airbag Motif kucing kecil berwarna merah muda Untuk iPhone 12 Pro 15 7 Plus 14 Pro Max 11 XS Max 13 ,405927855307,Normal Product,,Handphone & Aksesoris,Aksesoris,Casing & Skin,4999,1,Komisi Shopee,,4749,,0.00%,0,0.00%,0,0,0,0,0,,0,0.00%,0,100.00%,0,Tertunda,Pesanan sedang diproses. Komisi akan dikonfirmasi setelah pesanan selesai.,Pesanan dari Toko yang tidak Dipromosikan,Ada,Atayasetelankaosanak,,,,,Facebook
260601V9VBTQA4,Tertunda,233972688280132,2026-06-01 07:24:50,,2026-06-01 07:24:24,BOSS BANDUNG,1351876007,Preferred(Non-CB),42280978827,ONESET ANAK VIRAL MOTIF GAJAH KICAU MANIA 2-12 TAHUN SETELAN ANAK UNISEX MODEL TERBARU,405938067326,Normal Product,,Fashion Bayi & Anak,Pakaian Anak Perempuan,Jas & Setelan,39000,1,Komisi XTRA,,36290,,1.50%,544.35,10.00%,3629,4173.35,544.35,3629,4173.35,,0,0.00%,0,100.00%,4173.35,Tertunda,Pesanan sedang diproses. Komisi akan dikonfirmasi setelah pesanan selesai.,Pesanan Produk dari Toko yang Dipromosikan,Ada,Atayasetelankaosanak,,,,,Others
260601V8PMEJST,Tertunda,233971422256261,2026-06-01 07:03:43,,2026-05-27 22:30:59,Northmarch Official Store,1238215607,Shopee Mall(Non-CB),43177373758,Northmarch Rak Piring Wastafel Dapur Stainless Steel Multi-fungsi Dengan Penutup Rak Piring Tertutup,307270769548,Normal Product,,Perlengkapan Rumah,Perlengkapan Dapur,Rak Dapur,549999,1,Komisi XTRA,,483999,,1.50%,7259.985,6.00%,29039.94,36299.925,7259.985,29039.94,36299.925,,0,0.00%,0,100.00%,36299.925,Tertunda,Pesanan sedang diproses. Komisi akan dikonfirmasi setelah pesanan selesai.,Pesanan Produk dari Toko yang Dipromosikan,Ada,rakdapur3,,,,,Instagram
260601V875H04S,Tertunda,233970904292204,2026-06-01 06:55:25,,2026-05-31 22:01:29,fhraprn,373358523,Preferred(Non-CB),29980249155,Semprotan perawat mulut menenangkan gigi yang kurang sehat,242943278118,Normal Product,,Kesehatan,Perawatan Diri,Perawatan Mulut,29998,1,Komisi Shopee,,24292,,1.50%,364.38,0.00%,0,364.38,364.38,0,364.38,,0,0.00%,0,100.00%,364.38,Tertunda,Pesanan sedang diproses. Komisi akan dikonfirmasi setelah pesanan selesai.,Pesanan dari Toko yang tidak Dipromosikan,Ada,rakdapur3,,,,,Facebook
260601V7P40990,Tertunda,233970331263181,2026-06-01 06:45:31,,2026-05-28 12:39:31,Hangersemesta,30424624,C2C(Non-CB),56709381262,"Tabitha Kontainer Box 16, 23, 30, 45, 52, 82 Liter OB82 Kualitas Tebal Warna Menarik dengan Roda untuk Penyimpanan Praktis",89264393966,Normal Product,,Perlengkapan Rumah,Organizer Rumah,"Box, Tas, & Keranjang Penyimpanan",65999,4,Komisi XTRA,,233536,,0.00%,0,1.50%,3503.04,3503.04,0,3503.04,3503.04,,0,0.00%,0,100.00%,3503.04,Tertunda,Pesanan sedang diproses. Komisi akan dikonfirmasi setelah pesanan selesai.,Pesanan dari Toko yang tidak Dipromosikan,Ada,rakdapur3,,,,,Others
260601V786MNMB,Tertunda,233969864270386,2026-06-01 06:37:51,,2026-06-01 06:32:04,NajwaFashionMuslim,67693195,Preferred(Non-CB),29084797083,NAJWA - LANGSUNG KIRIM  Setelan Anak Perempuan Kalena Motif Flora Terlaris / Fashion Oneset Anak Perempuan Atasan dan Celana Pan,300077403054,Normal Product,,Fashion Bayi & Anak,Pakaian Anak Perempuan,Jas & Setelan,37999,1,Komisi XTRA,,36099,,1.50%,541.485,10.00%,3609.9,4151.385,541.485,3609.9,4151.385,,0,0.00%,0,100.00%,4151.385,Tertunda,Pesanan sedang diproses. Komisi akan dikonfirmasi setelah pesanan selesai.,Pesanan Produk dari Toko yang Dipromosikan,Ada,Atayasetelankaosanak,,,,,Others
260601V6FXAFMP,Tertunda,233969050246197,2026-06-01 06:24:14,,2026-05-31 05:42:07,BOSS BANDUNG,1351876007,Preferred(Non-CB),42280978827,ONESET ANAK VIRAL MOTIF GAJAH KICAU MANIA 2-12 TAHUN SETELAN ANAK UNISEX MODEL TERBARU,410938067106,Normal Product,,Fashion Bayi & Anak,Pakaian Anak Perempuan,Jas & Setelan,34000,1,Komisi XTRA,,31809,,1.50%,477.135,10.00%,3180.9,3658.035,1655.85,11039,12694.85,,0,0.00%,0,100.00%,12694.85,Tertunda,Pesanan sedang diproses. Komisi akan dikonfirmasi setelah pesanan selesai.,Pesanan Produk dari Toko yang Dipromosikan,Ada,Atayasetelankaosanak,,,,,Others
260601V6FXAFMP,Tertunda,233969050246197,2026-06-01 06:24:14,,2026-05-31 05:42:07,BOSS BANDUNG,1351876007,Preferred(Non-CB),42280978827,ONESET ANAK VIRAL MOTIF GAJAH KICAU MANIA 2-12 TAHUN SETELAN ANAK UNISEX MODEL TERBARU,410938067108,Normal Product,,Fashion Bayi & Anak,Pakaian Anak Perempuan,Jas & Setelan,39000,1,Komisi XTRA,,36484,,1.50%,547.26,10.00%,3648.4,4195.66,0,0,0,,0,0.00%,0,100.00%,0,Tertunda,Pesanan sedang diproses. Komisi akan dikonfirmasi setelah pesanan selesai.,Pesanan Produk dari Toko yang Dipromosikan,Ada,Atayasetelankaosanak,,,,,Others
260601V6FXAFMP,Tertunda,233969050246197,2026-06-01 06:24:14,,2026-05-31 05:42:07,BOSS BANDUNG,1351876007,Preferred(Non-CB),42280978827,ONESET ANAK VIRAL MOTIF GAJAH KICAU MANIA 2-12 TAHUN SETELAN ANAK UNISEX MODEL TERBARU,410938067110,Normal Product,,Fashion Bayi & Anak,Pakaian Anak Perempuan,Jas & Setelan,45000,1,Komisi XTRA,,42097,,1.50%,631.455,10.00%,4209.7,4841.155,0,0,0,,0,0.00%,0,100.00%,0,Tertunda,Pesanan sedang diproses. Komisi akan dikonfirmasi setelah pesanan selesai.,Pesanan Produk dari Toko yang Dipromosikan,Ada,Atayasetelankaosanak,,,,,Others
260601V63DRU1B,Tertunda,233968630236328,2026-06-01 06:17:10,,2026-05-31 06:35:34,YOU Beauty Official Store,72375863,Shopee Mall(Non-CB),29527354316,YOU Sunbrella 2% Niacinamide Brightening Sunscreen Cooling Sunscreen Sunscreen Sensasi Dingin Sunscreen SPF 50,285677251145,Normal Product,,Perawatan & Kecantikan,Perawatan Wajah,Sunscreen Wajah,59800,1,Komisi XTRA,,51129,,1.50%,766.935,4.00%,2045.16,2812.095,766.935,2045.16,2812.095,,0,0.00%,0,100.00%,2812.095,Tertunda,Pesanan sedang diproses. Komisi akan dikonfirmasi setelah pesanan selesai.,Pesanan dari Toko yang tidak Dipromosikan,Ada,rakdapur3,,,,,Facebook
260601V5TDRUE9,Tertunda,233968328240306,2026-06-01 06:12:12,,2026-05-31 06:48:07,CitrusHill Toko Tani Masa Kini,80206392,Preferred(Non-CB),16013513581,CitrusHill AJIR LENGKUNG AJIR PENYANGGA TANAMAN MODERN PIPA - 11mm X 120 cm DAN 11mm X 150cm - PLANT STAKE LANJARAN PENYANGGA TA,78416039050,Normal Product,,Perlengkapan Rumah,Taman,Taman Lainnya,40999,2,Komisi XTRA,,77898,,1.50%,1168.47,1.50%,1168.47,2336.94,1168.47,1168.47,2336.94,,0,0.00%,0,100.00%,2336.94,Tertunda,Pesanan sedang diproses. Komisi akan dikonfirmasi setelah pesanan selesai.,Pesanan dari Toko yang tidak Dipromosikan,Ada,rakdapur3,,,,,Others
260601V3VRN3V5,Tertunda,233966259286372,2026-06-01 05:37:41,,2026-06-01 02:11:06,mainan alfaqih,9543076,Preferred(Non-CB),258394136,Mainan Edukasi Anak Papan Balok Warna Geometri Bertingkat / Mainan Shape Sorter Susun Balok Warna,31160311096,Normal Product,,Ibu & Bayi,Mainan,Mainan Edukatif,54999,1,Komisi XTRA,,52248,,1.50%,783.72,5.00%,2612.4,3396.12,783.72,2612.4,3396.12,,0,0.00%,0,100.00%,3396.12,Tertunda,Pesanan sedang diproses. Komisi akan dikonfirmasi setelah pesanan selesai.,Pesanan dari Toko yang tidak Dipromosikan,Ada,rakdapur3,,,,,Instagram
260601V3MTXP2E,Tertunda,233965993250691,2026-06-01 05:33:13,,2026-05-31 17:26:01,Solvex dan Fumetax Official Store,1021469828,Preferred(Non-CB),18881547678,SOLVEX Kran Air SUS 304 Keran Dapur Angsa Kran Sink Tanam US-KS2001B-B,405183627861,Normal Product,,Perlengkapan Rumah,Alat Pertukangan & Renovasi Rumah,Bak Cuci Piring & Kran Air,44450,1,Komisi XTRA,,42227,,1.50%,633.405,1.50%,633.405,1266.81,633.405,633.405,1266.81,,0,0.00%,0,100.00%,1266.81,Tertunda,Pesanan sedang diproses. Komisi akan dikonfirmasi setelah pesanan selesai.,Pesanan dari Toko yang tidak Dipromosikan,Ada,Atayasetelankaosanak,,,,,Facebook
260601V2S505R1,Tertunda,233965064268089,2026-06-01 05:17:45,,2026-05-31 15:14:16,Inovasi Wallpaper,1417601764,Preferred(Non-CB),42213907607,Inovasi Wallpaper - Wallpaper Dinding Vinyl Marble Roll 1.2 X 2.8 Meter ( Roll Jumbo ) Tebal 2.5 Mm,306148898232,Normal Product,,Perlengkapan Rumah,Dekorasi,Wallpaper & Stiker Dinding,112100,2,Komisi XTRA,,189295,,1.50%,2839.425,5.00%,9464.75,12304.175,2839.425,9464.75,12304.175,,0,0.00%,0,100.00%,12304.175,Tertunda,Pesanan sedang diproses. Komisi akan dikonfirmasi setelah pesanan selesai.,Pesanan dari Toko yang tidak Dipromosikan,Ada,WallpaperDindingVinyl,,,,,Facebook
260601URU91MTD,Tertunda,233954398203165,2026-06-01 02:19:59,,2026-05-31 11:27:00,SKINTIFIC Official Store,380266264,Shopee Mall(Non-CB),44952459726,[SKINTIFIC] 10% Vitamin C Brightening Serum|VC Serum Wajah Pencerah Cocok untuk Kulit Berminyak / Kering / Kusam Mencerahkan & T,420309800964,Normal Product,0_463374182015188_1,Perawatan & Kecantikan,Perawatan Wajah,Serum & Essence Wajah,189585.18518,1,Komisi Shopee,,139534.18518,,1.50%,2093.01277,0.00%,0,2093.01277,2958.71999,0,2958.71999,,0,0.00%,0,100.00%,2958.71999,Tertunda,Pesanan sedang diproses. Komisi akan dikonfirmasi setelah pesanan selesai.,Pesanan dari Toko yang tidak Dipromosikan,Ada,Atayasetelankaosanak,,,,,Facebook
260601URU91MTD,Tertunda,233954398203165,2026-06-01 02:19:59,,2026-05-31 11:27:00,SKINTIFIC Official Store,380266264,Shopee Mall(Non-CB),41504019596,SKINTIFlC - Brightening Lip Serum tinted lip balm lip gloss tahan lama lip care ice sheer color lip serum bibir hitam menjadi pi,49916780261,Normal Product,0_463374182015188_1,Perawatan & Kecantikan,Perawatan Wajah,Treatment Bibir,78414.81481,1,Komisi Shopee,,57713.81481,,1.50%,865.70722,0.00%,0,865.70722,0,0,0,,0,0.00%,0,100.00%,0,Tertunda,Pesanan sedang diproses. Komisi akan dikonfirmasi setelah pesanan selesai.,Pesanan dari Toko yang tidak Dipromosikan,Ada,Atayasetelankaosanak,,,,,Facebook
260601URCG1EEF,Tertunda,233953902218940,2026-06-01 02:11:42,,2026-06-01 02:07:54,BAJU RENANG INDONESIA,783312652,Preferred(Non-CB),47310850214,Setelan Gajah Thailand Viral Anak Cewek Cowo Umur 1-9 Tahun Best Seller,400945613118,Normal Product,,Fashion Bayi & Anak,Pakaian Anak Laki-Laki,Jas & Setelan,42930,1,Komisi XTRA,,40784,,1.50%,611.76,12.00%,4894.08,5505.84,1223.505,9788.04,11011.545,,0,0.00%,0,100.00%,11011.545,Tertunda,Pesanan sedang diproses. Komisi akan dikonfirmasi setelah pesanan selesai.,Pesanan Produk dari Toko yang Dipromosikan,Ada,Atayasetelankaosanak,,,,,Others
260601URCG1EEF,Tertunda,233953902218940,2026-06-01 02:11:42,,2026-06-01 02:07:54,BAJU RENANG INDONESIA,783312652,Preferred(Non-CB),47310850214,Setelan Gajah Thailand Viral Anak Cewek Cowo Umur 1-9 Tahun Best Seller,400945613154,Normal Product,,Fashion Bayi & Anak,Pakaian Anak Laki-Laki,Jas & Setelan,42930,1,Komisi XTRA,,40783,,1.50%,611.745,12.00%,4893.96,5505.705,0,0,0,,0,0.00%,0,100.00%,0,Tertunda,Pesanan sedang diproses. Komisi akan dikonfirmasi setelah pesanan selesai.,Pesanan Produk dari Toko yang Dipromosikan,Ada,Atayasetelankaosanak,,,,,Others
260601UHFP9032,Tertunda,233946493222904,2026-06-01 00:08:14,,2026-05-31 15:59:24,avrilliamagdalena,5707412,C2C(Non-CB),24950863409,AMBYARANN PARFUMM,340995192431,Normal Product,,Perawatan & Kecantikan,Parfum & Wewangian,,155000,1,Komisi XTRA,,124000,,0.00%,0,3.50%,4340,4340,0,4340,4340,,0,0.00%,0,100.00%,4340,Tertunda,Pesanan sedang diproses. Komisi akan dikonfirmasi setelah pesanan selesai.,Pesanan dari Toko yang tidak Dipromosikan,Ada,rakdapur3,,,,,Others
260601UH4V3MTU,Tertunda,233946130245665,2026-06-01 00:02:14,,2026-05-31 05:22:30,Finally Found You Official Store,856580029,Shopee Mall(Non-CB),24064685065,[Manohara's Pick] Finally Found You! HYDRICEING & BRIGHTENING Essence Booster - Serum Infused Toner Untuk Semua Jenis Kulit 100m,168593163634,Normal Product,,Perawatan & Kecantikan,Perawatan Wajah,Toner,129000,1,Komisi XTRA,,100800,,1.50%,1512,0.50%,504,2016,1512,504,2016,,0,0.00%,0,100.00%,2016,Tertunda,Pesanan sedang diproses. Komisi akan dikonfirmasi setelah pesanan selesai.,Pesanan dari Toko yang tidak Dipromosikan,Ada,rakdapur3,,,,,Instagram
