Klik ID,Waktu Klik,Wilayah Klik,Tag_link,Perujuk
0da98f9d854991d18978e467b4e74ddd,2026-06-04 23:56:31,Indonesia,rakdapur3----,Others
2e3c9da9efcd6aea1b23b463da86639c,2026-06-04 23:56:25,Indonesia,rakdapur3----,Websites
1bbca0a998db2132678e500415789bb4,2026-06-04 23:55:29,-,Atayasetelankaosanak----,Facebook
a996a114405d643b6ac9c6f6b1632756,2026-06-04 23:54:09,-,rakdapur3----,Threads
5cda7a01a31b47c4bd9e1bba803783c7,2026-06-04 23:49:37,Indonesia,Atayasetelankaosanak----,Websites
f27d4d1d5e7c1bc2eba068df9ae51280,2026-06-04 23:49:13,Indonesia,rakdapur3----,Instagram
3a10d9babe75b2f525391bdd92399c3c,2026-06-04 23:48:12,Indonesia,Atayasetelankaosanak----,Instagram
505800b04cd828515695369b38e070ac,2026-06-04 23:45:21,Indonesia,Atayasetelankaosanak----,Others
14f3c236db265e231f90d238826a7605,2026-06-04 23:45:12,Indonesia,Atayasetelankaosanak----,Instagram
56c844b40950dbadce03066452396017,2026-06-04 23:44:49,Indonesia,Atayasetelankaosanak----,Facebook
3b52456e6f4a9de05ff8ccbedfd4873c,2026-06-04 23:44:48,Indonesia,rakdapur3----,Others
127112a8455cd7994c2cc7b315aa5d05,2026-06-04 23:44:44,Indonesia,Atayasetelankaosanak----,Websites
a106d9d4bdf5b147337e18486c886bb2,2026-06-04 23:44:27,Indonesia,Atayasetelankaosanak----,Instagram
b2651a2cfd418be576d0019b90a01473,2026-06-04 23:44:24,Indonesia,rakdapur3----,Threads
7e9f52112a3f03b4a4417c9def6524da,2026-06-04 23:44:24,Indonesia,rakdapur3----,Threads
f1c30cfc90dc8fdbcc4aa77d346c3c14,2026-06-04 23:43:22,Indonesia,Atayasetelankaosanak----,Facebook
f20d1df5ab8a7317a653331c9be7fcc9,2026-06-04 23:39:19,Australia,rakdapur3----,Threads
7f7deca4cf2f7498ff612ad75fd746d9,2026-06-04 23:37:50,Indonesia,rakdapur3----,Facebook
2541a99e9678a97e61f6648d70ec91fb,2026-06-04 23:37:01,Indonesia,Atayasetelankaosanak----,Facebook
2934f0545e5178d4762b964ece435dca,2026-06-04 23:34:27,Indonesia,Atayasetelankaosanak----,Instagram
e4d78828b07acc8c45015c7cb379e7a1,2026-06-04 23:34:21,Indonesia,rakdapur3----,Facebook
564fa01f26c6fea93b9f3d7e0303aade,2026-06-04 23:33:51,Indonesia,Atayasetelankaosanak----,Instagram
b7756b0120c7d59db140c8693e74d968,2026-06-04 23:32:40,Indonesia,Atayasetelankaosanak----,Facebook
2030e4aabdfc50c94fe708739856c190,2026-06-04 23:32:17,Indonesia,heels----,Facebook
a5c4e11cf7398bd495cffc7ceeea3ec7,2026-06-04 23:29:15,Indonesia,rakdapur3----,Facebook
10b74977f90e044e604a3f1cec79f89c,2026-06-04 23:29:03,Indonesia,rakdapur3----,Facebook
f41b4a2b306abcda7d69c8278074bf33,2026-06-04 23:28:37,Indonesia,rakdapur3----,Facebook
ee8b6e8479004c9ec60c277d98fc752d,2026-06-04 23:26:55,Indonesia,rakdapur3----,Facebook
0d98043f5e20620d8c932c5ec3720c68,2026-06-04 23:24:20,-,Atayasetelankaosanak----,Facebook
6126e7c0070b609c8cb4287513d1b114,2026-06-04 23:21:35,-,Atayasetelankaosanak----,Facebook
d5138afc3505393cf70fd1818e02c28c,2026-06-04 23:21:32,Indonesia,Atayasetelankaosanak----,Facebook
9f1a9c09a0c9949cd2f76970e6633c8a,2026-06-04 23:16:43,Indonesia,rakdapur3----,Others
91177fd4c04a7cb0284a6388fee54846,2026-06-04 23:15:31,Indonesia,rakdapur3----,Instagram
83030a00b2180445cbd7d14e9d0b6c55,2026-06-04 23:15:31,-,Atayasetelankaosanak----,Facebook
1722fa8dd16b945f1a79d2aaaf5185a0,2026-06-04 23:15:23,Indonesia,rakdapur3----,Others
90940a84aedc4db6e1a603dcbaa8644c,2026-06-04 23:14:09,Indonesia,rakdapur3----,Others
cf6844df2cdfe9550af56c2b106cff7c,2026-06-04 23:14:00,Indonesia,Atayasetelankaosanak----,Facebook
8e9c4bda3003f70e8a85690c3a7849c6,2026-06-04 23:13:48,-,rakdapur3----,Facebook
60177d9c380f10eb64cb58af020644bf,2026-06-04 23:13:47,Indonesia,Atayasetelankaosanak----,Facebook
e2b7f71f977d50b9977e8ffb132ff86f,2026-06-04 23:13:39,Indonesia,rakdapur3----,Others
d7bed183a1ec7b1063d713ef77c14881,2026-06-04 23:12:47,Indonesia,rakdapur3----,Instagram
c326450c887403a850791dedd9a7e8e9,2026-06-04 23:12:19,Indonesia,Atayasetelankaosanak----,Facebook
144f90d448628facb1322a8bf3eb6aca,2026-06-04 23:10:03,-,Atayasetelankaosanak----,Instagram
295cbe8b27ee4766e2b41bb051c1ceb2,2026-06-04 23:08:16,Indonesia,Atayasetelankaosanak----,Facebook
9c3711764b038137eade63bc079a87f9,2026-06-04 23:07:30,Indonesia,Atayasetelankaosanak----,Websites
7512b09ac573e150d98517cc7ae63d85,2026-06-04 23:07:25,Indonesia,Atayasetelankaosanak----,Websites
4559dd08ed64cc30abdbae227d0288cb,2026-06-04 23:07:16,Indonesia,rakdapur3----,Facebook
ae0b3bd709fda14f552010002a6584d8,2026-06-04 23:06:28,-,Atayasetelankaosanak----,Facebook
d3bd8694d96b288c1cc624c8577dab0f,2026-06-04 23:05:15,Indonesia,rakdapur3----,Instagram
2e624827e4a19e1b5a5ac6f0cd4f6ab1,2026-06-04 23:03:43,Indonesia,Atayasetelankaosanak----,Facebook
bca35b1a80f4aced65d56b0bd800fc8a,2026-06-04 23:03:22,Indonesia,rakdapur3----,Websites
572e77ce59bf3d0ec58590e4f56b7e46,2026-06-04 23:02:04,Indonesia,rakdapur3----,Websites
4ef8a710330ddcdcb9ec98e3daa12bb2,2026-06-04 23:00:51,Indonesia,Atayasetelankaosanak----,Facebook
ce4feb6e1e2fabfe6297f6b4a072e2ab,2026-06-04 23:00:42,-,rakdapur3----,Facebook
4ca94ccd5aac8cd81a3fc8d3ecb5beed,2026-06-04 22:59:55,Indonesia,Atayasetelankaosanak----,Facebook
d12467035d672274ac0a06b84b61d718,2026-06-04 22:56:03,Indonesia,rakdapur3----,Others
a19b0bf4cb694e548b48225d9ae5d59f,2026-06-04 22:55:43,Indonesia,rakdapur3----,Instagram
ae5a4918040193e5c7f481d02db2930f,2026-06-04 22:55:40,Indonesia,rakdapur3----,Facebook
f5c51ea24df2746fc608192c21317a4a,2026-06-04 22:55:11,Indonesia,Atayasetelankaosanak----,Facebook
402d02e8fc674f0f4136abaf0864736f,2026-06-04 22:53:14,Indonesia,rakdapur3----,Threads
403325e629a3c70f684e2d771ae8b7e6,2026-06-04 22:53:06,Indonesia,rakdapur3----,Websites
46ddbe0159a39ebaabe808285f5a37f7,2026-06-04 22:51:57,Indonesia,rakdapur3----,Others
6148704863523e6eb72546e0332e3c61,2026-06-04 22:51:35,Indonesia,Atayasetelankaosanak----,Facebook
18305d0e3297e059a4d2d4798e728f24,2026-06-04 22:51:34,Indonesia,rakdapur3----,Others
25aad30a828eecb71382ad1462c2637d,2026-06-04 22:51:24,Indonesia,rakdapur3----,Facebook
271e247b5f57efa5f4b9e29dfacd0833,2026-06-04 22:50:50,Indonesia,rakdapur3----,Websites
991d2d15191e98332c3243ffaac6688c,2026-06-04 22:50:45,Indonesia,rakdapur3----,Instagram
e13167373f38c0998654793cd6d53363,2026-06-04 22:50:33,-,Atayasetelankaosanak----,Facebook
6b539bb9a63a77d36f8880805e00f00b,2026-06-04 22:50:07,Indonesia,rakdapur3----,Websites
7c1e5effd80c73c1c887e4e7a8e17fc0,2026-06-04 22:50:04,Indonesia,rakdapur3----,Websites
b83c1bd82d865ec75d2fae758f15ac56,2026-06-04 22:50:01,Indonesia,rakdapur3----,Websites
5dadd75d42898880b6588b83c8265a71,2026-06-04 22:48:57,Indonesia,rakdapur3----,Instagram
20a75f9f3d407e343a91a7fd6c2e8723,2026-06-04 22:48:29,Indonesia,rakdapur3----,Instagram
749abaa60b029a8729d0facf8ab5b4f6,2026-06-04 22:46:55,Indonesia,rakdapur3----,Instagram
333a707b66d772d3cff751718e92ff4f,2026-06-04 22:46:26,Indonesia,rakdapur3----,Facebook
9eeae0acdc05d9ac2638bda9527f2565,2026-06-04 22:46:14,Indonesia,rakdapur3----,Facebook
cd8185a232c2b843019bfa7353636a3e,2026-06-04 22:45:21,Indonesia,Atayasetelankaosanak----,Websites
47eb6d4e8906d030b514a48d09a1f5fc,2026-06-04 22:44:45,Indonesia,rakdapur3----,Facebook
e01be21050db859a490264e2802968f6,2026-06-04 22:44:31,Indonesia,rakdapur3----,Others
2d3e4cdb40e257441c139a15d7f30fd7,2026-06-04 22:44:30,Indonesia,rakdapur3----,Websites
e2823892340beb47eccae293f8229f67,2026-06-04 22:44:22,Indonesia,rakdapur3----,Others
7659429e87dc0d95e82b090e618a5f1d,2026-06-04 22:44:20,Indonesia,rakdapur3----,Others
379fdab62283e4db3e4f4f045699a956,2026-06-04 22:44:12,Indonesia,rakdapur3----,Others
419313904b12097d7b6f0e5c4fe13528,2026-06-04 22:44:08,Indonesia,rakdapur3----,Websites
6ab105b952379fda7cbd65a27a9f660f,2026-06-04 22:44:04,Indonesia,rakdapur3----,Websites
8e1cada2a9601715ed98302c87b92a5b,2026-06-04 22:41:12,-,Atayasetelankaosanak----,Facebook
ba1b4e61461d3955b5a24192b81631dc,2026-06-04 22:37:43,Indonesia,rakdapur3----,Instagram
506f097a74a8dc39c572be209bdee32a,2026-06-04 22:37:39,Indonesia,rakdapur3----,Instagram
c76aadb40ddf639d1505edcb48016d0c,2026-06-04 22:34:58,-,rakdapur3----,Facebook
c8a259993e36cd0517fe2a5e93674457,2026-06-04 22:33:46,Indonesia,Atayasetelankaosanak----,Facebook
07531af066025d5af83285dd84443d13,2026-06-04 22:29:42,Indonesia,rakdapur3----,Facebook
937dfc28810409f28d186c68407c10e3,2026-06-04 22:28:40,-,rakdapur3----,Facebook
ca49c7887edc5270ebe19aa99dc00519,2026-06-04 22:28:15,-,rakdapur3----,Facebook
2cf93c0753e4ac605eceb3142e0a1dfd,2026-06-04 22:27:41,-,rakdapur3----,Facebook
231b501979e0a364ec81a33ab081aceb,2026-06-04 22:26:50,Indonesia,rakdapur3----,Instagram
0705dde48949b629565983fd56003be7,2026-06-04 22:26:31,Indonesia,rakdapur3----,Others
f375cd5b636d8c9b401fb4d556501c4d,2026-06-04 22:26:23,Indonesia,rakdapur3----,Instagram
04dd064172754ce5fe3ef59ea3001d66,2026-06-04 22:25:20,Indonesia,Atayasetelankaosanak----,Facebook
bbfa817cbfc9db0e53bc23e4b770e367,2026-06-04 22:22:55,Indonesia,Atayasetelankaosanak----,Facebook
6da41a779b987e192980f2fa03b0d5a7,2026-06-04 22:21:52,Indonesia,rakdapur3----,Facebook
eac2d8a7d3acd5bbf79fedde7096af9a,2026-06-04 22:21:36,Indonesia,rakdapur3----,Instagram
e7ff61a9da6d5798aba4cc07b82afa88,2026-06-04 22:21:31,Hong Kong,rakdapur3----,Facebook
fac8bf8152846728e614fe3a8d6a114b,2026-06-04 22:20:34,Indonesia,rakdapur3----,Websites
4e238c3dd2d237ce471ad7b758a01c93,2026-06-04 22:20:03,Indonesia,rakdapur3----,Others
f18f202a20df21e39ff230fb4755b710,2026-06-04 22:19:34,Indonesia,rakdapur3----,Instagram
20bac0582ae99edc3d3421cceee214da,2026-06-04 22:17:12,Indonesia,rakdapur3----,Instagram
d4c0818f27369c7d9ced1f6d030970ab,2026-06-04 22:15:37,-,rakdapur3----,Instagram
c9c253d17fa0c4e4bcebe083c8ab217e,2026-06-04 22:11:29,Indonesia,rakdapur3----,Websites
510fb349cd21846426e25914577da6ae,2026-06-04 22:10:47,Indonesia,rakdapur3----,Others
37b32fbc39a2f67a83f0e16d571340e3,2026-06-04 22:10:24,Indonesia,rakdapur3----,Threads
0851e341d054da6e22776c7c3ba188ff,2026-06-04 22:09:37,Indonesia,rakdapur3----,Facebook
9e8f52509b9056644bd28006d60919f3,2026-06-04 22:08:01,Indonesia,rakdapur3----,Facebook
0cefdeae9f4e4bcc1f022f874da4f75f,2026-06-04 22:05:05,Indonesia,rakdapur3----,Instagram
869e1501c22cdc6789332d02a5e44bdf,2026-06-04 22:04:46,Indonesia,Atayasetelankaosanak----,Facebook
69beb9164bcddd6dc4fcbe0f0980d760,2026-06-04 22:04:24,Indonesia,rakdapur3----,Instagram
e0418436ab68fe9c7963d81eec967102,2026-06-04 22:02:46,Indonesia,rakdapur3----,Instagram
e55181078464edac0b00539034af6ec9,2026-06-04 21:59:58,Indonesia,rakdapur3----,Instagram
3392918adde55238a1a7ad589c583b74,2026-06-04 21:57:57,Indonesia,Atayasetelankaosanak----,Facebook
dae53962b6f04d243697c78620ce98a6,2026-06-04 21:54:27,Indonesia,rakdapur3----,Facebook
235bf6333ed0592a8c16074d08e3c8b3,2026-06-04 21:53:27,-,Atayasetelankaosanak----,Others
12830c5ae541048ba5ceed3a94dafb39,2026-06-04 21:51:07,-,Atayasetelankaosanak----,Facebook
b8ea14d7688db5e413eb25aa26f8e61a,2026-06-04 21:50:01,Indonesia,Atayasetelankaosanak----,Facebook
c991f98edf633e0e120790f30da26167,2026-06-04 21:49:11,Indonesia,rakdapur3----,Facebook
22bc541621127dccfc4a482876826797,2026-06-04 21:47:55,Indonesia,rakdapur3----,Facebook
737d91c46eaa41274101875811e5b1dd,2026-06-04 21:47:10,Indonesia,Atayasetelankaosanak----,Facebook
91af232bba96b865cebede98a1060397,2026-06-04 21:46:19,Indonesia,Atayasetelankaosanak----,Facebook
437af8fab04eb4e00e56b0f42f91624c,2026-06-04 21:45:55,Indonesia,rakdapur3----,Websites
7420d15ba4539b042858f3fa68a567c1,2026-06-04 21:45:33,Indonesia,rakdapur3----,Facebook
0aa01bdd24d0c66ee7a0c73b01cd1036,2026-06-04 21:40:09,Indonesia,rakdapur3----,Websites
5c7a1fd7fea999cc299341cc33228770,2026-06-04 21:39:23,Indonesia,Atayasetelankaosanak----,Facebook
339f767139b133340f55abd9efa8935b,2026-06-04 21:37:39,Indonesia,rakdapur3----,Others
01fd3152f9e8f51929ca65b753f082be,2026-06-04 21:36:56,Indonesia,rakdapur3----,Websites
59f688f5ee14add2df647abc0b7843c2,2026-06-04 21:35:12,Indonesia,rakdapur3----,Websites
de90181418a7a0d30749fced7d40f024,2026-06-04 21:35:09,Indonesia,rakdapur3----,Websites
45064bf4cf98521372c6d912104f7488,2026-06-04 21:34:45,Indonesia,Atayasetelankaosanak----,Facebook
efda7d62d9b2f0eb420813aded1856fc,2026-06-04 21:32:21,Indonesia,rakdapur3----,Websites
15c8c16867b84b612cba64f528fd8157,2026-06-04 21:32:09,Indonesia,rakdapur3----,Others
c92d21db0657d17cfb8d8b9241790112,2026-06-04 21:31:55,Indonesia,rakdapur3----,Instagram
a742ef55c627ad465d85d31bd511cd15,2026-06-04 21:31:50,Indonesia,rakdapur3----,Instagram
e5dbcd213ad7bb881077f0a00130424f,2026-06-04 21:30:08,Indonesia,Atayasetelankaosanak----,Facebook
d8352cfc441c1e0932f85b9a0307d80e,2026-06-04 21:29:50,-,Atayasetelankaosanak----,Facebook
870058bc7b39f168d8688bbbcdc684ef,2026-06-04 21:27:01,Indonesia,Atayasetelankaosanak----,Facebook
4c966f8afcdce1b2de73d49d1bc9c8b0,2026-06-04 21:22:51,Indonesia,Atayasetelankaosanak----,Instagram
889ab3057467040b27ed5c0d5b0b75c5,2026-06-04 21:21:56,Indonesia,rakdapur3----,Instagram
3e9ddc44817dfe91168aa43969240323,2026-06-04 21:19:21,Indonesia,Atayasetelankaosanak----,Others
525b5295e992961c46c6e1d8628c47b5,2026-06-04 21:18:50,Indonesia,Atayasetelankaosanak----,Facebook
a62f2cd50e9cc95ec93aa810d487461d,2026-06-04 21:18:34,Indonesia,Atayasetelankaosanak----,Facebook
98fa1743020b982e1fdfba8a19d7c8a4,2026-06-04 21:17:57,Indonesia,rakdapur3----,Instagram
bc81acdcbeec66c3bd5211f73052a658,2026-06-04 21:16:48,-,Atayasetelankaosanak----,Facebook
4d159775d6f7003c145f883a3e2dbf4e,2026-06-04 21:16:29,Indonesia,Atayasetelankaosanak----,Facebook
6645eb9fa9894200d7f970784a67ad93,2026-06-04 21:14:14,Indonesia,rakdapur3----,Websites
0517405c79f23cd1b8c431afdee50187,2026-06-04 21:14:12,Indonesia,rakdapur3----,Websites
34907c25e4faadf67b46c1207a3063cf,2026-06-04 21:13:35,Indonesia,Atayasetelankaosanak----,Facebook
666edee7fab1aabdf2e0341b6cdbc1b5,2026-06-04 21:10:40,Indonesia,Atayasetelankaosanak----,Facebook
c5c7e3cec142660684663e32f8d806c1,2026-06-04 21:10:28,Indonesia,Atayasetelankaosanak----,Instagram
aa6f519884c5828e326ccd3b6ca7efb1,2026-06-04 21:09:58,Indonesia,Atayasetelankaosanak----,Facebook
fa99262466d6d376eb288edceda985e2,2026-06-04 21:08:36,Indonesia,rakdapur3----,Websites
50a4625712d87bb171ef7c79efa899eb,2026-06-04 21:08:31,Indonesia,rakdapur3----,Websites
37d13d617e79f6d6b46e2ac10647e30e,2026-06-04 21:06:22,-,Atayasetelankaosanak----,Instagram
6ea932d02b4cd9b064ea3a0f367fce4d,2026-06-04 21:03:16,Indonesia,rakdapur3----,Instagram
d44a01d0a56de8fba94ce25fa9371db5,2026-06-04 20:54:08,United States of America,Atayasetelankaosanak----,Facebook
0a8e7757d1afc97e885095f79a27bd5b,2026-06-04 20:52:54,Indonesia,rakdapur3----,Facebook
3ff53c7ec19a09f4f97ee8e047878b4a,2026-06-04 20:50:45,Hong Kong,Atayasetelankaosanak----,Threads
058049ba754606aa076055328e62a8cb,2026-06-04 20:40:08,-,soca-iklan-tt--,Websites
ba51697fc762f803a161d057f78a862f,2026-06-04 20:24:46,Indonesia,Atayasetelankaosanak----,Facebook
6f68adc88472eb25b872111a9c5402f5,2026-06-04 20:12:02,Indonesia,Atayasetelankaosanak----,Facebook
6d3d6c2205bbb283c8a37e8885ed8016,2026-06-04 20:02:42,Indonesia,Atayasetelankaosanak----,Instagram
caaa4ec6cf269acc386ebf1fe0c16f94,2026-06-04 19:36:36,Indonesia,Atayasetelankaosanak----,Facebook
06dd5af323eb53147de2acf3a6b5a481,2026-06-04 19:24:34,Indonesia,Atayasetelankaosanak----,Facebook
ef9047996584a73d4cc5131b70f2c1a9,2026-06-04 18:56:56,Indonesia,katalog-rak---,Others
4d61479f7c6696d20bde06aac1748785,2026-06-04 18:39:43,Australia,katalog-rak---,Others
695f8e656b3dd5117da6cc73559614f6,2026-06-04 18:39:22,Australia,katalog-rak---,Others
01cca7cdbc65952026c6391012fdd95d,2026-06-04 18:30:41,-,Atayasetelankaosanak----,Facebook
0a5f60e514ee02b8d34ff18a3a95c6c8,2026-06-04 18:28:04,Indonesia,Atayasetelankaosanak----,Facebook
3a64e393b4c4ff24075041c7d2394fda,2026-06-04 17:48:46,Indonesia,rakdapur3----,Facebook
0ed422cbdf9479dbc5eecbc3c5af5cc1,2026-06-04 17:27:50,Indonesia,katalog-rak---,Others
caa2aaf0bd8426028c1dbf97adc39233,2026-06-04 17:26:25,Indonesia,Atayasetelankaosanak----,Facebook
2e646399976ce73bdedfa9e8ae849030,2026-06-04 17:11:18,Indonesia,Atayasetelankaosanak----,Facebook
77e7957662f21518a34dbd655dfa42f3,2026-06-04 17:08:20,Indonesia,katalog-rak---,Others
e24777c75048420ee275b3fdc98614a5,2026-06-04 17:04:53,Indonesia,rakdapur3----,Websites
6bab26f0904dad72e72db2cc8db0a41c,2026-06-04 17:03:33,Indonesia,katalog-rak---,Others
2644882458db2988267f8a62995716fc,2026-06-04 16:36:58,Indonesia,Atayasetelankaosanak----,Facebook
f89818bcf6cb1a850fb8351ce4b27daa,2026-06-04 16:35:13,Indonesia,rakdapur3----,Facebook
22a9dca097c91798bc9e9c72912fa1f7,2026-06-04 16:30:18,Indonesia,rakdapur3----,Facebook
6cd70e2e15fbe4945918227b3d2d0661,2026-06-04 16:22:25,-,Atayasetelankaosanak----,Facebook
65d3ce18f54decb15278dda779059660,2026-06-04 16:08:24,Indonesia,rakdapur3----,Instagram
b4d56a67ff754c6d424ede350117fa04,2026-06-04 16:07:17,Indonesia,Atayasetelankaosanak----,Facebook
a63aba8c50d8310a0d2cf5fca695a545,2026-06-04 16:05:56,Indonesia,Atayasetelankaosanak----,Facebook
cb4e17b7d497e00c778ebfb2601633cd,2026-06-04 16:05:09,Indonesia,Atayasetelankaosanak----,Facebook
831be131fef550b95f63f1a85be4aec9,2026-06-04 15:54:57,Indonesia,Atayasetelankaosanak----,Facebook
d2056ce93d96211f8a72b7f4e9ce544a,2026-06-04 15:53:34,Indonesia,Atayasetelankaosanak----,Facebook
9b562ebb23d6ef808ec4493ed4d6c59b,2026-06-04 15:49:42,-,Atayasetelankaosanak----,Facebook
b04a7b8bfed20b6b7d5f4b9da76923b0,2026-06-04 15:42:18,Indonesia,Atayasetelankaosanak----,Facebook
7c36aa7e07e6dea1da5c4b8c90dd0d30,2026-06-04 15:31:38,Indonesia,Atayasetelankaosanak----,Facebook
a31dac15e040225d5ce1c5707abe5f9a,2026-06-04 15:29:57,Indonesia,rakdapur3----,Websites
2e96621dd398e1a3c6131755238675b7,2026-06-04 15:08:35,Indonesia,Atayasetelankaosanak----,Facebook
205bd49c917412a6ef4ea00ab0cc415c,2026-06-04 15:06:41,Indonesia,Atayasetelankaosanak----,Facebook
0503068dd1d5ec099f08b0ccde9e87fc,2026-06-04 14:56:07,Indonesia,Atayasetelankaosanak----,Facebook
cb3d71115fbfa93ebe815f01d25ba42d,2026-06-04 14:55:24,Indonesia,Atayasetelankaosanak----,Facebook
b278ae40a61e70e05d191127cfb97c60,2026-06-04 14:48:37,Indonesia,rakdapur3----,Instagram
af49aa5d16e12caedda03b1e04985674,2026-06-04 14:37:11,Indonesia,Atayasetelankaosanak----,Facebook
7138d3f6162ac6af1fcec6ed0a20470a,2026-06-04 14:26:02,Indonesia,rakdapur3----,Websites
68707727576f6ae0083980c4eaece5db,2026-06-04 14:25:36,Indonesia,Atayasetelankaosanak----,Facebook
ef967ff9ec0cfb1cfbfcdb13400a3b8e,2026-06-04 14:24:04,Indonesia,rakdapur3----,Websites
f107d421bad743851574a8a8f2007235,2026-06-04 14:15:17,Indonesia,Atayasetelankaosanak----,Facebook
3e2905e95f61b19c49803c2b43dbc300,2026-06-04 14:12:34,Indonesia,Atayasetelankaosanak----,Facebook
171bc6db6765b50b1c9b45cc6691960e,2026-06-04 14:08:31,Indonesia,Atayasetelankaosanak----,Facebook
641cc613d0ff53d0e722e50d2073059c,2026-06-04 14:08:06,Indonesia,Atayasetelankaosanak----,Facebook
ac455ebf8fdee31cb811e0b3d099bf2d,2026-06-04 14:06:12,Indonesia,rakdapur3----,Websites
b576d1ab39e63d97ef9a07511bdf6916,2026-06-04 14:05:57,Indonesia,Atayasetelankaosanak----,Facebook
a2277eedb232c67b4caf848af45bd838,2026-06-04 14:01:43,Indonesia,Atayasetelankaosanak----,Facebook
ba52c4ce5706749f2c8d6e49fed96738,2026-06-04 13:57:11,Indonesia,Atayasetelankaosanak----,Facebook
e670d137f21abc3d413bfd1e26148481,2026-06-04 13:48:03,Indonesia,Atayasetelankaosanak----,Facebook
4864cdfc4782cae112730b9ee627f33c,2026-06-04 13:47:39,-,rakdapur3----,Instagram
e4608ee140db2dfcf43d1dfed289e352,2026-06-04 13:43:35,Indonesia,Atayasetelankaosanak----,Facebook
84e970842cd1d86194045d6cbb941f74,2026-06-04 13:39:43,Indonesia,Atayasetelankaosanak----,Facebook
d333195d026d4520f5fc5d2056192c48,2026-06-04 13:39:19,-,Atayasetelankaosanak----,Facebook
66f1c04f2c3cb0cab42859427d09752f,2026-06-04 13:39:10,Indonesia,Atayasetelankaosanak----,Facebook
4ae5eae65721c3b172da81f9f8008fa1,2026-06-04 13:39:04,Indonesia,Atayasetelankaosanak----,Facebook
39eaff7c0f64dcc53d7cc99d295855ea,2026-06-04 13:35:39,Indonesia,Atayasetelankaosanak----,Facebook
52294883fcd7dffd7d6443f1dcdcf43d,2026-06-04 13:35:14,Indonesia,Atayasetelankaosanak----,Facebook
e5937a6109aa09fb6b64ea229e97eb0a,2026-06-04 13:34:45,Indonesia,Atayasetelankaosanak----,Facebook
d5309e76cdba23f5c9d8887a7bdaedad,2026-06-04 13:34:13,Indonesia,rakdapur3----,Others
66acec2972824fe144ed7117af9cb105,2026-06-04 13:32:51,Indonesia,Atayasetelankaosanak----,Facebook
8b0d92d82a837f27c87468fb50862ad9,2026-06-04 13:32:44,Indonesia,Atayasetelankaosanak----,Others
b6a80b2cfa295a59566a9046e14c0f8d,2026-06-04 13:31:54,Indonesia,benihsayuran----,Instagram
885d5fb0b7b389d93839a78b2cf5a158,2026-06-04 13:31:48,Indonesia,Atayasetelankaosanak----,Others
79350fb3c9b61f80c3064e66956994b6,2026-06-04 13:31:41,Indonesia,Atayasetelankaosanak----,Facebook
de97a4fb48c99299ce6cbae550d8646d,2026-06-04 13:31:32,Indonesia,Atayasetelankaosanak----,Facebook
4039a3a19e7510250758a511bd02c1aa,2026-06-04 13:31:23,Indonesia,Atayasetelankaosanak----,Instagram
926879b502a41f57a6eef2f28ae7b609,2026-06-04 13:31:13,Indonesia,Atayasetelankaosanak----,Facebook
cb69d00aa36e74599f996e7a22980ea4,2026-06-04 13:30:47,Indonesia,Atayasetelankaosanak----,Others
76466c7fd82e41b2b6e1c448150a4390,2026-06-04 13:30:36,Indonesia,Atayasetelankaosanak----,Facebook
93eb2ba7b7345ad369e9800cc0c23605,2026-06-04 13:30:24,Indonesia,Atayasetelankaosanak----,Facebook
74f79ab1635ba761cefe77d0ed50d2ac,2026-06-04 13:30:20,-,Atayasetelankaosanak----,Others
1d2c667d340bf04f542f5e6c33554a75,2026-06-04 13:29:48,-,Atayasetelankaosanak----,Facebook
c48199d827a10041d6910e668fd7773d,2026-06-04 13:29:45,Indonesia,Atayasetelankaosanak----,Facebook
c13be621800dd2ac7938b407c92ab8b7,2026-06-04 13:29:35,Indonesia,Atayasetelankaosanak----,Facebook
1f665a4b57b1a57f0bd821e89033801b,2026-06-04 13:29:09,Indonesia,rakdapur3----,Instagram
fb535d58e2ca4a2a8149efa8cc43a813,2026-06-04 13:29:03,Indonesia,Atayasetelankaosanak----,Facebook
1e0632c1992f2bbfd88a1b523bb12c2e,2026-06-04 13:28:35,Indonesia,rakdapur3----,Websites
b5c92f3d937e0b29eb59584cbc9b8417,2026-06-04 13:27:52,Indonesia,benihsayuran----,Facebook
390156863ce53c9356f8c00d3e5a18a0,2026-06-04 13:27:27,Indonesia,benihsayuran----,Instagram
68c68a66a7913e6654fbdee9d9167612,2026-06-04 13:26:52,Indonesia,rakdapur3----,Instagram
e16affc4a0d663d1324d47a8dbfabd92,2026-06-04 13:24:56,Indonesia,Atayasetelankaosanak----,Facebook
df6e157cc3d6d032b33a44a3abe31987,2026-06-04 13:24:32,Indonesia,rakdapur3----,Instagram
7a11de778f995ad2662b5e187deb9c2d,2026-06-04 13:24:27,Australia,Atayasetelankaosanak----,Facebook
c8f399fae394abf27c436534b79bcd83,2026-06-04 13:23:52,Indonesia,rakdapur3----,Others
0dc93bc76c67ef5ecf206ea1b16f45a5,2026-06-04 13:23:45,Indonesia,Atayasetelankaosanak----,Facebook
c56607e0b3ba08bea78f4cf57821bce6,2026-06-04 13:23:17,Indonesia,rakdapur3----,Websites
3e54683e7cdadefe3144fc66e341315d,2026-06-04 13:22:33,Indonesia,Atayasetelankaosanak----,Facebook
97a50b1aa5e6492a453636b31adee45f,2026-06-04 13:22:09,Indonesia,Atayasetelankaosanak----,Facebook
8f5098e1c3debd0d8c16308a242641ea,2026-06-04 13:21:53,Australia,Atayasetelankaosanak----,Instagram
4a7f95f32e89d6bc38b812b925b297b1,2026-06-04 13:21:34,United States of America,benihsayuran----,Facebook
56e19a60a8891539ef649ccbefcf3bd0,2026-06-04 13:21:25,Australia,Atayasetelankaosanak----,Others
3d032d8d4b564caa901db4e608682d4a,2026-06-04 13:21:25,Indonesia,rakdapur3----,Others
2160e9feaaa95baf39d4de543faadadd,2026-06-04 13:21:04,Australia,Atayasetelankaosanak----,Instagram
30f0f93a825c6d68e8c69f7a3e5f743c,2026-06-04 13:21:01,Indonesia,rakdapur3----,Facebook
c144b6d827cfe6669bd06da95e15591d,2026-06-04 13:20:51,Indonesia,rakdapur3----,Facebook
75457836b499e398b2228456a3af1a70,2026-06-04 13:20:47,Indonesia,rakdapur3----,Facebook
3a142b42d0b514fc9655a8825de40551,2026-06-04 13:20:29,Indonesia,rakdapur3----,Others
f2598fbb8f1d90eea7222d7879cc12ba,2026-06-04 13:20:11,Indonesia,rakdapur3----,Instagram
bb1c904b6446b235a67e722811b33b51,2026-06-04 13:20:06,Indonesia,rakdapur3----,Instagram
564f9f7a349aafd50acdf3e675ec10b3,2026-06-04 13:18:41,-,Atayasetelankaosanak----,Facebook
7b6b89ec96f1bd05c2b7907868257dcf,2026-06-04 13:18:29,-,Atayasetelankaosanak----,Facebook
2bdcdf455c7f8d5f9e8f5bf9cd2ebe36,2026-06-04 13:18:23,Indonesia,rakdapur3----,Others
8267813ceb0feeaec90785b4242b5a5e,2026-06-04 13:18:16,Indonesia,rakdapur3----,Others
ca5aab1d52acfbc6fde512340dac23d9,2026-06-04 13:18:12,-,rakdapur3----,Facebook
f85a7e4c76c709032b633c765815b7f6,2026-06-04 13:17:47,-,Atayasetelankaosanak----,Facebook
a20952929ef63d4cf6b9177356ae863d,2026-06-04 13:17:41,Indonesia,rakdapur3----,Instagram
6efd18fa639f279a11952df2cbe339eb,2026-06-04 13:17:40,Indonesia,rakdapur3----,Instagram
ac2cddb3be6aba6783e85b295c39833b,2026-06-04 13:17:19,Indonesia,Atayasetelankaosanak----,Facebook
334d423cec1309261acbc67b5efb0868,2026-06-04 13:17:17,Indonesia,Atayasetelankaosanak----,Facebook
44896f844ade520818b891daf7adb1d8,2026-06-04 13:17:16,Indonesia,Atayasetelankaosanak----,Facebook
768efb5b09edc59d33a7717fb2c20827,2026-06-04 13:17:15,Indonesia,Atayasetelankaosanak----,Facebook
507a52829aacbe216f55fda22534837a,2026-06-04 13:16:45,Indonesia,Atayasetelankaosanak----,Facebook
8c707fc0d3913f0d84312eb155de4bae,2026-06-04 13:16:32,United States of America,setanakfernando----,Facebook
9c1580f1602082c0db25aa0df17810f9,2026-06-04 13:15:51,-,Atayasetelankaosanak----,Facebook
b7e068f6edb59800b91adb94735280da,2026-06-04 13:15:19,Iran (Islamic Republic of),Atayasetelankaosanak----,Facebook
8b2e2faa3f22c7bfdadcf5aaaf077853,2026-06-04 13:14:43,Indonesia,rakdapur3----,Facebook
3494cb8a3e66e0a1cfec5193e10ea02f,2026-06-04 13:14:33,Indonesia,rakdapur3----,Websites
bdec6ea465cbdcb8acb55edcfdaf6100,2026-06-04 13:14:09,Indonesia,rakdapur3----,Threads
9065b03f0e2b4d1e9023340fb4bda5d0,2026-06-04 13:13:46,Indonesia,Atayasetelankaosanak----,Facebook
36a62790349f99f280f3a92c939dfda6,2026-06-04 13:13:34,Indonesia,rakdapur3----,Websites
71d45e51ff1ddcf2c115a089b45f6744,2026-06-04 13:13:30,Indonesia,Atayasetelankaosanak----,Instagram
ae3226db15cab638b00e26d447ea8037,2026-06-04 13:13:00,Indonesia,Atayasetelankaosanak----,Instagram
7a3e7ef68c2512371bdf745a8f5a766f,2026-06-04 13:12:01,Indonesia,rakdapur3----,Websites
47d5a7c2774529a467e3f6c55d1f1e95,2026-06-04 13:11:55,Indonesia,rakdapur3----,Instagram
aa1ed44fd83e70096281d5a0c5963746,2026-06-04 13:11:50,-,Atayasetelankaosanak----,Facebook
95d0f6cc084fd30d706d2afb55781ace,2026-06-04 13:11:50,Indonesia,rakdapur3----,Instagram
d240c8d61f13527475a5429aeefef4f5,2026-06-04 13:11:47,-,Atayasetelankaosanak----,Facebook
0536b16724f51e05c20b26db029fa77a,2026-06-04 13:11:23,Indonesia,Atayasetelankaosanak----,Facebook
5ad35168bcc952fde5694ebf4717e76c,2026-06-04 13:11:21,Indonesia,Atayasetelankaosanak----,Facebook
5e14d621d139b325de8a71873240324f,2026-06-04 13:11:17,Australia,Atayasetelankaosanak----,Facebook
256f3050b885db1ca773b475180b43a5,2026-06-04 13:11:07,Indonesia,rakdapur3----,Facebook
43b0ddd1d155c0bdac280e408e2bcb66,2026-06-04 13:10:54,Indonesia,Atayasetelankaosanak----,Facebook
e97839601e338989963b87d6a56dbe1d,2026-06-04 13:10:28,Australia,Atayasetelankaosanak----,Facebook
144be8dd1287843af513228417072dc1,2026-06-04 13:10:03,Indonesia,Atayasetelankaosanak----,Others
b13392759e7ebc863200cdecfa3efe9b,2026-06-04 13:10:01,Indonesia,rakdapur3----,Facebook
6f3d279afa67038510b824ee5dc22747,2026-06-04 13:09:17,Indonesia,Atayasetelankaosanak----,Facebook
b3987ee7f109a9fbf094f9563dc4d6db,2026-06-04 13:09:11,Indonesia,Atayasetelankaosanak----,Facebook
681a9615ab2e7d793751ae19cd413227,2026-06-04 13:08:53,Indonesia,Atayasetelankaosanak----,Facebook
771afd3dead7ca3be8a0d1e447c7d9b7,2026-06-04 13:08:41,Indonesia,rakdapur3----,Others
c81232b5a155ee23a14b3da503b712a7,2026-06-04 13:08:17,Indonesia,rakdapur3----,Others
f750185ba9d705eaaec591aec4128f31,2026-06-04 13:07:39,Indonesia,Atayasetelankaosanak----,Others
9dbe3594f5610ce2aae9dad22199e235,2026-06-04 13:07:38,Indonesia,Atayasetelankaosanak----,Facebook
ad38f5b2996fca8a764548239f7a2b62,2026-06-04 13:07:02,Indonesia,Atayasetelankaosanak----,Facebook
2df04949ca10ac81ed02988c36774a3e,2026-06-04 13:06:55,Indonesia,Atayasetelankaosanak----,Facebook
43491e4abf6d2741327182b111913a64,2026-06-04 13:06:37,Indonesia,rakdapur3----,Instagram
73a1792173f2aafb6e4615384d1ec8d3,2026-06-04 13:06:35,Indonesia,rakdapur3----,Facebook
1d646ef40e04c633bed6fd9c7ee53a9d,2026-06-04 13:06:28,Indonesia,Atayasetelankaosanak----,Facebook
0422d3af37ee4a024127bc392b0a9545,2026-06-04 13:06:16,Indonesia,Atayasetelankaosanak----,Facebook
f863a4ad7db62d73810b2306812d0284,2026-06-04 13:05:51,-,Atayasetelankaosanak----,Facebook
7d4f46152087aebbe80809a3ab4e575a,2026-06-04 13:05:40,Indonesia,Atayasetelankaosanak----,Facebook
7ec9a98d3a769aa5024fed18627e83e4,2026-06-04 13:05:06,Indonesia,rakdapur3----,Facebook
4625b9e045ceb1f1f2b1277c68a79693,2026-06-04 13:05:00,Indonesia,Atayasetelankaosanak----,Instagram
4f7883b8feec7fd218b25ebc29d4ee5e,2026-06-04 13:04:58,Indonesia,Atayasetelankaosanak----,Facebook
7e0eda8e6763b037f8f6f4875ce03a68,2026-06-04 13:04:07,Indonesia,Atayasetelankaosanak----,Facebook
710745c1865401a4612399056fff0e60,2026-06-04 13:04:00,Indonesia,Atayasetelankaosanak----,Facebook
dd586fafa65cf2fb0ea20bbb7918ab54,2026-06-04 13:03:55,Indonesia,rakdapur3----,Others
1979ce09561f2fe3326cf4c96ef3aa57,2026-06-04 13:03:44,Indonesia,rakdapur3----,Instagram
d2536811fcc9b37d0b66e36f069c8f42,2026-06-04 13:03:23,Indonesia,Atayasetelankaosanak----,Facebook
dc01c538086913e0cf10d4ec79d6683a,2026-06-04 13:02:41,Indonesia,benihsayuran----,Instagram
13f3863348bdec17d72d63c03e436112,2026-06-04 13:02:23,Indonesia,rakdapur3----,Facebook
9203af1a9dfa303e1c50278f570d3c73,2026-06-04 13:02:17,Indonesia,rakdapur3----,Facebook
055c1dd28458de54ec6a63ca6e4518ec,2026-06-04 13:02:14,Indonesia,rakdapur3----,Instagram
38a74d5d55768767539dcb8e30ed28e2,2026-06-04 13:01:30,Indonesia,Atayasetelankaosanak----,Facebook
83dda7ad0c33198d2f1f7eae09cb9240,2026-06-04 13:01:13,Indonesia,rakdapur3----,Facebook
08817f9438f6087983ea7a5e465db14a,2026-06-04 13:01:08,Indonesia,rakdapur3----,Instagram
f34b58306250aaf480f42c085005f6ce,2026-06-04 13:00:42,Indonesia,Atayasetelankaosanak----,Others
ae2abfc71f68261a5ec9ea60e65addd3,2026-06-04 13:00:41,Indonesia,rakdapur3----,Facebook
010aef7980ec4d83b4f7e0a078d4163f,2026-06-04 13:00:14,Indonesia,Atayasetelankaosanak----,Facebook
eeb0e18d165e9b404a2552014db9551e,2026-06-04 12:59:44,Indonesia,rakdapur3----,Instagram
0e434dcc45743194ae3bbfb6e7c0ac2c,2026-06-04 12:59:10,Indonesia,Atayasetelankaosanak----,Others
8db5bd971f0564396702449b62a70a3a,2026-06-04 12:59:05,Indonesia,rakdapur3----,Facebook
7cba3c75920d67230b956643f3b563f3,2026-06-04 12:58:34,Indonesia,Atayasetelankaosanak----,Facebook
d70e49b93270f775ecab6ff396874237,2026-06-04 12:58:32,Indonesia,Atayasetelankaosanak----,Facebook
dbc959694e4653198b243922aae18cba,2026-06-04 12:58:30,Indonesia,Atayasetelankaosanak----,Others
3aaf5d3f7376ffe9fc4845522e2a545c,2026-06-04 12:58:11,Indonesia,Atayasetelankaosanak----,Facebook
f00bc103f94a447ef3a81dd42f0d1e2c,2026-06-04 12:58:06,Indonesia,Atayasetelankaosanak----,Facebook
00ce7524e4f893aadd28f345bd024653,2026-06-04 12:56:44,Indonesia,Atayasetelankaosanak----,Facebook
8a57644343dbfbff1fc162afdb07ef85,2026-06-04 12:56:07,Indonesia,Atayasetelankaosanak----,Facebook
21b36e4926ecd0f8820b5284f49d1e28,2026-06-04 12:54:54,Indonesia,Atayasetelankaosanak----,Facebook
71232690c11b485d64e669cdb5aa5717,2026-06-04 12:54:44,Indonesia,Atayasetelankaosanak----,Facebook
71b6606499d1152009566b6482ada677,2026-06-04 12:54:04,Indonesia,Atayasetelankaosanak----,Facebook
155805c8c6ea2c6a851c2a901f00b391,2026-06-04 12:53:39,Indonesia,Atayasetelankaosanak----,Facebook
3a45b7e1df9686d04570373a1cee2a9e,2026-06-04 12:53:27,Indonesia,Atayasetelankaosanak----,Facebook
fab2abee7247be3a22fd6c7c988e8a74,2026-06-04 12:53:15,Indonesia,Atayasetelankaosanak----,Facebook
1e05b09025f99c455dac3f8bcce6f1ad,2026-06-04 12:52:41,Indonesia,Atayasetelankaosanak----,Facebook
6f36f3a8295b134018e9b62b47075f15,2026-06-04 12:52:38,Indonesia,rakdapur3----,Instagram
ccfcb273adc5a9ad1dc2a51a63d99297,2026-06-04 12:52:17,Indonesia,benihsayuran----,Facebook
9b962d9848effe9c5f72b79fe5fdec2d,2026-06-04 12:52:13,Indonesia,benihsayuran----,Facebook
b5579871de036dd6594bfd7485ef8d3f,2026-06-04 12:52:07,-,Atayasetelankaosanak----,Facebook
3bae20a429977487f06d6963d3d7f73f,2026-06-04 12:52:07,Indonesia,benihsayuran----,Facebook
cf05d98c656d74d9fc35eecd4889f6b9,2026-06-04 12:52:02,Indonesia,benihsayuran----,Facebook
5cd77ae77d467f4c751f1c0ff335eefe,2026-06-04 12:51:15,Indonesia,rakdapur3----,Instagram
95bc3a8c222a5eb71fa0484e5fb2b63c,2026-06-04 12:50:29,Indonesia,rakdapur3----,Instagram
8779a3fcc2d517d41f77089919ff9fd5,2026-06-04 12:50:17,Indonesia,Atayasetelankaosanak----,Facebook
d8412340f9c16c6c122d35b50b24e8b9,2026-06-04 12:49:30,Indonesia,benihsayuran----,Instagram
11239b83d7a52ba85ee92d2bdd21f36d,2026-06-04 12:48:41,Indonesia,Atayasetelankaosanak----,Facebook
1200db55e0b82d7621f219ee863f375a,2026-06-04 12:48:37,Indonesia,rakdapur3----,Facebook
505c01685fcda2d7e4c3b336ebf18318,2026-06-04 12:48:14,Indonesia,Atayasetelankaosanak----,Facebook
90e7a1d38ed3d850e6ab888616998911,2026-06-04 12:47:49,Indonesia,rakdapur3----,Facebook
d37ddcea50d50723f3cac08403817f2d,2026-06-04 12:47:39,Indonesia,rakdapur3----,Instagram
5f745413b5fc0f723ee83f6eb84d8a7a,2026-06-04 12:47:34,Indonesia,benihsayuran----,Facebook
dab6b62ef956b9aa5376bdc7e7f0641c,2026-06-04 12:47:11,Indonesia,Atayasetelankaosanak----,Facebook
f89dff2728d28524d88f3d3c5bb0783b,2026-06-04 12:46:21,Indonesia,rakdapur3----,Facebook
c7057fed3acc5243973e5f09ff6a1f01,2026-06-04 12:46:04,Indonesia,rakdapur3----,Instagram
692c13a88c1f15d527da2eb0d38872ce,2026-06-04 12:45:28,Indonesia,Atayasetelankaosanak----,Facebook
da2a56e6bec01670e82c6929974a57e3,2026-06-04 12:44:30,-,Atayasetelankaosanak----,Facebook
6be2cd56f2113945ce6524e4fa3d5898,2026-06-04 12:44:17,Indonesia,rakdapur3----,Facebook
8d74963efb32da028d9dfc71d313617b,2026-06-04 12:44:00,Indonesia,Atayasetelankaosanak----,Facebook
4d4cf4fb545cb87c164316421725b707,2026-06-04 12:43:57,-,benihsayuran----,Facebook
09b442e5eea74bc258d7d9885cb48c62,2026-06-04 12:43:51,Indonesia,Atayasetelankaosanak----,Facebook
61836661c1c5c2aaed52cea819407da2,2026-06-04 12:42:58,Indonesia,rakdapur3----,Instagram
8a2e38ca11f1e4a1496064222d45cd04,2026-06-04 12:42:49,Indonesia,benihsayuran----,Instagram
21551a00f8888c8d8d659a9e3590dfed,2026-06-04 12:42:45,Indonesia,rakdapur3----,Facebook
39f7a0f3165abe67f3ea7ca363c4e5f8,2026-06-04 12:42:07,Indonesia,Atayasetelankaosanak----,Facebook
3f07f7d7d60dbe83cf98e2258ebbe547,2026-06-04 12:41:53,-,Atayasetelankaosanak----,Facebook
c95be1737756131a71383b025be4ade1,2026-06-04 12:41:43,Indonesia,Atayasetelankaosanak----,Facebook
466c4f3c82c59ec54dc49fe205ceaef9,2026-06-04 12:41:14,Indonesia,Atayasetelankaosanak----,Facebook
e9c3d0bbdb64ae015bb6d6362248f87a,2026-06-04 12:41:03,Indonesia,rakdapur3----,Websites
885ae631f292b688e18cb1bd1536ac33,2026-06-04 12:41:03,Indonesia,rakdapur3----,Threads
b0b9e60ddeeca65fc9b5db7d54b86a3b,2026-06-04 12:40:59,Indonesia,Atayasetelankaosanak----,Facebook
37b292e7914354e9ba96ae5465450fe6,2026-06-04 12:40:44,Indonesia,Atayasetelankaosanak----,Facebook
9c55bbde6362e965f6ca901216427159,2026-06-04 12:40:24,-,Atayasetelankaosanak----,Facebook
e5a35f8bd58aa4f9c344c42286bf63bf,2026-06-04 12:39:31,Indonesia,Atayasetelankaosanak----,Facebook
08b55b74bd9948843cdf61b7d6997010,2026-06-04 12:39:28,Indonesia,Atayasetelankaosanak----,Facebook
a53f8afdfd0d186f704caaec80376ed3,2026-06-04 12:38:52,Indonesia,Atayasetelankaosanak----,Facebook
104d9c9caf3682c1ef70c1e6e9a4aadb,2026-06-04 12:38:25,Indonesia,Atayasetelankaosanak----,Facebook
510da36ea93929f2258d05e50547a59a,2026-06-04 12:38:24,Indonesia,Atayasetelankaosanak----,Facebook
b514a07eba50c0272e8d48780e1b23a7,2026-06-04 12:38:13,Indonesia,benihsayuran----,Facebook
77572d5347ad86a50c2cbc99572492a1,2026-06-04 12:38:05,-,Atayasetelankaosanak----,Facebook
aef5720aac8b965c6a623670de4ba349,2026-06-04 12:37:47,Indonesia,Atayasetelankaosanak----,Facebook
2c3896bc63c4dd1dcb45b118d7ebf67d,2026-06-04 12:37:38,Indonesia,Atayasetelankaosanak----,Facebook
8887a27b168297270b8d9b0b4b384775,2026-06-04 12:37:37,Indonesia,rakdapur3----,Facebook
4f7f3fc297ccdc610593a5920055b8de,2026-06-04 12:37:21,Indonesia,Atayasetelankaosanak----,Facebook
eac195fd2edd2f1405a2003df10a1bfe,2026-06-04 12:37:19,Indonesia,Atayasetelankaosanak----,Facebook
0c32dc8c5065589e8613a96e6787f96e,2026-06-04 12:37:18,Indonesia,rakdapur3----,Others
acfe4d51afea4a8f606f3a496f6ba529,2026-06-04 12:37:17,Indonesia,Atayasetelankaosanak----,Facebook
860fe96b12e38b3dff84cb314070d5de,2026-06-04 12:37:07,Indonesia,rakdapur3----,Facebook
9e28102f0fbc110a98a68f27a3a472f5,2026-06-04 12:36:05,Indonesia,rakdapur3----,Instagram
b3022f5edee2c39e9a7af8982d593047,2026-06-04 12:36:02,Indonesia,rakdapur3----,Instagram
189a3955d6fd29d4e6261820ece1c333,2026-06-04 12:35:23,Indonesia,rakdapur3----,Instagram
e4452b7fb4535bcc96f9d3d5ebc751fa,2026-06-04 12:35:01,Indonesia,rakdapur3----,Facebook
ca1c5fff510cba2e20f4d5ef7d5b40a6,2026-06-04 12:34:56,Indonesia,Atayasetelankaosanak----,Facebook
467a1de6f1b02bfef268bac6bba2d920,2026-06-04 12:32:53,Indonesia,rakdapur3----,Others
00f369d7d84fab8f4196b03c2d73be1d,2026-06-04 12:32:48,Indonesia,rakdapur3----,Websites
792c905c4766ace01ca3137d754538fe,2026-06-04 12:32:41,Indonesia,Atayasetelankaosanak----,Facebook
7e42c6f6c6327a2f18fc704a3bd24ed8,2026-06-04 12:32:35,Indonesia,Atayasetelankaosanak----,Facebook
1a8997a9b9b20884247f3372b9fb2258,2026-06-04 12:32:07,Indonesia,Atayasetelankaosanak----,Facebook
a29967d3acaffcd663755e0e334f4b2d,2026-06-04 12:31:42,Indonesia,rakdapur3----,Instagram
6d8136f0d7c07bbe818afcd887a6bd08,2026-06-04 12:30:50,Indonesia,rakdapur3----,Facebook
6a2fca5d34f11055c1280bdb2e04c719,2026-06-04 12:30:19,Indonesia,Atayasetelankaosanak----,Facebook
0186336f115fb53da48b1609f49d0b54,2026-06-04 12:30:02,United States of America,rakdapur3----,Facebook
b4b8587173e74a2ffc0d04568e695650,2026-06-04 12:30:01,Indonesia,Atayasetelankaosanak----,Facebook
d0cd832515619f529e553bd294954b17,2026-06-04 12:29:40,Indonesia,Atayasetelankaosanak----,Facebook
b6d87b7c4e6d40f49f15fe50dcca2f6e,2026-06-04 12:29:35,Indonesia,Atayasetelankaosanak----,Facebook
4e99b9925e10a482ad16d4aa1d4c8404,2026-06-04 12:29:32,Indonesia,Atayasetelankaosanak----,Facebook
cfcac72f5874f6475f58fc045899756c,2026-06-04 12:29:09,Indonesia,Atayasetelankaosanak----,Facebook
c54c6e50964cdeb329cceb571bf17158,2026-06-04 12:29:02,Indonesia,Dress-automation-fb--,Facebook
c4a7a5fa32fa1adf0a7302f73bf7e532,2026-06-04 12:28:48,Indonesia,benihsayuran----,Facebook
eb86be5b44a3d6b532082f871e8ec528,2026-06-04 12:28:41,Indonesia,Atayasetelankaosanak----,Facebook
21d75695c27b3e8b99c7e3a74e179593,2026-06-04 12:28:06,Indonesia,benihsayuran----,Instagram
9bb008e976d4386b66f4e21cde743940,2026-06-04 12:27:11,Indonesia,Atayasetelankaosanak----,Facebook
de9ccc023b47dd436284ec036660b901,2026-06-04 12:26:49,Indonesia,Atayasetelankaosanak----,Facebook
a0d89373d290ff8e8d6816d64211364f,2026-06-04 12:26:35,Indonesia,Atayasetelankaosanak----,Facebook
42a9eb812bc3bc738a5116ec27d26cef,2026-06-04 12:25:30,Indonesia,Atayasetelankaosanak----,Facebook
2b1474b86317288a11c39a0e11d7cc9e,2026-06-04 12:25:14,-,Atayasetelankaosanak----,Facebook
273c676b8f41d87cb4af21c2a2e85e97,2026-06-04 12:24:54,Indonesia,rakdapur3----,Facebook
da131dbf7536e8d8b1006eff5d2f66a5,2026-06-04 12:23:58,Indonesia,Atayasetelankaosanak----,Facebook
eb1fa00da96c3cdb7e7fafe3067d417d,2026-06-04 12:23:17,Indonesia,Atayasetelankaosanak----,Facebook
6022d6d437a520acc441c53b0c61046b,2026-06-04 12:22:53,Indonesia,rakdapur3----,Instagram
2cb15fe5cbf113a169d85b9dbcfde0c4,2026-06-04 12:22:52,Indonesia,Atayasetelankaosanak----,Facebook
216abc0d121d758567c25da97dd25e32,2026-06-04 12:22:50,Indonesia,Atayasetelankaosanak----,Facebook
e1fa193a07275f96bf08dbacb34c5e9e,2026-06-04 12:22:45,Indonesia,Atayasetelankaosanak----,Facebook
962ff6141010e94ffcee74b551906ea3,2026-06-04 12:22:43,Indonesia,benihsayuran----,Facebook
1011bbdcb2399cca518acb0a8eb143fb,2026-06-04 12:22:36,Indonesia,benihsayuran----,Facebook
7e03f67cca28dfc29c5237c1b5d9d9e8,2026-06-04 12:22:18,Indonesia,Atayasetelankaosanak----,Facebook
ac4d258b400cf340a0d9e0b67adb5bd3,2026-06-04 12:22:13,Indonesia,Atayasetelankaosanak----,Facebook
aed202614addf295268af03cb6aaa76a,2026-06-04 12:22:10,Indonesia,Atayasetelankaosanak----,Facebook
6400d5af9324c0ad17d2906615a4d365,2026-06-04 12:21:58,-,Atayasetelankaosanak----,Facebook
11c8576da43b1ac2bb7f22dad0306a7d,2026-06-04 12:21:21,Indonesia,Atayasetelankaosanak----,Facebook
b4a84baca199e3a27bc9073802da66f9,2026-06-04 12:21:11,Indonesia,Atayasetelankaosanak----,Facebook
46c90a66113420917054f7fe78ce8de8,2026-06-04 12:21:02,Indonesia,Atayasetelankaosanak----,Facebook
51fc1b2251dc6423c9e2ba0bedd70300,2026-06-04 12:20:43,Indonesia,Atayasetelankaosanak----,Facebook
8c8a85ee0c4c4a4a8590e48580a9bb38,2026-06-04 12:20:36,Indonesia,Atayasetelankaosanak----,Facebook
108decf3a42caf8df0bbaca61fef046e,2026-06-04 12:20:19,Indonesia,Atayasetelankaosanak----,Facebook
b22f2528f93196c1c064981a73367c73,2026-06-04 12:20:09,Indonesia,Atayasetelankaosanak----,Facebook
a13077a18c7f822f3c5907e60ad731d0,2026-06-04 12:20:03,-,Atayasetelankaosanak----,Facebook
e40ae5d4458b51822cf5a5b3662e474a,2026-06-04 12:19:53,Indonesia,Atayasetelankaosanak----,Facebook
b6aa837967b1af56e577d26f1570919a,2026-06-04 12:19:18,Indonesia,Atayasetelankaosanak----,Instagram
3115dddcf2c68a3aca13ef3e6dced6ef,2026-06-04 12:19:05,Indonesia,Atayasetelankaosanak----,Facebook
348139ddcf4a713290f32dff9b01fdc2,2026-06-04 12:18:58,Indonesia,Atayasetelankaosanak----,Facebook
5153241b4e763a31eeba1ba87d850842,2026-06-04 12:18:32,United States of America,Atayasetelankaosanak----,Facebook
2cc7d1f2b426b680f778f4752cfa61d6,2026-06-04 12:18:25,Indonesia,Atayasetelankaosanak----,Facebook
01d4c7400f1c866e5d25e65a2da78333,2026-06-04 12:18:25,Indonesia,Atayasetelankaosanak----,Facebook
d70b45ad05ad0a8764f2d84f150d8e01,2026-06-04 12:18:21,Indonesia,Atayasetelankaosanak----,Facebook
6c8f13ee479cd0df1a3b13e2795b3707,2026-06-04 12:17:52,Indonesia,Atayasetelankaosanak----,Facebook
16190dd6bb103b76349673ab09b4512f,2026-06-04 12:17:08,Indonesia,Atayasetelankaosanak----,Facebook
84a5393bafc3c9720a4acbcd826eda91,2026-06-04 12:16:15,Indonesia,rakdapur3----,Instagram
8c7485fece88139c9a638c9c0bc64156,2026-06-04 12:15:57,Indonesia,Atayasetelankaosanak----,Facebook
180e43c56af9c6acde7f662e3b28a3e4,2026-06-04 12:15:28,Indonesia,benihsayuran----,Facebook
7779edbaf5b8bdd7cfbea6d257cf4383,2026-06-04 12:15:07,Indonesia,benihsayuran----,Facebook
1555babefb6a7b2ace800f2660921eb4,2026-06-04 12:14:46,Indonesia,Atayasetelankaosanak----,Facebook
7af71d6280f174d1a03fa319d681b40f,2026-06-04 12:14:36,Indonesia,Atayasetelankaosanak----,Facebook
7609ec4262c57fef1f3628d5b4b055dd,2026-06-04 12:14:31,Indonesia,Atayasetelankaosanak----,Facebook
2a95f33149164a6268f3623586cac988,2026-06-04 12:12:19,Indonesia,rakdapur3----,Facebook
c2afdaf117b6fd4d860be096fb547493,2026-06-04 12:12:14,-,Atayasetelankaosanak----,Facebook
508caee02c9c65adfc7b2e05c5a8d516,2026-06-04 12:11:40,Indonesia,Atayasetelankaosanak----,Facebook
f13776be4a3372a2dde5db4ecaf0a3d4,2026-06-04 12:11:24,-,Atayasetelankaosanak----,Facebook
b47b3ac4c7bf7c291611d0d6c96c827f,2026-06-04 12:11:02,Indonesia,benihsayuran----,Facebook
df8f75767c31fe1630496f87e1223c96,2026-06-04 12:10:03,Indonesia,rakdapur3----,Facebook
3bb432d2cfe7fe7e4f77ae0ca0f365e2,2026-06-04 12:09:25,Indonesia,rakdapur3----,Websites
66cd520a91c8378f3e1cb7346e4c99c1,2026-06-04 12:09:03,-,Atayasetelankaosanak----,Facebook
13edc56a4ea4ea9d37cea28d378c2e51,2026-06-04 12:08:54,Indonesia,Atayasetelankaosanak----,Facebook
2095de99ace217a84f28f5cc50ce7ab9,2026-06-04 12:08:40,Indonesia,Atayasetelankaosanak----,Facebook
456de2fac9856ee6e5a03a0b125bee5e,2026-06-04 12:08:11,Indonesia,rakdapur3----,Instagram
f2a81affff7b6fff36704b4654489a2a,2026-06-04 12:07:12,Indonesia,Atayasetelankaosanak----,Facebook
98d3e2264bdc1c42b9a265efa9748c01,2026-06-04 12:06:42,Indonesia,Atayasetelankaosanak----,Facebook
45153d2ab54fcb7b53c2d208f455c9d8,2026-06-04 12:06:41,Indonesia,Atayasetelankaosanak----,Facebook
40ca3b9421ec86eca18dafad991b144f,2026-06-04 12:06:11,Indonesia,rakdapur3----,Others
f385f301802e4562c9c25214a1bf545f,2026-06-04 12:05:56,-,rakdapur3----,Facebook
4fc0ff89c1267de3ff985dd75fc89068,2026-06-04 12:05:54,Indonesia,Atayasetelankaosanak----,Facebook
d614603ab0c18225abe49a96d3a7ca52,2026-06-04 12:05:41,Indonesia,rakdapur3----,Others
d4e5118b9e1e71f3b0e210ac6e021658,2026-06-04 12:05:23,Indonesia,Atayasetelankaosanak----,Facebook
2f766f03d6e53d89b1e1d0ad40973dba,2026-06-04 12:05:16,Indonesia,Atayasetelankaosanak----,Facebook
df2628e92c17512b00fca68d34a851f7,2026-06-04 12:05:12,Indonesia,rakdapur3----,Instagram
6f8311259652c428ab349aed91c04530,2026-06-04 12:04:44,Indonesia,Atayasetelankaosanak----,Instagram
2f55580561e517e899d17a8828d6a34c,2026-06-04 12:04:19,Indonesia,Atayasetelankaosanak----,Facebook
feab0809ebc8e336634e49a21395eef0,2026-06-04 12:03:26,Indonesia,Atayasetelankaosanak----,Facebook
83bec3ec1ead73b7692d5abe51fa443e,2026-06-04 12:03:25,-,Atayasetelankaosanak----,Facebook
c5672dec5a6acf26bbbc104cd14630fe,2026-06-04 12:03:20,Indonesia,benihsayuran----,Facebook
3f8bf989531fc24b1342dfda7bd24a03,2026-06-04 12:03:19,Indonesia,rakdapur3----,Instagram
db3211f45be6e2cde4fd1383ebbeb69b,2026-06-04 12:03:10,Indonesia,Atayasetelankaosanak----,Facebook
1729bf55b63c44ab56d0069b14a66676,2026-06-04 12:03:10,Indonesia,Atayasetelankaosanak----,Facebook
72670d092edac088a94c82df5c26e45f,2026-06-04 12:02:56,Indonesia,Atayasetelankaosanak----,Instagram
817a0343727dc505e7cc245db53cecc4,2026-06-04 12:02:26,Indonesia,rakdapur3----,Threads
b853451f9b2d27a017d260f2033b1d2b,2026-06-04 12:02:24,-,Atayasetelankaosanak----,Facebook
eaa4c0ca0ee9da1e1cfb6fc5c984e1fd,2026-06-04 12:02:22,Indonesia,Atayasetelankaosanak----,Facebook
4ae55d75d456ea7c51eaa6514cdac057,2026-06-04 12:02:09,Indonesia,benihsayuran----,Instagram
d976d530139c55c502cde3d2b8ac38e1,2026-06-04 12:01:27,Indonesia,rakdapur3----,Facebook
8cba7a3c651224c512d9eb7304e4d3b1,2026-06-04 12:01:01,Indonesia,rakdapur3----,Facebook
ef2c608e167460a40304c67801422337,2026-06-04 12:00:21,Pakistan,Atayasetelankaosanak----,Facebook
35fce164cf2fccb305ac263456fa4027,2026-06-04 12:00:18,Indonesia,Atayasetelankaosanak----,Facebook
28c946f7ea1db00f75e5507f4d538db5,2026-06-04 11:59:47,Indonesia,Atayasetelankaosanak----,Facebook
ad71b05a16d60f516f541aa5afebd0a2,2026-06-04 11:59:41,Indonesia,benihsayuran----,Instagram
353af511f7578e57cbcadd9ab927e75a,2026-06-04 11:58:46,Indonesia,Atayasetelankaosanak----,Facebook
bcef86d63598ef65e147aa7c8cb0a3bd,2026-06-04 11:57:41,Indonesia,benihsayuran----,Facebook
f4c7c8e85c06f8a975f024cc442d0e34,2026-06-04 11:57:37,Indonesia,Atayasetelankaosanak----,Facebook
c4b2d516924e2a400dbf5e4a666e7c96,2026-06-04 11:57:16,Indonesia,Atayasetelankaosanak----,Facebook
59febe9162f8028185702813848ccef1,2026-06-04 11:57:11,Indonesia,rakdapur3----,Instagram
d57c345a0802f9ce865f540fd1468db9,2026-06-04 11:55:50,Indonesia,Atayasetelankaosanak----,Facebook
63fdc7d0546d4a69cbd853a5f3db7e15,2026-06-04 11:55:50,Indonesia,Atayasetelankaosanak----,Facebook
b80d4beed6087fcb4142ddedb50cd0ab,2026-06-04 11:55:18,Indonesia,Atayasetelankaosanak----,Facebook
1f64acd714b758de2f5a212618bf697b,2026-06-04 11:55:05,Indonesia,Atayasetelankaosanak----,Facebook
1a888fb00b0dfe697b98f6fb6c87a504,2026-06-04 11:54:33,Indonesia,Atayasetelankaosanak----,Facebook
98f0982a1d98a13fe59a471c61e55e00,2026-06-04 11:54:32,Indonesia,rakdapur3----,Facebook
6ca00d4f811376ff1c310d5883dc11b7,2026-06-04 11:54:28,-,Atayasetelankaosanak----,Facebook
605b1e1a2dacdd974f82bb03b0151f02,2026-06-04 11:54:19,Indonesia,benihsayuran----,Facebook
9b7936ab0f3ead75ca320de04b5a35fe,2026-06-04 11:53:17,Indonesia,Atayasetelankaosanak----,Facebook
00b519961a534224a2ae48d1b0017204,2026-06-04 11:52:55,Indonesia,Atayasetelankaosanak----,Instagram
315bba54aa5dc15116f9a42623d05a2b,2026-06-04 11:52:07,Indonesia,rakdapur3----,Facebook
232b3b778c86d07e173f4cea44800e59,2026-06-04 11:52:04,Indonesia,Atayasetelankaosanak----,Facebook
43671fa3e0269fdcc8d92e0c4d0825e0,2026-06-04 11:52:02,Indonesia,Atayasetelankaosanak----,Facebook
4a21ccad095728777e89dae921771ae6,2026-06-04 11:51:52,Indonesia,rakdapur3----,Others
1619f1fe0f53be101906ed0c6c5d1c3c,2026-06-04 11:51:47,Indonesia,Atayasetelankaosanak----,Facebook
054a92bcf229a5fc84b8ff5f3077d333,2026-06-04 11:51:29,Indonesia,rakdapur3----,Others
b3b636a9aa01bbcd6a885de8477dfaaf,2026-06-04 11:51:07,Indonesia,rakdapur3----,Others
d2c9d3971c53cf44c3777c0250268e1c,2026-06-04 11:51:01,Indonesia,rakdapur3----,Websites
d795890a47afefebcbd1c3885a7bc5e1,2026-06-04 11:50:49,Indonesia,Atayasetelankaosanak----,Facebook
c8da4b4b27d419c6bfe7c63132ee642b,2026-06-04 11:50:30,Indonesia,Atayasetelankaosanak----,Facebook
4a2b757e479fc1a2b0d281ac703f3df9,2026-06-04 11:50:29,Indonesia,Atayasetelankaosanak----,Facebook
d8c20cc8dea64a95a2111be8eb2c289f,2026-06-04 11:50:10,Indonesia,Atayasetelankaosanak----,Facebook
bbdfc473bedda1833f7e956a372186e0,2026-06-04 11:48:53,Indonesia,rakdapur3----,Others
81f18c83ebfbe495f1398ddc6a792b13,2026-06-04 11:48:53,-,Atayasetelankaosanak----,Facebook
591d0098e60a6be695264f34fca204aa,2026-06-04 11:48:47,Indonesia,Atayasetelankaosanak----,Facebook
c5085c2c9e8e6c530b42029bc38782e0,2026-06-04 11:48:45,Indonesia,Atayasetelankaosanak----,Facebook
fdbcde147cc32c651fcabe5a5a7148c5,2026-06-04 11:48:31,Indonesia,rakdapur3----,Websites
1434a65b63ddaf88f5bf84878c1bd614,2026-06-04 11:48:25,Indonesia,rakdapur3----,Facebook
36b69553dca2daa7b94b9db3fef812de,2026-06-04 11:48:02,Indonesia,Atayasetelankaosanak----,Facebook
b42f131eae78b116017346bd94ff735b,2026-06-04 11:48:01,Indonesia,rakdapur3----,Websites
81efe73af73cac3b447ca8731a155996,2026-06-04 11:47:16,Indonesia,Atayasetelankaosanak----,Facebook
cdf23958ffb4086bed87924a3a50fa3c,2026-06-04 11:47:05,Indonesia,Atayasetelankaosanak----,Facebook
47afdd1f90ed3195385d266f0dfd2fc0,2026-06-04 11:45:52,Indonesia,Atayasetelankaosanak----,Facebook
f2db5d75518539105ef8520640118743,2026-06-04 11:45:10,Indonesia,rakdapur3----,Facebook
e38729767bfef698f7f90991d7fdb481,2026-06-04 11:45:09,Indonesia,benihsayuran----,Instagram
ced397acded8d20752432f1f36295cbf,2026-06-04 11:44:56,Indonesia,Atayasetelankaosanak----,Facebook
273f243b4f77d63ccf9a935353e22818,2026-06-04 11:43:49,Indonesia,Atayasetelankaosanak----,Facebook
2c8851e5fd3bfcbd924fedc27b2c0a75,2026-06-04 11:43:35,Indonesia,Atayasetelankaosanak----,Facebook
f45192604a42c397a7b1a4dfac5b9712,2026-06-04 11:43:23,Indonesia,Atayasetelankaosanak----,Facebook
e710336b4cce576b0f53bb28f78fc619,2026-06-04 11:43:13,Indonesia,Atayasetelankaosanak----,Facebook
bbe4c768ed6a4bca652410c27fdc4253,2026-06-04 11:43:05,Indonesia,Atayasetelankaosanak----,Facebook
2b9bd4bba29b43ee202106835c4ed58e,2026-06-04 11:42:54,Indonesia,Atayasetelankaosanak----,Facebook
265b1bea63cf6a922137dd74277d5add,2026-06-04 11:42:30,Indonesia,Atayasetelankaosanak----,Facebook
58e2caf5f82f3253a294b453972665c8,2026-06-04 11:42:26,Indonesia,rakdapur3----,Facebook
c2ef84f6ebb481780f641942e9abcb0f,2026-06-04 11:41:40,Indonesia,benihsayuran----,Instagram
8f0d059959e2f1aa322912c56b43cbf9,2026-06-04 11:41:39,Indonesia,rakdapur3----,Others
322aa97ae28203dc581451cda96f3791,2026-06-04 11:41:38,Indonesia,Atayasetelankaosanak----,Facebook
b821a0680cdfecfb1e883282cd5cbcea,2026-06-04 11:41:37,Indonesia,Atayasetelankaosanak----,Facebook
f6f99a9706bbe05cce2dcb54b2c6e7e7,2026-06-04 11:41:14,Indonesia,rakdapur3----,Websites
a4788ebf8526d17864d864f005e86af6,2026-06-04 11:41:03,Indonesia,Atayasetelankaosanak----,Facebook
97da6a905979db6155959c3ed7633b55,2026-06-04 11:41:03,Indonesia,Atayasetelankaosanak----,Facebook
b93ab6cabe3e9f47a293059449c2635f,2026-06-04 11:41:00,Indonesia,Atayasetelankaosanak----,Facebook
3934059f0482eeaec4691fc0b161747d,2026-06-04 11:40:52,Indonesia,rakdapur3----,Facebook
3490a63acf8838a951e75d98f8a3b36f,2026-06-04 11:40:49,Indonesia,Atayasetelankaosanak----,Facebook
a572e08778d428f6bd01e43360eeda8a,2026-06-04 11:40:39,Indonesia,rakdapur3----,Facebook
7525ef509f11b730cfbbcac895c78684,2026-06-04 11:40:37,-,Atayasetelankaosanak----,Facebook
ecdf48ae29802e58d72f9e2111fbc911,2026-06-04 11:40:20,Indonesia,rakdapur3----,Others
43cfc10e55a3a7c5f5cddcb440f6b618,2026-06-04 11:40:20,-,Atayasetelankaosanak----,Facebook
a940202386a93abbdf88db3f512ef5c8,2026-06-04 11:39:39,Indonesia,benihsayuran----,Facebook
db541a254d4c1028b6a49de5be57272f,2026-06-04 11:39:15,Indonesia,rakdapur3----,Facebook
8756ebff5d697e28458c4ed865a18868,2026-06-04 11:39:03,Indonesia,rakdapur3----,Others
17d4dc70edd7550258c9e226bbdd4c15,2026-06-04 11:38:55,Indonesia,rakdapur3----,Others
962eb4159f0818469bd2acce97171287,2026-06-04 11:38:43,Indonesia,rakdapur3----,Websites
2421d2cda3f7481b93aa9574eaa4de50,2026-06-04 11:38:38,Indonesia,Atayasetelankaosanak----,Facebook
cf04db6fcf83388fc5a0498403097372,2026-06-04 11:38:29,Indonesia,rakdapur3----,Websites
7c6faa0d962381df3d905c640a18506e,2026-06-04 11:38:29,Indonesia,rakdapur3----,Facebook
1049c5d401ad124446307b5174e4ca51,2026-06-04 11:38:21,Indonesia,rakdapur3----,Others
7559afc78ce09aa0f0b755c7abe74c9d,2026-06-04 11:38:14,Indonesia,Atayasetelankaosanak----,Facebook
cabc6a3f0e7986685e1ca47c694ca3ae,2026-06-04 11:38:06,Indonesia,Atayasetelankaosanak----,Facebook
59d59141c6b2a7c29fc8138fb32a62c2,2026-06-04 11:37:52,Indonesia,Atayasetelankaosanak----,Facebook
11dafb8819b51bd8c3db968fa5022155,2026-06-04 11:37:39,Indonesia,Atayasetelankaosanak----,Facebook
d43410e0b7c82e971ed06418ec1b1387,2026-06-04 11:37:10,Indonesia,Atayasetelankaosanak----,Facebook
0e965898f141ac4b809b281e5c3030c1,2026-06-04 11:36:52,Indonesia,Atayasetelankaosanak----,Facebook
105555ed1889ddea0394493c2de4f90a,2026-06-04 11:36:24,Indonesia,Atayasetelankaosanak----,Facebook
dbba40f66a4b53de88756d6ea395a710,2026-06-04 11:36:06,Indonesia,rakdapur3----,Others
918d5a05ab8bacf77c1dc6e0604614b8,2026-06-04 11:35:51,Indonesia,Atayasetelankaosanak----,Others
84d6e2de837f28efddb870ea70193ef8,2026-06-04 11:35:33,Indonesia,Atayasetelankaosanak----,Instagram
8f8a43b8c96079a48cac26bd9e48db1c,2026-06-04 11:35:11,Indonesia,rakdapur3----,Instagram
302b14c0d4a266cf0c8e6d51fa911d19,2026-06-04 11:35:02,Indonesia,rakdapur3----,Websites
a0627e8c35e5acc8b033bd37d48c5a10,2026-06-04 11:34:57,Indonesia,Atayasetelankaosanak----,Facebook
7e5986806f2ace93f7182636ed9f9092,2026-06-04 11:34:26,Indonesia,Atayasetelankaosanak----,Facebook
192c6ad96df2c8fc772ea143a95e742b,2026-06-04 11:34:01,Indonesia,rakdapur3----,Instagram
146a18fad1473966d5d4818638f0ccfe,2026-06-04 11:33:14,Indonesia,Atayasetelankaosanak----,Facebook
b3c4534ecd8bf44436a5b7506f2549af,2026-06-04 11:32:12,Indonesia,Atayasetelankaosanak----,Facebook
79a372a974c78c26b9d41c71a6bc5d67,2026-06-04 11:31:38,Indonesia,Atayasetelankaosanak----,Facebook
1b4cd567ea92730ac781e83af6cd1d22,2026-06-04 11:30:55,Indonesia,rakdapur3----,Others
c8350b8852183dfd3047976f2d86c826,2026-06-04 11:30:31,Indonesia,Atayasetelankaosanak----,Facebook
682b3c1f3cf083e774bdd2b8ce0febf1,2026-06-04 11:30:11,Indonesia,rakdapur3----,Others
dd09615f118e0742e691f96b204e828a,2026-06-04 11:30:07,Indonesia,rakdapur3----,Websites
b6e24d94e65205a4568e385c1062e6d3,2026-06-04 11:29:51,Indonesia,Atayasetelankaosanak----,Facebook
d639e2214cad5be8bb636356a7487835,2026-06-04 11:29:17,Indonesia,Atayasetelankaosanak----,Instagram
7f886dce060b477e9de8d1285e3f3a6a,2026-06-04 11:29:07,Indonesia,Atayasetelankaosanak----,Facebook
c878666c5a5150d1c6264e19dfa97a07,2026-06-04 11:28:45,Indonesia,Atayasetelankaosanak----,Others
7d5c1a5cdb0b75d975457ea88f9a2b32,2026-06-04 11:28:41,Indonesia,katalog-rak---,Others
6da2c8b9f5a6558a6e9cd20e5ef7287c,2026-06-04 11:28:37,-,Atayasetelankaosanak----,Facebook
22d4a81247bb21ad7158cbb34eddd83c,2026-06-04 11:28:34,Indonesia,Atayasetelankaosanak----,Instagram
8acc2ec1416092e9e10abcc5a96a4482,2026-06-04 11:28:27,Indonesia,rakdapur3----,Instagram
63a2a7b1f51012482a1af8741d72434a,2026-06-04 11:28:25,Indonesia,Atayasetelankaosanak----,Facebook
24d4819f034a17f3a1b68f3a28927837,2026-06-04 11:27:56,Indonesia,Atayasetelankaosanak----,Facebook
6ce0aadd7d4babbc1c8aa9a219d70c4d,2026-06-04 11:26:19,Indonesia,rakdapur3----,Facebook
46526739d1d7fc3d943189a16656f15f,2026-06-04 11:26:11,Indonesia,Atayasetelankaosanak----,Instagram
e8f967281ff72eaf679598a8518e0318,2026-06-04 11:25:58,Indonesia,rakdapur3----,Instagram
37e07300c6cb526e9b1f78e9a2b2824f,2026-06-04 11:25:56,Indonesia,Atayasetelankaosanak----,Facebook
20365156db660587d44951fe908973bf,2026-06-04 11:25:54,Indonesia,Atayasetelankaosanak----,Facebook
9332fd7193111dd698d1e059699b740a,2026-06-04 11:25:46,Indonesia,rakdapur3----,Instagram
f08c68dcd14d22ea105a5fe74b3b30f1,2026-06-04 11:25:28,Indonesia,rakdapur3----,Instagram
dd22179ce8e5a4adf801f7298226389a,2026-06-04 11:25:23,Indonesia,Atayasetelankaosanak----,Instagram
34ea49f2080077b9beab30ae4ebb941b,2026-06-04 11:25:18,Indonesia,rakdapur3----,Facebook
be962e298ae2aa7b18c8627885ebb2c1,2026-06-04 11:24:52,Indonesia,rakdapur3----,Instagram
84d1b8e18310e2ece75f50719896b63d,2026-06-04 11:24:25,Indonesia,Atayasetelankaosanak----,Instagram
ff7fbf838c50efc6c5fc344deea62b0d,2026-06-04 11:24:13,Indonesia,Atayasetelankaosanak----,Facebook
24df03571bc25d17539981adceac2cb9,2026-06-04 11:24:13,Indonesia,Atayasetelankaosanak----,Facebook
32cc73d3dcbd483cb390c03e28739902,2026-06-04 11:24:08,-,Atayasetelankaosanak----,Facebook
40ad3baa07514d536970ea9e29a7d105,2026-06-04 11:24:07,Indonesia,Atayasetelankaosanak----,Facebook
df5afd5facef18603a85a2f11eaa7414,2026-06-04 11:24:04,Indonesia,Atayasetelankaosanak----,Facebook
52a0b6fd79fc9379a1e9401f0095a59f,2026-06-04 11:23:55,-,rakdapur3----,Instagram
7d25f02be2435726619b71ee6a7cb513,2026-06-04 11:23:35,Indonesia,Atayasetelankaosanak----,Facebook
094fd454779cd4abed91ab5b2a64db9d,2026-06-04 11:23:26,Indonesia,rakdapur3----,Instagram
8bb00b2e4838f2738ae70a95979a6b21,2026-06-04 11:23:13,Indonesia,rakdapur3----,Websites
92fceac776ca12216d077a56b0cc298c,2026-06-04 11:23:05,Indonesia,rakdapur3----,Instagram
65cd50b0ca251b3a8ed909007221e07a,2026-06-04 11:23:05,United States of America,rakdapur3----,Facebook
d89d5eefbc0b2fe933656de54fbd7cb4,2026-06-04 11:22:55,Indonesia,rakdapur3----,Others
73a45436922b9a41c0b6ff8d2d52a6ec,2026-06-04 11:22:54,Indonesia,rakdapur3----,Facebook
1926732a5b9d7564564e790622b2d9ec,2026-06-04 11:22:52,Indonesia,Atayasetelankaosanak----,Facebook
7bf7d7358d76577235386254dc62a0b6,2026-06-04 11:22:27,Indonesia,Atayasetelankaosanak----,Facebook
de9881553b0bc720a193d76e0dd85178,2026-06-04 11:22:15,Indonesia,Atayasetelankaosanak----,Facebook
991e3c85598f80645ae68cb352b39df9,2026-06-04 11:22:08,Indonesia,Atayasetelankaosanak----,Facebook
42878e8346409631e8f751506905eea2,2026-06-04 11:21:31,Indonesia,rakdapur3----,Facebook
09235c0e0334ab92846fd7ae388eee30,2026-06-04 11:21:26,Indonesia,Atayasetelankaosanak----,Others
4c1e99666f90ffbb7d36b4c8b0b28ded,2026-06-04 11:21:21,Indonesia,Atayasetelankaosanak----,Facebook
d30191bc694821bafd9bb24c0ef56a80,2026-06-04 11:20:30,Australia,rakdapur3----,Facebook
82680340f3beab2cc9b8f7e7727b99c1,2026-06-04 11:20:13,Indonesia,Atayasetelankaosanak----,Facebook
c7bf0ef9d3e78af48a87e6cddf4b0906,2026-06-04 11:19:50,Indonesia,Atayasetelankaosanak----,Facebook
7b04598e98b7d66c33a95e5fd819edb5,2026-06-04 11:19:36,Indonesia,Atayasetelankaosanak----,Facebook
bc94cebd5eb89b8b4f6d326092435b3f,2026-06-04 11:19:32,Indonesia,rakdapur3----,Facebook
504fcdd5c898bc5b9b74c0cdcc4be46b,2026-06-04 11:19:28,Indonesia,Atayasetelankaosanak----,Facebook
a29c0aba437031fb4dd74f8c92dd35ee,2026-06-04 11:18:46,Indonesia,rakdapur3----,Websites
b0bba25d5c713719cd8a8ac373a9ce4b,2026-06-04 11:17:48,United States of America,Atayasetelankaosanak----,Facebook
db03dad917b7ea244c4ccb33e4000017,2026-06-04 11:17:44,Indonesia,Atayasetelankaosanak----,Facebook
7e2de2c446bd297b2b553eb915637d63,2026-06-04 11:17:21,Indonesia,Atayasetelankaosanak----,Facebook
b7a365c82f9f1ce8a38d9f7ef6f83b6f,2026-06-04 11:16:57,Indonesia,Atayasetelankaosanak----,Facebook
ea5c3c3547e26d3586fe142dcace9620,2026-06-04 11:15:39,Indonesia,Atayasetelankaosanak----,Instagram
2fe63cf290e3fb9c1d1a0f3dd95c19be,2026-06-04 11:15:37,Indonesia,Atayasetelankaosanak----,Instagram
9bf6c2eb0a85bcde15497da606eef2e7,2026-06-04 11:15:18,Indonesia,Atayasetelankaosanak----,Facebook
bd135f03672a96bfade73d4b4a458926,2026-06-04 11:14:55,Indonesia,Atayasetelankaosanak----,Facebook
941fffaae369fcc49ca4e3a3672212c8,2026-06-04 11:14:26,Indonesia,rakdapur3----,Websites
4a0284920d8e9eb2921fc69d27ed6fdb,2026-06-04 11:14:24,Indonesia,rakdapur3----,Websites
db50d381451e8aa8c9df1e5852daf0df,2026-06-04 11:14:11,Indonesia,Atayasetelankaosanak----,Facebook
5fdd38f7300840cd97bb2abc45a9d9d4,2026-06-04 11:14:08,Indonesia,benihsayuran----,Facebook
f20d230352d4d2f206a5d1313d795608,2026-06-04 11:13:34,Indonesia,rakdapur3----,Instagram
1ffc69884fd5196c6571342f75f2c86d,2026-06-04 11:13:04,-,Atayasetelankaosanak----,Facebook
d7fa26bb8671cdf98a70e22752d20de8,2026-06-04 11:12:49,Indonesia,Atayasetelankaosanak----,Facebook
de4b8e10b8df0f75d31b3f1f05e38b3d,2026-06-04 11:12:42,Indonesia,Atayasetelankaosanak----,Facebook
8d0b9ce079068a9a8f457c68c6667960,2026-06-04 11:12:33,Indonesia,Atayasetelankaosanak----,Facebook
51540549db1c9cd1834398d6eb7942cb,2026-06-04 11:12:20,Indonesia,Atayasetelankaosanak----,Facebook
f0734f2e6148de95ad3f7e7afabb63f3,2026-06-04 11:11:44,Indonesia,Atayasetelankaosanak----,Facebook
b882d3961e3c835ee03c0578f693b338,2026-06-04 11:10:30,Indonesia,Atayasetelankaosanak----,Facebook
af2e59a8d31c8ee20f5e215e7d963de7,2026-06-04 11:09:42,Indonesia,Atayasetelankaosanak----,Facebook
03f11f33cf6013b77610f7aa1bc4660a,2026-06-04 11:09:32,-,Atayasetelankaosanak----,Facebook
904228031b8178fca892e67c37feb962,2026-06-04 11:09:07,-,rakdapur3----,Instagram
73fd0deb1ae4f28173e247f74ef2978b,2026-06-04 11:09:02,Indonesia,Atayasetelankaosanak----,Facebook
7b1bd8c05dbaa93f86cf68526f22027e,2026-06-04 11:08:29,-,rakdapur3----,Instagram
cee8ffa9a8849da761fb53d2eafe0a9b,2026-06-04 11:08:08,-,benihsayuran----,Facebook
3b13180547412ce568a12c6fa429aea9,2026-06-04 11:07:41,-,Atayasetelankaosanak----,Facebook
d6b4434efb83fe5ab0fc3603e55d842f,2026-06-04 11:07:21,Indonesia,Atayasetelankaosanak----,Facebook
3157a447258c12db4df6ad26031c6acc,2026-06-04 11:07:05,Indonesia,Atayasetelankaosanak----,Facebook
a56d7d0f1f8c68fcfb9b063acccd07fe,2026-06-04 11:07:00,Indonesia,Atayasetelankaosanak----,Instagram
e15e5b1407f85d7dc340035e0fde9934,2026-06-04 11:05:13,Indonesia,Atayasetelankaosanak----,Facebook
73d9c6cb9183b1b760c86d7c76f3a9f7,2026-06-04 11:05:09,Indonesia,Atayasetelankaosanak----,Facebook
88296170db63d12c450406f84c72bf03,2026-06-04 11:05:07,Indonesia,Atayasetelankaosanak----,Websites
6021489bfc88badd6011c7689a8701b8,2026-06-04 11:05:03,Indonesia,Atayasetelankaosanak----,Facebook
d01b293549038644d0bdfb2721cb8191,2026-06-04 11:05:01,Indonesia,Atayasetelankaosanak----,Facebook
1fd9fa9c5e83e45e9505142d675144af,2026-06-04 11:04:44,Australia,Atayasetelankaosanak----,Facebook
d741f252aac1dd044f66ae6f3c50f7d6,2026-06-04 11:04:00,Indonesia,rakdapur3----,Websites
5b06461b1ca335c06e8081279957aa42,2026-06-04 11:03:51,Indonesia,Atayasetelankaosanak----,Facebook
7553e0ee3486ed8233b7cc504621500f,2026-06-04 11:03:17,Indonesia,Atayasetelankaosanak----,Threads
6cc07cdb612fb5fe82d4649ba9a49a28,2026-06-04 11:02:56,Indonesia,Atayasetelankaosanak----,Facebook
c15c5f49d8aa3ca60cc7bfad519c241b,2026-06-04 11:02:51,Indonesia,Atayasetelankaosanak----,Facebook
af4e8b3384d9c9f9758df65d2ac2076d,2026-06-04 11:02:47,-,Atayasetelankaosanak----,Facebook
4384d8ca8106426f8023c9ee3cdaf0c0,2026-06-04 11:02:09,Indonesia,Atayasetelankaosanak----,Facebook
8a69fa32ada3549da66c6266e7087216,2026-06-04 11:01:54,Indonesia,Atayasetelankaosanak----,Facebook
67ec3138bff8431a2fb923bf61d4cc0a,2026-06-04 11:01:52,Indonesia,rakdapur3----,Instagram
3c099ac0b7cb6d5485582145c7bc4a72,2026-06-04 11:01:52,Indonesia,rakdapur3----,Instagram
7bf53ca0a686373697b679be67834d96,2026-06-04 11:01:19,Indonesia,benihsayuran----,Facebook
00ea2def97f5535bc2b226e7c3be3fdb,2026-06-04 11:01:05,Indonesia,Atayasetelankaosanak----,Facebook
94517953c78ada991316c5400bf6ad38,2026-06-04 11:00:43,Indonesia,Atayasetelankaosanak----,Facebook
449167f4d5b3b80eb4533d214c656309,2026-06-04 11:00:04,Indonesia,Atayasetelankaosanak----,Facebook
c6c1f406ee5fed022c13c81bfc1c682c,2026-06-04 10:59:04,Indonesia,Atayasetelankaosanak----,Facebook
d8d2e91c8db7b873819a92e09faea443,2026-06-04 10:58:51,Indonesia,Atayasetelankaosanak----,Facebook
01ac2201fbc84fb7da09b4d30ec91b07,2026-06-04 10:57:04,Indonesia,Atayasetelankaosanak----,Facebook
e40275622e3319a4122a136d3b8b18b1,2026-06-04 10:56:28,Indonesia,Atayasetelankaosanak----,Facebook
9fdb4b40c6cb7ab9fbf18ab55a9d9f21,2026-06-04 10:56:02,Indonesia,Atayasetelankaosanak----,Facebook
bcad2ea8d4eee72cdcd7c2dad3186201,2026-06-04 10:55:51,Indonesia,rakdapur3----,Facebook
508bc4f8c86c3478d148a0b8e578f7b8,2026-06-04 10:55:10,Indonesia,rakdapur3----,Facebook
ee5cd3972b3fc59e39dd411b0337ec1f,2026-06-04 10:54:40,Indonesia,Atayasetelankaosanak----,Facebook
8e7258010e5f4f47188ece9564acb048,2026-06-04 10:54:24,Indonesia,rakdapur3----,Facebook
4d1428c1faf72588b571749f852fa827,2026-06-04 10:52:27,Indonesia,Atayasetelankaosanak----,Facebook
076886c7f0438e1bbdb1a5887b8b1269,2026-06-04 10:51:34,Indonesia,Atayasetelankaosanak----,Facebook
2c8d88914ecaadff6280fcd6fd15b9aa,2026-06-04 10:50:38,Indonesia,benihsayuran----,Facebook
c09c20d2468ae210841b858922959e74,2026-06-04 10:50:31,Indonesia,rakdapur3----,Websites
b631cb36aa1405eb4683700593b31da4,2026-06-04 10:49:43,-,rakdapur3----,Instagram
03684e123d70c9b13355f02314eaee53,2026-06-04 10:49:39,-,rakdapur3----,Instagram
3f775a229c1da9365a9f0b224f9d5ca3,2026-06-04 10:49:37,Indonesia,Atayasetelankaosanak----,Others
29b27fbbf7775154d0937eba41db67f4,2026-06-04 10:49:16,Indonesia,Atayasetelankaosanak----,Instagram
fd48aee7616304311718bf7ebe6d8d0e,2026-06-04 10:48:48,Indonesia,Atayasetelankaosanak----,Instagram
f28191bb78d5ae35863cc7d017224019,2026-06-04 10:48:47,Indonesia,Atayasetelankaosanak----,Facebook
ab1a3cc37cbd2631b9a3f253825ad643,2026-06-04 10:48:44,Indonesia,Atayasetelankaosanak----,Facebook
cdd1073f0ecb8fd1f79d7ab5074d029b,2026-06-04 10:48:21,Indonesia,Atayasetelankaosanak----,Facebook
9d6b3e238221c24d272d7051f794533a,2026-06-04 10:48:20,Indonesia,rakdapur3----,Instagram
380905f4016b045b5de026cf9db4cf91,2026-06-04 10:47:34,Indonesia,Atayasetelankaosanak----,Facebook
c09647626d4e63f914ca26a4b3be2be4,2026-06-04 10:47:29,Indonesia,rakdapur3----,Websites
23194a6253408a6e00c593019382b65e,2026-06-04 10:47:24,Indonesia,benihsayuran----,Facebook
ed42f1528a3ced619d638c2d47475e12,2026-06-04 10:47:23,Indonesia,Atayasetelankaosanak----,Facebook
6eb1500111da083a502a385bcc20cd44,2026-06-04 10:47:11,Indonesia,rakdapur3----,Websites
44e8af9f32de4000515ac426d57e0d2c,2026-06-04 10:47:03,Indonesia,Atayasetelankaosanak----,Facebook
aa0597ae36324336ff58901c4df23233,2026-06-04 10:46:53,Indonesia,benihsayuran----,Facebook
8b8cef93e7a846de77d57b377b60dd20,2026-06-04 10:46:14,Indonesia,benihsayuran----,Facebook
1c043893bfc561df20ca885ad50aaf58,2026-06-04 10:46:06,Indonesia,Atayasetelankaosanak----,Others
fd8a22911e5f4cb78c16a70b8914a0ad,2026-06-04 10:45:32,Indonesia,Atayasetelankaosanak----,Facebook
6e964018f1401065f90f61473aa4cb82,2026-06-04 10:45:27,Indonesia,benihsayuran----,Facebook
76e01423275e21126ac8fd3092ae00e3,2026-06-04 10:45:24,-,rakdapur3----,Websites
ea30f2393bc0b7785d49357fc8792afb,2026-06-04 10:44:16,-,Atayasetelankaosanak----,Facebook
c20795c9413bea784224bb120445ce6e,2026-06-04 10:43:59,Indonesia,Atayasetelankaosanak----,Facebook
e1c5ce60a58ea9dbc519098debb48ff6,2026-06-04 10:43:30,Indonesia,Atayasetelankaosanak----,Facebook
2d8f70341062034e3656a66858e51496,2026-06-04 10:43:28,Indonesia,Atayasetelankaosanak----,Facebook
c3c5d06fa592fabe154add4b30d2f857,2026-06-04 10:42:46,Indonesia,Atayasetelankaosanak----,Facebook
38318494e261c7ca803c7775f39d3f34,2026-06-04 10:42:41,Indonesia,Atayasetelankaosanak----,Instagram
d0e60314376821c3593973f28135de47,2026-06-04 10:42:38,Indonesia,Atayasetelankaosanak----,Facebook
139d86790dbbce2b8e03e9154f87f02c,2026-06-04 10:42:32,Indonesia,Atayasetelankaosanak----,Facebook
f1ed00265174756384abf085cb2fd447,2026-06-04 10:42:09,Indonesia,Atayasetelankaosanak----,Facebook
b3d43135d14b966f17a63bc2ec394f73,2026-06-04 10:42:02,Indonesia,Atayasetelankaosanak----,Instagram
b483da8ce1be5d26835d1ccedb40c64e,2026-06-04 10:41:42,Indonesia,Atayasetelankaosanak----,Facebook
d3a9ed2fb2dfc7b50ce24f4a688c4ea0,2026-06-04 10:41:29,Indonesia,Atayasetelankaosanak----,Facebook
541810374b2167e3077529962354b4c1,2026-06-04 10:40:59,Australia,Atayasetelankaosanak----,Facebook
6e1c7a538f041572eae7a293c3b9f786,2026-06-04 10:40:50,Indonesia,Atayasetelankaosanak----,Facebook
b9e8a44e57fa43d65b8d4260dcf886d7,2026-06-04 10:40:41,Indonesia,Atayasetelankaosanak----,Instagram
75e2957f69c3f6c5203a6a7cb564e23b,2026-06-04 10:40:37,Indonesia,Atayasetelankaosanak----,Facebook
246cca0670f9ec6f8ee086464d741e1d,2026-06-04 10:40:30,Indonesia,rakdapur3----,Others
93bd08ab4b2bd010a6f323c7b89307f5,2026-06-04 10:40:27,Indonesia,rakdapur3----,Threads
cd3bedbf0417b48ccdc68237b7e442f3,2026-06-04 10:40:25,Indonesia,rakdapur3----,Instagram
25c88fd35f506609b2657ffade4355bc,2026-06-04 10:40:22,Indonesia,rakdapur3----,Instagram
dbcfee91d10ccc6634995f3724c41c71,2026-06-04 10:39:59,Indonesia,rakdapur3----,Facebook
4f6ca2c218ad8669a182330fd8d58478,2026-06-04 10:39:53,Indonesia,rakdapur3----,Facebook
939fa9d16b3429f5f9427c25cdc75bee,2026-06-04 10:39:52,Australia,Atayasetelankaosanak----,Facebook
e470a147ca9bbf7a17e05669d3a0f6fa,2026-06-04 10:39:49,Indonesia,rakdapur3----,Instagram
eefb8fd7d387ad21d183459091f509d2,2026-06-04 10:39:47,Indonesia,Atayasetelankaosanak----,Facebook
9ddb9ff75c8033ad28c86af77d73fff8,2026-06-04 10:39:43,Indonesia,rakdapur3----,Instagram
a697fa02953bd745f8254ba0c2bad9eb,2026-06-04 10:39:27,Indonesia,Atayasetelankaosanak----,Facebook
627e017d24bcef3f15045f7ef5dbf2ff,2026-06-04 10:39:11,Indonesia,Atayasetelankaosanak----,Facebook
ad0f3f6f201d818015c81990aa3e0268,2026-06-04 10:39:06,Indonesia,Atayasetelankaosanak----,Facebook
7c923e8ef4d0ae8b2e5546c74283f33d,2026-06-04 10:38:59,Indonesia,Atayasetelankaosanak----,Facebook
f454915f31c24f316448746b3fd30839,2026-06-04 10:38:49,Indonesia,Atayasetelankaosanak----,Facebook
c3a10199137825e43ca7b6f5ec2870aa,2026-06-04 10:38:24,Indonesia,rakdapur3----,Facebook
357d320c2faffb861751ca92a8909d61,2026-06-04 10:37:59,Australia,Atayasetelankaosanak----,Facebook
acdfb530a351c7e4241d1002922c23f8,2026-06-04 10:37:48,Indonesia,Atayasetelankaosanak----,Facebook
1ba9f4b9eac651056caeeff25a5821e8,2026-06-04 10:37:17,Indonesia,Atayasetelankaosanak----,Facebook
109e3c7306f56fa664b8f481026ca779,2026-06-04 10:36:55,-,Atayasetelankaosanak----,Instagram
8607d82cd3ec803a3c5ed11487f10b37,2026-06-04 10:35:56,Indonesia,Atayasetelankaosanak----,Facebook
3a69649a970be0d15698647cf10f9f82,2026-06-04 10:35:51,Indonesia,rakdapur3----,Facebook
2fa78c9ef592c1a9989585d05c04e08a,2026-06-04 10:35:03,Indonesia,rakdapur3----,Others
45c4cca694d1d3aca2f45c30f425e448,2026-06-04 10:34:57,Indonesia,Atayasetelankaosanak----,Facebook
5c5500df748e70c6c917e6595875ef88,2026-06-04 10:34:38,Indonesia,rakdapur3----,Instagram
a42a227057a9a85af1f114a4ae8a45c6,2026-06-04 10:33:39,Indonesia,rakdapur3----,Others
42d276ce7dd846b0d252a35734d0a47a,2026-06-04 10:33:19,Indonesia,Atayasetelankaosanak----,Facebook
f62775869c361fb9a4522edc9bc956af,2026-06-04 10:33:12,Indonesia,rakdapur3----,Facebook
203c8473e3d2e0d507f4f348ada3d5eb,2026-06-04 10:33:06,Indonesia,Atayasetelankaosanak----,Facebook
0e3bafdfa49b0c56f857cf34fcf52eeb,2026-06-04 10:33:06,Indonesia,Atayasetelankaosanak----,Facebook
d00295c5bc26a9033fdb30eaee241a03,2026-06-04 10:33:00,Indonesia,rakslidingkomen----,Facebook
6fb853de73c4b738e232db275944986a,2026-06-04 10:32:32,Indonesia,rakdapur3----,Instagram
bb1fa47dd52a24ae728ebfae8f743740,2026-06-04 10:31:09,Indonesia,Atayasetelankaosanak----,Facebook
393728badfa57c6cc2c71875a23235ff,2026-06-04 10:29:18,Indonesia,Atayasetelankaosanak----,Facebook
9a0426127da66d304a74a672e10d458e,2026-06-04 10:28:16,Indonesia,Atayasetelankaosanak----,Others
4bbbbdea9ec7c331dc124c16c0723971,2026-06-04 10:27:47,Indonesia,Atayasetelankaosanak----,Facebook
48a22fd6b69ba3792fd9a25e5f9b97cd,2026-06-04 10:27:15,Indonesia,Atayasetelankaosanak----,Facebook
63ce016e155e7d765aca2dfe90071cf7,2026-06-04 10:27:04,Indonesia,Atayasetelankaosanak----,Facebook
5b44742d6112785657bafd563b126d49,2026-06-04 10:26:51,Indonesia,rakdapur3----,Facebook
f60a39f0f24d0dcd8d152a37f276c47f,2026-06-04 10:26:35,Indonesia,Atayasetelankaosanak----,Facebook
ef80aaf5d53dd61e7913d779f88b6989,2026-06-04 10:26:22,Indonesia,rakdapur3----,Facebook
11e75ddbd0c2f121b3617401c5d770c4,2026-06-04 10:25:52,Indonesia,Atayasetelankaosanak----,Facebook
31af57b11966f360f5b965beabcc1ee2,2026-06-04 10:24:04,Indonesia,Atayasetelankaosanak----,Facebook
a49e83b00074341f4113bdae8073bfca,2026-06-04 10:22:41,Indonesia,Atayasetelankaosanak----,Facebook
4b1e4a3d605fce39902b08e77d2c0055,2026-06-04 10:22:32,Indonesia,rakdapur3----,Instagram
4e9f2d8acd1d7d57c71629b43557cc78,2026-06-04 10:21:54,Indonesia,rakdapur3----,Instagram
62599261517cc5221f4dce46f58eb9cd,2026-06-04 10:21:48,Indonesia,rakdapur3----,Instagram
9155c5269274a5b21e88c5a31595c9de,2026-06-04 10:21:24,Indonesia,Atayasetelankaosanak----,Facebook
9ea1f141159267cc074f4139fbab5151,2026-06-04 10:21:18,Indonesia,Atayasetelankaosanak----,Facebook
74cf976608c50d80e17271757e4514dd,2026-06-04 10:21:08,Indonesia,Atayasetelankaosanak----,Facebook
974078bffd14e29de83c7d444913829b,2026-06-04 10:21:06,Indonesia,rakdapur3----,Instagram
35378ce1f8cf0d8c158e18ea2c77f8ee,2026-06-04 10:20:20,Indonesia,Atayasetelankaosanak----,Facebook
6eb36413e1c94c1aef8d59781a39af07,2026-06-04 10:19:47,Indonesia,Atayasetelankaosanak----,Facebook
b4ff703897aea5f0abd27642f460e06a,2026-06-04 10:19:13,Indonesia,Atayasetelankaosanak----,Facebook
fcf9d6102328d48dda26b531ef9f1e33,2026-06-04 10:18:49,Indonesia,Atayasetelankaosanak----,Facebook
58373a68cf0d7c4d7a8c71a2e9c7dd67,2026-06-04 10:18:40,Indonesia,Atayasetelankaosanak----,Facebook
977dcde4db49a6ef66ec4c7259f211a6,2026-06-04 10:18:39,Indonesia,Atayasetelankaosanak----,Facebook
0785f579e4d780ebbddc021f8bb93593,2026-06-04 10:18:35,Indonesia,Atayasetelankaosanak----,Facebook
ffd38257a706c69913350cd27ab62854,2026-06-04 10:17:55,Indonesia,Atayasetelankaosanak----,Facebook
c0092104909f5ac38a3c282bf42da50f,2026-06-04 10:17:15,Indonesia,Atayasetelankaosanak----,Facebook
53ccd20d3d7fb25d1c3fac412150d52e,2026-06-04 10:17:00,Indonesia,Atayasetelankaosanak----,Facebook
d67fb20163eed64d03890ceabeabb557,2026-06-04 10:16:25,-,Atayasetelankaosanak----,Facebook
652a47fa17e570ea84d939cb73de6d66,2026-06-04 10:16:20,Indonesia,Atayasetelankaosanak----,Facebook
7cde0da20ef71b7ceae8e88302075037,2026-06-04 10:14:23,Indonesia,Atayasetelankaosanak----,Facebook
4089a6f12a258748a5ae40404d5ae931,2026-06-04 10:14:05,Indonesia,Atayasetelankaosanak----,Facebook
0dd81a13b0a44ef2dd20667db3e68374,2026-06-04 10:13:44,Indonesia,Atayasetelankaosanak----,Facebook
3f6b32db5cdb2dc890ae25ee0fa35db7,2026-06-04 10:13:30,Indonesia,Atayasetelankaosanak----,Others
62247f0d4b53edc6045916816dbd8bae,2026-06-04 10:13:27,Indonesia,benihsayuran----,Facebook
2d37603e92251e5ba565b8954eaa597f,2026-06-04 10:12:12,Indonesia,Atayasetelankaosanak----,Facebook
41d73d1cc6f488b0ddae79a1ea25aa7a,2026-06-04 10:12:03,Indonesia,Atayasetelankaosanak----,Facebook
54c5558138f73c04d6bdcb5da1691e07,2026-06-04 10:11:31,Indonesia,Atayasetelankaosanak----,Facebook
e850889620327d33e1e8c7f111514ebc,2026-06-04 10:11:21,-,Atayasetelankaosanak----,Facebook
3569831a1547badb1eb0a3d62db576bc,2026-06-04 10:10:50,Indonesia,rakdapur3----,Others
9878e84084c0a9d6f2c6b50277798581,2026-06-04 10:10:46,-,Atayasetelankaosanak----,Facebook
6e4049ebd79c6257704435077d52ab6b,2026-06-04 10:10:33,Indonesia,rakdapur3----,Others
051ef73d372c44480ed9c2b72b6a053d,2026-06-04 10:10:26,Indonesia,rakdapur3----,Facebook
2315850c2b9bfb35b65e6b7976c53ef3,2026-06-04 10:10:25,Indonesia,Atayasetelankaosanak----,Facebook
67521513016bcee95c46b060482ce1f9,2026-06-04 10:10:01,Indonesia,rakdapur3----,Others
ada897ebcb7c32df88399e2a3accb9f7,2026-06-04 10:09:51,Indonesia,rakdapur3----,Instagram
1f9f5eb707996beb19351714b1c6dcaf,2026-06-04 10:09:22,-,Atayasetelankaosanak----,Facebook
3a1ad3d8f9778e15d453938b4013be52,2026-06-04 10:09:16,Indonesia,Atayasetelankaosanak----,Facebook
7b38b064e79aa4453047e21f8be77fef,2026-06-04 10:09:10,Indonesia,Atayasetelankaosanak----,Facebook
8d780862eccfcca2217429aa998ab8c0,2026-06-04 10:08:08,Indonesia,Atayasetelankaosanak----,Facebook
0173b8c607c4abd33ec50f99ecf234a9,2026-06-04 10:08:05,Indonesia,rakdapur3----,Facebook
7759ddd6d25774163bb50ccf6481ec24,2026-06-04 10:07:04,Indonesia,Atayasetelankaosanak----,Facebook
116f0ac45b381659ce412ff77c41cb5a,2026-06-04 10:05:08,Indonesia,Atayasetelankaosanak----,Facebook
5442aa953d78f40ba34b96eb285ed655,2026-06-04 10:04:57,Indonesia,Atayasetelankaosanak----,Facebook
56ca8590e19d0ed4cf21d45b5c4b7da0,2026-06-04 10:04:43,Indonesia,Atayasetelankaosanak----,Facebook
c853d8780b07be47e2a8b319320a2be3,2026-06-04 10:04:35,Indonesia,Atayasetelankaosanak----,Facebook
9b57dba03dc4e3d2bc511658cf61e3c8,2026-06-04 10:02:50,Indonesia,Atayasetelankaosanak----,Others
083229800f6933d50907300e7ff745ac,2026-06-04 10:02:47,Indonesia,Atayasetelankaosanak----,Instagram
28cb39146db9de798c5a0e01abd49e9e,2026-06-04 10:02:43,Indonesia,Atayasetelankaosanak----,Instagram
2c0e5c7c0122c6ff6864ec1b055eaaf4,2026-06-04 10:02:18,Indonesia,Atayasetelankaosanak----,Facebook
cd6e4ed3d990681732c7da669e6eae1f,2026-06-04 10:01:10,Indonesia,Atayasetelankaosanak----,Facebook
1606e21803dea5e2bd9133c5c420dde6,2026-06-04 10:01:07,Indonesia,Atayasetelankaosanak----,Facebook
698c36a576a163659952989173a9eb55,2026-06-04 10:00:54,Indonesia,Atayasetelankaosanak----,Facebook
7bb1f08e1de3c6824c4e95d2a736fbb3,2026-06-04 10:00:41,Indonesia,Atayasetelankaosanak----,Facebook
844c64d95c2bc6c8d930d055a3109cda,2026-06-04 10:00:24,Indonesia,Atayasetelankaosanak----,Facebook
bf34ae71d92ef7364c4cd6801d3fb173,2026-06-04 10:00:17,Indonesia,Atayasetelankaosanak----,Facebook
75a506cc75c80ce5f73e710b319e6f47,2026-06-04 10:00:17,Indonesia,Atayasetelankaosanak----,Facebook
26e126745bf2e7af0297f700d0de9fee,2026-06-04 10:00:11,Indonesia,Atayasetelankaosanak----,Facebook
aa7706162ab54d15c98442ac8b70efaa,2026-06-04 09:59:52,Indonesia,rakdapur3----,Instagram
6c6794062fc45c6628829c27e5356cd8,2026-06-04 09:59:51,Indonesia,Atayasetelankaosanak----,Facebook
86936b2cdc45d035037969e15924eda5,2026-06-04 09:58:39,Indonesia,Atayasetelankaosanak----,Facebook
94ab575f7715e9bfc0e4c4ad634874a5,2026-06-04 09:58:28,Indonesia,Atayasetelankaosanak----,Facebook
6ac19dff9463e56d930efb40d971893b,2026-06-04 09:57:21,-,Atayasetelankaosanak----,Facebook
eed8a153834be46f13cd0e0640871a55,2026-06-04 09:57:18,Indonesia,Atayasetelankaosanak----,Facebook
7e323b194391033dbbb7a4d352d05950,2026-06-04 09:57:18,-,Atayasetelankaosanak----,Facebook
231aec83445a86f0fb493bcc04253734,2026-06-04 09:56:50,Indonesia,Atayasetelankaosanak----,Facebook
fc29682c5da0f2566eeca25e112bdc1a,2026-06-04 09:56:25,Indonesia,Atayasetelankaosanak----,Facebook
3ad298fa8e3a5fff770092f0b2d92852,2026-06-04 09:55:36,Indonesia,Atayasetelankaosanak----,Facebook
7ad5f21dfc664ce8ac65ccd0f7ca638c,2026-06-04 09:55:12,Indonesia,Atayasetelankaosanak----,Facebook
97246a77e951c7642d3d2b5c8fc3a881,2026-06-04 09:55:03,Indonesia,Atayasetelankaosanak----,Facebook
b7da9589119253fd9961be20667ef594,2026-06-04 09:54:49,Indonesia,Atayasetelankaosanak----,Facebook
a747ebb6cd606030f30978c539fec4e9,2026-06-04 09:54:06,Indonesia,Atayasetelankaosanak----,Facebook
2f7368a1bc82773696570dd28718a0b0,2026-06-04 09:53:25,Indonesia,Atayasetelankaosanak----,Facebook
b9921c91ad1b32bb8e803956735676f2,2026-06-04 09:53:18,Indonesia,Atayasetelankaosanak----,Facebook
6fd630ac89a11024a6c884a8f309f9cd,2026-06-04 09:52:45,Indonesia,Atayasetelankaosanak----,Facebook
4005f82d921c2e6212371f6cee2a98b7,2026-06-04 09:51:31,Australia,Atayasetelankaosanak----,Facebook
2b691ced445ffd73584c69d8597c71df,2026-06-04 09:51:20,Indonesia,Atayasetelankaosanak----,Instagram
da4f10d1aa77a729a62a5755c6887741,2026-06-04 09:50:37,Indonesia,Atayasetelankaosanak----,Instagram
912d0e4f37dd85c3887c91433411abc8,2026-06-04 09:50:18,Indonesia,Atayasetelankaosanak----,Facebook
87077752f62063894d107bcaaf0bb747,2026-06-04 09:50:04,Indonesia,Atayasetelankaosanak----,Facebook
1d32a8c5443c2f075c34cf51d99e4bf2,2026-06-04 09:49:37,Indonesia,rakdapur3----,Websites
1447f8b4bbf2c2d68f98307a6539b018,2026-06-04 09:49:08,Indonesia,Atayasetelankaosanak----,Facebook
373bb4b7262719de1e7fb35c0778608c,2026-06-04 09:48:23,Indonesia,rakdapur3----,Instagram
8d3da9ac40b3a7203854a519ed3f6a89,2026-06-04 09:48:06,Indonesia,Atayasetelankaosanak----,Facebook
9726bdf2bdfff69f76e40fe9704bbd12,2026-06-04 09:47:01,Indonesia,Atayasetelankaosanak----,Others
fddd4e3c10c35dafdd575fe571a191e0,2026-06-04 09:47:00,Indonesia,Atayasetelankaosanak----,Facebook
700ec5bbdf33e6c15e8e12b9dcef072b,2026-06-04 09:46:38,Indonesia,Atayasetelankaosanak----,Facebook
8bdbc11b170ae3653e44866d4fa7494d,2026-06-04 09:46:36,Indonesia,Atayasetelankaosanak----,Facebook
f1c56317511a1991d1f25cfee205324b,2026-06-04 09:46:34,Indonesia,Atayasetelankaosanak----,Facebook
9366a6c2790e704dbae2535e9c82c22a,2026-06-04 09:45:56,Indonesia,Atayasetelankaosanak----,Facebook
f521f0a056e7fdbd9862c189b81fda31,2026-06-04 09:45:24,-,Atayasetelankaosanak----,Facebook
7dcea1fe9ddf9a138cec4b86e818f130,2026-06-04 09:45:06,Indonesia,Atayasetelankaosanak----,Facebook
902d5061607796fde1c55161f71a9042,2026-06-04 09:45:04,Indonesia,rakdapur3----,Facebook
6b32d56e346157d2d6fb6364d2a3251d,2026-06-04 09:44:26,Indonesia,Atayasetelankaosanak----,Facebook
11e64cb56d91e4affee0ff2bd29fee3b,2026-06-04 09:43:28,Indonesia,Atayasetelankaosanak----,Facebook
e1bf874bdeed6c678444ac90cd4a8e92,2026-06-04 09:43:01,Indonesia,Atayasetelankaosanak----,Facebook
c63332ac0f4ed74635c8eda545ba2bc7,2026-06-04 09:43:01,Indonesia,rakdapur3----,Facebook
e8a7d294dbd1fe7cb88bdc50376a28ed,2026-06-04 09:42:49,Indonesia,Atayasetelankaosanak----,Facebook
6181ae3cd7db7b620709e24b56d3ad93,2026-06-04 09:42:49,Indonesia,Atayasetelankaosanak----,Facebook
084291ffb9ad58186216efe7ebb979e0,2026-06-04 09:42:27,Indonesia,rakdapur3----,Websites
76817ade4abcc4a7b292b9371a091198,2026-06-04 09:42:11,Indonesia,rakdapur3----,Facebook
c82e949e24e09e3d55edc1911cbd8bb4,2026-06-04 09:42:02,Indonesia,Atayasetelankaosanak----,Facebook
a0786652c6f44ecec088f38ea58b15fa,2026-06-04 09:41:17,Indonesia,rakdapur3----,Facebook
222aad17ac2f9ce61404057b2be86dea,2026-06-04 09:41:12,Indonesia,Atayasetelankaosanak----,Facebook
75b7f674265969c424e1508b976cfb50,2026-06-04 09:41:04,Indonesia,benihsayuran----,Instagram
66d8d854a4535efc0f1781fcc51aaccd,2026-06-04 09:40:59,Indonesia,benihsayuran----,Instagram
32437383d6ff392bb73fc0a08b6b15e1,2026-06-04 09:40:54,Indonesia,benihsayuran----,Instagram
964fd885a7a1344f8fb51789978bc385,2026-06-04 09:40:15,Indonesia,rakdapur3----,Instagram
a9bf7bddf5d707c1a12dc083493d8810,2026-06-04 09:39:42,Indonesia,Atayasetelankaosanak----,Facebook
4b833168bf3d3383e8491f80b76e797f,2026-06-04 09:39:39,Indonesia,Atayasetelankaosanak----,Instagram
efbb60d76fc7a08808259207766236e3,2026-06-04 09:39:18,Indonesia,rakdapur3----,Instagram
c6747f1880dba6daeecf4be8eebb8b5f,2026-06-04 09:39:13,Indonesia,rakdapur3----,Facebook
e653a7bc2526bea1c621de9fc9a1ca4a,2026-06-04 09:39:07,Indonesia,rakdapur3----,Instagram
2993d84d12cd6ec7af0ca94d46a84075,2026-06-04 09:39:01,Indonesia,Atayasetelankaosanak----,Instagram
7890be91d38939f651f9cd6ac1a3c8bd,2026-06-04 09:38:42,Indonesia,Atayasetelankaosanak----,Facebook
4c6a9334034684e028890b3aaaa15d91,2026-06-04 09:38:42,Indonesia,rakdapur3----,Instagram
ab05748d3738238882796d3cc5ba7246,2026-06-04 09:37:40,Indonesia,Atayasetelankaosanak----,Facebook
9913c2fb4669caa2241cfcb0c673763f,2026-06-04 09:37:20,Indonesia,Atayasetelankaosanak----,Facebook
cbde979226be9acfcb79010b1c84f20d,2026-06-04 09:37:17,Indonesia,Atayasetelankaosanak----,Others
9e0914a64f978d1e627e1a9c6adb2377,2026-06-04 09:36:39,Indonesia,Atayasetelankaosanak----,Facebook
7fbbaddc4bd33137fb4f327df9c72eeb,2026-06-04 09:36:33,Indonesia,Atayasetelankaosanak----,Facebook
e76253c2990d9fc9e6da5ba4f440134b,2026-06-04 09:36:27,Indonesia,Atayasetelankaosanak----,Facebook
cb61a4eb03282f9303f17571b090bb63,2026-06-04 09:36:21,Indonesia,rakdapur3----,Facebook
1244354e66ae191759a843c4f6319b13,2026-06-04 09:36:21,-,Atayasetelankaosanak----,Facebook
ba3967a63400ec20532500c0d491fb2f,2026-06-04 09:35:58,Indonesia,Atayasetelankaosanak----,Facebook
e451e463a458b25700dd713812d16e0a,2026-06-04 09:35:54,-,benihsayuran----,Facebook
249c0feaf12148f723d30dca5f34b88a,2026-06-04 09:35:48,Indonesia,Atayasetelankaosanak----,Others
e611a71481fb25498abb4c47e83162c7,2026-06-04 09:35:39,United States of America,rakdapur3----,Others
47d3a5e02ab971b2ee1c7f6dfb8ff6cd,2026-06-04 09:35:38,Indonesia,Atayasetelankaosanak----,Websites
c3f173f8522527913c7a87f91f2eac72,2026-06-04 09:35:37,Indonesia,Atayasetelankaosanak----,Facebook
10e673aa07161b490764a00cd0420422,2026-06-04 09:35:33,Indonesia,Atayasetelankaosanak----,Facebook
42f1f53cac13ad4ca9865cc0df8b2003,2026-06-04 09:35:32,United States of America,rakdapur3----,Facebook
286ef4438ce2fadaa47dd2d83da8aa9b,2026-06-04 09:35:19,Indonesia,rakdapur3----,Facebook
c713df5d9c14bb0d4fd8ea8d982ad61e,2026-06-04 09:34:36,-,Atayasetelankaosanak----,Facebook
7d2f078b8b9921d6cafa9e61b9f818f5,2026-06-04 09:33:46,Indonesia,Atayasetelankaosanak----,Facebook
ee171acf342737913a8766942eaaa038,2026-06-04 09:33:30,Indonesia,Atayasetelankaosanak----,Facebook
a43be6a6886d8fa98f06a1ae032aa2e9,2026-06-04 09:33:21,Indonesia,Atayasetelankaosanak----,Facebook
e942ba5f83b5ee50429ba225fc8bf10b,2026-06-04 09:32:41,Indonesia,rakdapur3----,Facebook
db029f88ebb26255371cc6fa23a702af,2026-06-04 09:32:32,Indonesia,Atayasetelankaosanak----,Others
043ebeb2a88a4654a4591b47d540dd54,2026-06-04 09:32:31,Indonesia,Atayasetelankaosanak----,Instagram
a8453023917a60584e1fc79c7ca17815,2026-06-04 09:32:17,Indonesia,rakdapur3----,Facebook
5a664f0608a99e8f3e0cd29441fed7a9,2026-06-04 09:32:02,Indonesia,Atayasetelankaosanak----,Instagram
a5472cdec080e753ab3f23cb49fb1662,2026-06-04 09:31:19,Indonesia,rakdapur3----,Instagram
95d746cd9f782f9e48ec2f55af65fa1a,2026-06-04 09:31:18,Indonesia,Atayasetelankaosanak----,Others
bbf4da41e876235e46b12d7abdfcb619,2026-06-04 09:31:14,Indonesia,Atayasetelankaosanak----,Facebook
e4376357ae62fbf00f36c8fc75e54a3a,2026-06-04 09:30:57,Indonesia,Atayasetelankaosanak----,Facebook
b09b82fe3637d68d7c94aa508e61de18,2026-06-04 09:30:53,Indonesia,rakdapur3----,Websites
5a1576852efb9660edb915e1f0ee4825,2026-06-04 09:30:50,Indonesia,rakdapur3----,Instagram
36c37281415465f557021e6cf8d41a1d,2026-06-04 09:30:42,Indonesia,Atayasetelankaosanak----,Facebook
2d00ab0f7681d4228430c965716511c7,2026-06-04 09:30:40,Indonesia,rakdapur3----,Websites
39bdac67a2e7ef4470af21013ea98058,2026-06-04 09:30:17,Indonesia,rakdapur3----,Others
d227294e89c76030258dd49ddc4c6379,2026-06-04 09:30:13,Indonesia,rakdapur3----,Others
7ac363ed611bdcdaad35552c8ad1878e,2026-06-04 09:29:52,Indonesia,Atayasetelankaosanak----,Facebook
f1f749a5cecae208afc8202f9d6ccf36,2026-06-04 09:29:50,Indonesia,rakdapur3----,Instagram
acc124e1ac98fd494660afdeb6dc4973,2026-06-04 09:29:50,-,Atayasetelankaosanak----,Facebook
5158c8b7bbaaf46024cd2f1ff2470556,2026-06-04 09:29:37,Indonesia,rakdapur3----,Instagram
fcacdbcc4ab4183757d9444ddf75d94a,2026-06-04 09:29:21,Indonesia,rakdapur3----,Instagram
fba5c0f7ca23bbecf1c1c2fa181884d7,2026-06-04 09:29:07,Indonesia,rakdapur3----,Websites
3dc69de4e3cf66da2265c2edda5ad782,2026-06-04 09:29:06,Indonesia,rakdapur3----,Websites
1dcc110aac7463b7923a6c29f7b3967b,2026-06-04 09:28:57,Indonesia,rakdapur3----,Facebook
44038a3f74604d954105b03381ee284a,2026-06-04 09:28:23,Indonesia,rakdapur3----,Facebook
462440a0efd383c581be9737cef06dea,2026-06-04 09:28:18,Indonesia,Atayasetelankaosanak----,Facebook
1b53fcf7d0d9d5419a002871bc212b7c,2026-06-04 09:28:01,Indonesia,Atayasetelankaosanak----,Facebook
2ca786ff7d5055f83ae2e84030436cbd,2026-06-04 09:27:53,Indonesia,rakdapur3----,Instagram
d3778e0b9df29293c3b694f79725e052,2026-06-04 09:27:45,Indonesia,rakdapur3----,Others
5cf448cd6d993a53223b552dff63e1c4,2026-06-04 09:27:41,Indonesia,Atayasetelankaosanak----,Facebook
66daa39f6dc93db4365dfa3dd20eaaa5,2026-06-04 09:27:36,Indonesia,Atayasetelankaosanak----,Facebook
4790d8f806a0dfe76242016772ddaabe,2026-06-04 09:26:02,Indonesia,rakdapur3----,Others
f3183b4cedb5bc20b1a0b16bf20f3284,2026-06-04 09:24:50,Indonesia,Atayasetelankaosanak----,Facebook
9432eba5f9e7d892d70574d13fa9b4d7,2026-06-04 09:24:35,Indonesia,Atayasetelankaosanak----,Facebook
98c77fab9f1f249092e1b0fff3fd701a,2026-06-04 09:24:25,Indonesia,Atayasetelankaosanak----,Facebook
d117b07fb1a8b5aacf5e60b9a0fab198,2026-06-04 09:24:24,Indonesia,rakdapur3----,Threads
75a0100e86119a15ad53ff9f53aee183,2026-06-04 09:24:09,Indonesia,rakdapur3----,Facebook
cf4b3335f37dfb4879f99c9f87df78bd,2026-06-04 09:22:35,Indonesia,Atayasetelankaosanak----,Facebook
7ccf88d376432a91a80f597a6fa29e33,2026-06-04 09:22:35,Indonesia,Atayasetelankaosanak----,Facebook
c662b75679fcc22f5bf2ddc3550936c5,2026-06-04 09:22:27,-,Atayasetelankaosanak----,Facebook
c73083327eef5bc85389c508d92cae9d,2026-06-04 09:22:22,Indonesia,Atayasetelankaosanak----,Facebook
c1cd18a3fc116ba0418e262fb91c2b3a,2026-06-04 09:22:08,Indonesia,Atayasetelankaosanak----,Facebook
5ea62594b948e42377365f5ff6eeb201,2026-06-04 09:20:53,Indonesia,rakdapur3----,Facebook
74e67c797df5100a8e7f0b37c4d4da83,2026-06-04 09:20:49,Indonesia,rakdapur3----,Facebook
e282ee6ac91626a63c781b0319643f5c,2026-06-04 09:20:24,Indonesia,rakdapur3----,Instagram
2a8b93f1b8c0b7aa3bac9e206bef0ae8,2026-06-04 09:20:19,Indonesia,Atayasetelankaosanak----,Facebook
e8705a3b81d7654d608bac7729823fea,2026-06-04 09:19:47,Indonesia,Atayasetelankaosanak----,Facebook
c5486ddae94dc7eb27b5c448e0bbeb69,2026-06-04 09:19:01,Indonesia,Atayasetelankaosanak----,Facebook
0eb3a374b34071c79e19e93010fcfa99,2026-06-04 09:18:37,Indonesia,rakdapur3----,Websites
330262b2d5a68e276d74613c66a5c3a5,2026-06-04 09:18:26,Indonesia,rakdapur3----,Websites
a9edf1093ccc43e663886f3c313f1d6d,2026-06-04 09:18:17,Indonesia,rakdapur3----,Websites
292928901ba44fb9a73fe983f8ef28b6,2026-06-04 09:18:03,Indonesia,rakdapur3----,Websites
02ecfe456386a212b8f524e765db099b,2026-06-04 09:17:30,Indonesia,Atayasetelankaosanak----,Facebook
a44b89ac4cd2f7e04733baeefc1eee3e,2026-06-04 09:17:16,Indonesia,rakdapur3----,Facebook
de203200e5477bcc5846a6843d67acba,2026-06-04 09:16:35,Indonesia,Atayasetelankaosanak----,Facebook
dd1265a8e35b4ba3d35410b95e4f643e,2026-06-04 09:15:47,United States of America,rakdapur3----,Facebook
e1ed3cd2292492a380625aec37d06e56,2026-06-04 09:15:32,Indonesia,rakdapur3----,Instagram
de930330f7aa1f4543a37a5c439b676b,2026-06-04 09:14:22,Indonesia,Atayasetelankaosanak----,Facebook
7a5086fdee4d4fa6172f52fd3217f9b5,2026-06-04 09:14:14,Indonesia,Atayasetelankaosanak----,Facebook
16e820af39baf474f42ad6f511550efa,2026-06-04 09:13:44,Indonesia,Atayasetelankaosanak----,Facebook
6da8f4af3ca9e910ee56cbbf3bc790e4,2026-06-04 09:13:23,Indonesia,Atayasetelankaosanak----,Facebook
6f6a04dae0f931a926468ddfed2accac,2026-06-04 09:12:45,Indonesia,Atayasetelankaosanak----,Facebook
9b7deaf87ad2a089b2c6814324067eee,2026-06-04 09:12:05,-,Atayasetelankaosanak----,Facebook
52639aad48c6c4d2ea459824817fc0ad,2026-06-04 09:11:17,United States of America,Atayasetelankaosanak----,Facebook
b3646ba95bf278f8d35e06459a1d482a,2026-06-04 09:10:48,Indonesia,Atayasetelankaosanak----,Facebook
7ee0b24f29a722ad4b3cecf2754a7be8,2026-06-04 09:10:27,Indonesia,Atayasetelankaosanak----,Facebook
765d3b7fdeacdbec9c7c1f627545305a,2026-06-04 09:09:21,Indonesia,Atayasetelankaosanak----,Facebook
6c9a07b2593f373ea53a822cbb2ef4d8,2026-06-04 09:09:02,Indonesia,Atayasetelankaosanak----,Facebook
929c086eda2da632eca68e9a2310dee7,2026-06-04 09:08:15,Indonesia,Atayasetelankaosanak----,Facebook
2acee57ad71b1d0dfe949213bd20a0e2,2026-06-04 09:07:17,Indonesia,Atayasetelankaosanak----,Facebook
b7200375f64e80686991cde2639abc33,2026-06-04 09:06:03,Indonesia,rakdapur3----,Websites
ff1f61de0e85f1ee896a573572a78731,2026-06-04 09:04:47,Indonesia,rakdapur3----,Facebook
264714815d4e1e466d4a5d8bf00d3322,2026-06-04 09:04:34,Indonesia,Atayasetelankaosanak----,Facebook
c955f37906f2055a30e2391b23664671,2026-06-04 09:04:10,Indonesia,Atayasetelankaosanak----,Facebook
02506342f731f14da72b97c7c83a56ca,2026-06-04 09:03:12,Indonesia,Atayasetelankaosanak----,Others
546ac188e228c673aaee25ea6f67cb0f,2026-06-04 09:02:50,Indonesia,Atayasetelankaosanak----,Facebook
107282a50de5b240eb3181304273beea,2026-06-04 09:02:39,Indonesia,Atayasetelankaosanak----,Others
817edac62152fc168537e9195d374948,2026-06-04 09:02:03,Indonesia,Atayasetelankaosanak----,Others
593e2a633fbac4889a5872ae07b7de38,2026-06-04 09:01:44,Indonesia,Atayasetelankaosanak----,Others
ff499089a70f7b2e4ebe282e7155dfda,2026-06-04 09:01:42,Indonesia,Atayasetelankaosanak----,Facebook
22525d138d357a10a09e2189b75b3373,2026-06-04 09:01:16,Indonesia,Atayasetelankaosanak----,Others
505fc4b900abf35d0bc05ad30f3b43e6,2026-06-04 09:01:11,Indonesia,Atayasetelankaosanak----,Others
cb7fe3d2140cb12d08d75ccfdcac2806,2026-06-04 09:01:00,Indonesia,Atayasetelankaosanak----,Instagram
08d17be4ada457b19cf1012dc74ef4be,2026-06-04 09:00:55,Indonesia,Atayasetelankaosanak----,Others
d53a0ac51167ff072dce33bc5e79e9c1,2026-06-04 09:00:34,Indonesia,Atayasetelankaosanak----,Instagram
186f57bca813efd14f7c3575d981c35f,2026-06-04 09:00:24,Indonesia,Atayasetelankaosanak----,Others
24b594106eec0d012905eae2d9530082,2026-06-04 08:59:36,Indonesia,Atayasetelankaosanak----,Others
9fa2e4b52e8b967a4468595ac651b0d1,2026-06-04 08:59:15,Indonesia,Atayasetelankaosanak----,Facebook
6e3f87a3adbee4d6035873a894b283cf,2026-06-04 08:58:34,Indonesia,Atayasetelankaosanak----,Facebook
a59eeb7963b31dc5c4847d4604238e93,2026-06-04 08:58:14,Indonesia,Atayasetelankaosanak----,Facebook
288613f120394a2355c3be16fda633ee,2026-06-04 08:58:10,Indonesia,Atayasetelankaosanak----,Facebook
7bc4575eeeefcaf10631e5cfbe4f5407,2026-06-04 08:57:00,-,Atayasetelankaosanak----,Facebook
4979e98ad885ae7f70eded68e9d27104,2026-06-04 08:56:55,Indonesia,Atayasetelankaosanak----,Facebook
7f8216c3d1f8a56dcea7f888bb6448b3,2026-06-04 08:56:40,Indonesia,rakdapur3----,Instagram
b5276fc34e43fa18a822fd256f593e4f,2026-06-04 08:55:20,Indonesia,Atayasetelankaosanak----,Facebook
a365f5bb671e821e892c5b78179a1a2d,2026-06-04 08:53:30,-,Atayasetelankaosanak----,Facebook
0f48c176e6452b34d2c5edd6044f2907,2026-06-04 08:53:24,Indonesia,Atayasetelankaosanak----,Facebook
8d5327dde05823742eed5cbdbb780222,2026-06-04 08:53:11,Indonesia,benihsayuran----,Facebook
02c96cf89042777d09e1af811456287f,2026-06-04 08:52:37,Indonesia,Atayasetelankaosanak----,Facebook
539941008458806f711e6ea5a6fbef12,2026-06-04 08:52:21,Indonesia,Atayasetelankaosanak----,Facebook
05cabd1dd2174cb91714cbd138e289e7,2026-06-04 08:51:57,Indonesia,Atayasetelankaosanak----,Others
249cc07f1ba181aea5fff98f4794768c,2026-06-04 08:51:42,Indonesia,Atayasetelankaosanak----,Others
7541e86d8149e792f7fe69299d6689ba,2026-06-04 08:51:31,Indonesia,Atayasetelankaosanak----,Facebook
b4241dc6399b016c61be1cc46738d48f,2026-06-04 08:51:23,Indonesia,Atayasetelankaosanak----,Facebook
3422d65dd1e19006e61dc9b1bc9063a7,2026-06-04 08:51:18,Indonesia,Atayasetelankaosanak----,Facebook
fb59a9c6c919440721838abfd914f355,2026-06-04 08:51:13,Indonesia,Atayasetelankaosanak----,Threads
9a234b95725d0c516d42581338d5703b,2026-06-04 08:50:35,Indonesia,Atayasetelankaosanak----,Facebook
946bbbd42be7f0284ef9752cae168796,2026-06-04 08:50:28,Indonesia,Atayasetelankaosanak----,Facebook
fdd7a003f782c0640bce7d6321825f0f,2026-06-04 08:50:09,Indonesia,Atayasetelankaosanak----,Facebook
38ac6e0e06a45642ff2912c645c886f0,2026-06-04 08:48:28,Indonesia,Atayasetelankaosanak----,Facebook
9d9d0bc465c17af5d1d32842e466678a,2026-06-04 08:48:27,Indonesia,Atayasetelankaosanak----,Facebook
aae65bc0481ad3019bc5bcc51ec33118,2026-06-04 08:47:19,Indonesia,Atayasetelankaosanak----,Facebook
0007b0987593bf856d555d1be546d8c7,2026-06-04 08:46:19,-,Atayasetelankaosanak----,Facebook
165ae388982c547e109f9f59c1bc99b4,2026-06-04 08:46:17,Indonesia,rakslidingkomen----,Facebook
697dc948cc71a8a4b6cfac6349f368e2,2026-06-04 08:45:40,Indonesia,Atayasetelankaosanak----,Facebook
eb0564b4c3f2acaa62b36e22e08f0c12,2026-06-04 08:45:33,Indonesia,Atayasetelankaosanak----,Facebook
b1bf96e90f6dbe76b7a2d832d40a5540,2026-06-04 08:45:21,Indonesia,Atayasetelankaosanak----,Facebook
3866caf5c690c6b2a52b74be3f2be408,2026-06-04 08:45:05,Indonesia,Atayasetelankaosanak----,Facebook
3f260ed2694dbdc09a47cd53cc1f3e10,2026-06-04 08:45:01,Indonesia,rakdapur3----,Others
e1656fc325be8dd6d8fb3dc027bc3fa1,2026-06-04 08:44:51,Indonesia,rakdapur3----,Facebook
1f50c1e1c59c4eb2513a897f24f3dfd9,2026-06-04 08:44:50,Indonesia,Atayasetelankaosanak----,Facebook
31c3d2b950de977402511f9fa11cb14d,2026-06-04 08:44:49,Indonesia,rakdapur3----,Others
87e2fafd7ca177b00f19e7c24d666f93,2026-06-04 08:44:44,Indonesia,rakdapur3----,Instagram
c74f754351afdb05fd12b6bd71502352,2026-06-04 08:44:35,Indonesia,rakdapur3----,Others
c6817f2ef3a00c864a39684d6f8e08e9,2026-06-04 08:44:35,Indonesia,Atayasetelankaosanak----,Instagram
5cb0f90d236b40b78673e67b2a25c183,2026-06-04 08:44:18,-,Atayasetelankaosanak----,Facebook
303cd8ce0b82c62eff05870023c01b57,2026-06-04 08:44:16,Indonesia,rakdapur3----,Instagram
8949dbed94ccefe11c8a9fa22cb80331,2026-06-04 08:44:11,Indonesia,Atayasetelankaosanak----,Facebook
1f43fb8e9a79bffd3e6908cce0e6f161,2026-06-04 08:44:05,Indonesia,Atayasetelankaosanak----,Instagram
64cccea1980e52c154533514fc0b6964,2026-06-04 08:44:02,Indonesia,rakdapur3----,Threads
71a529ea504cbaff734884d34f1b1a87,2026-06-04 08:43:47,Indonesia,rakdapur3----,Threads
ed08dab14550e7947828127caca3e240,2026-06-04 08:43:45,Indonesia,rakdapur3----,Others
849f12ae6b6bf19afdd4107aba03bb23,2026-06-04 08:43:43,Indonesia,rakdapur3----,Others
9372065f989db36cc25b90370b47f71c,2026-06-04 08:43:39,Indonesia,rakdapur3----,Instagram
c6054ed528f3827a78823db19f61d18f,2026-06-04 08:43:33,Indonesia,rakdapur3----,Instagram
7fadb3a77031bd3818a3cb931d351987,2026-06-04 08:43:18,Indonesia,rakdapur3----,Facebook
eb72befb03b2fe47b069a6c28e97fe11,2026-06-04 08:43:13,Indonesia,Atayasetelankaosanak----,Facebook
eed93aeac6609ce1733fd21846927b3e,2026-06-04 08:42:58,Indonesia,rakdapur3----,Facebook
5f1b68d0351bd5fa6d818fa7dbcd8031,2026-06-04 08:42:58,Indonesia,rakdapur3----,Facebook
69552cab645c54efdb1cd7916977b284,2026-06-04 08:42:29,Indonesia,rakdapur3----,Threads
ec3beebce3f3648ac03d494400bd4202,2026-06-04 08:42:27,Indonesia,katalog-rak---,Others
66d59042ac3e7d287dab5bdac74bcba3,2026-06-04 08:42:03,Indonesia,Atayasetelankaosanak----,Facebook
039a99a29fb8368a0c315d753cb17f3f,2026-06-04 08:41:55,Indonesia,rakdapur3----,Instagram
228b0140da41ff3f687bd372f365a16a,2026-06-04 08:41:25,Indonesia,Atayasetelankaosanak----,Facebook
b86d46ef3ea84f5dd88711580c9c23d2,2026-06-04 08:40:56,Indonesia,rakdapur3----,Instagram
0ac169876c5ea2944f43dd5fc89d6d65,2026-06-04 08:40:45,Indonesia,Atayasetelankaosanak----,Facebook
6e41a9fe7d82eb85f207e9473d5c6d6c,2026-06-04 08:40:11,Indonesia,rakdapur3----,Instagram
ea3aa75e4a747bfb96372866328ed3f1,2026-06-04 08:40:09,Indonesia,Atayasetelankaosanak----,Facebook
d58edddcc91647a108d4d8277f075fa3,2026-06-04 08:39:56,Indonesia,rakdapur3----,Facebook
92283ceee59b38d8753e0af9b26de947,2026-06-04 08:39:40,Indonesia,rakdapur3----,Facebook
ae8543df3e9d92b415d5bf77c442a1cc,2026-06-04 08:38:18,Indonesia,rakdapur3----,Websites
58120233101c87012b826fa38236821f,2026-06-04 08:37:27,Indonesia,rakdapur3----,Facebook
125f9114ac51710662c6c2b02a79eb15,2026-06-04 08:37:23,Indonesia,Atayasetelankaosanak----,Facebook
fb0785143d8a9c8f9752f25f648008e0,2026-06-04 08:36:50,Indonesia,Atayasetelankaosanak----,Facebook
01d0e1a96f171bc143136dcee4e0c110,2026-06-04 08:36:25,Indonesia,Atayasetelankaosanak----,Facebook
21ee2349f463cc9dc5e4150ea25eaca2,2026-06-04 08:36:00,Indonesia,rakdapur3----,Others
71206b42fadaac256cb9624188c48cf8,2026-06-04 08:35:44,Indonesia,rakdapur3----,Websites
33ee08d816177a8fa5e435a364631fd8,2026-06-04 08:35:23,Indonesia,Atayasetelankaosanak----,Instagram
f515cd7b7ca7cec1ae6ba3b5056f1a7f,2026-06-04 08:35:20,Indonesia,Atayasetelankaosanak----,Facebook
f3f700636d55b24738002c4de41e74a9,2026-06-04 08:35:00,Indonesia,Atayasetelankaosanak----,Facebook
336dee9c62b13c6d127bebf5b8514ef7,2026-06-04 08:34:32,Indonesia,Atayasetelankaosanak----,Threads
b0b1d892bf735488d293855a08947143,2026-06-04 08:34:13,Indonesia,Atayasetelankaosanak----,Facebook
f70c6939f42488e28a03f912f0ecdd74,2026-06-04 08:34:12,Indonesia,Atayasetelankaosanak----,Facebook
803d1ce490120f565d57eecbd77e1d2a,2026-06-04 08:32:46,Indonesia,Atayasetelankaosanak----,Facebook
b961db17a1d02e10dbc1fd5f67e791f8,2026-06-04 08:32:24,Indonesia,rakdapur3----,Facebook
62d8745ccdedfabd41470e2e5b0e2f55,2026-06-04 08:32:20,Indonesia,Atayasetelankaosanak----,Facebook
8fb9d7b53fa4e39e31aa20835019bd86,2026-06-04 08:32:19,Indonesia,Atayasetelankaosanak----,Facebook
eb86c83c2e1eed7fe4880f57fbf80b3a,2026-06-04 08:32:17,Indonesia,Atayasetelankaosanak----,Facebook
2c8c53d0b4cf6d263fc6134df61a5f8d,2026-06-04 08:31:52,Indonesia,Atayasetelankaosanak----,Facebook
a4a4a855b86346c335625bd1cdfd325f,2026-06-04 08:31:49,Indonesia,rakdapur3----,Instagram
4e432bf5c0d792817e03f6cc1a6b1894,2026-06-04 08:31:31,Indonesia,Atayasetelankaosanak----,Facebook
61574caebb91de283da51677f8912381,2026-06-04 08:31:23,Indonesia,rakdapur3----,Instagram
5f7592bdc82d2e29400d5ffd1e656cb5,2026-06-04 08:31:23,Indonesia,Atayasetelankaosanak----,Facebook
cc545bcb35e6eb97ada783db72c5daff,2026-06-04 08:31:00,Indonesia,rakdapur3----,Threads
2924da70d68518a0450b7ddbc30feb41,2026-06-04 08:31:00,Indonesia,Atayasetelankaosanak----,Facebook
57b5b4649d71386c3863e3354a51e0d7,2026-06-04 08:30:50,Indonesia,Atayasetelankaosanak----,Facebook
4a8d42f2d91a715c3f3a5ade1e30ca0c,2026-06-04 08:30:24,Indonesia,rakdapur3----,Others
b402c4f71c2bb5d02ec9cad730cb8d1a,2026-06-04 08:30:17,Indonesia,rakdapur3----,Websites
1076de5e2061c4f28bb85c60deb5058e,2026-06-04 08:30:15,Indonesia,rakdapur3----,Instagram
d5525ee91bd8d2c20557a2af2646f274,2026-06-04 08:29:49,Indonesia,rakdapur3----,Instagram
496f8af73dba0a6078a1db9343f33608,2026-06-04 08:28:15,-,Atayasetelankaosanak----,Facebook
23e1a8c46907ce658bf978c232d8209b,2026-06-04 08:28:06,Indonesia,Atayasetelankaosanak----,Facebook
22e9a8560836eb6b6830d95a20a4a161,2026-06-04 08:26:58,Indonesia,Atayasetelankaosanak----,Facebook
c7ef58332360e46abb6c2489f46c449b,2026-06-04 08:26:49,Indonesia,rakdapur3----,Threads
048734e16d32aa3e8e18128e94008756,2026-06-04 08:24:19,Indonesia,rakdapur3----,Websites
a901864cb2ad02e0ee2bb8a61da16265,2026-06-04 08:24:12,Indonesia,rakdapur3----,Websites
db1932a45c2264a4a328f17f8ab3d4a7,2026-06-04 08:24:08,Indonesia,rakdapur3----,Websites
2beef4c74b6cdcdc073d46c130328879,2026-06-04 08:23:44,Indonesia,rakdapur3----,Websites
eb87cf1d25ca7b9dd9642af431134db6,2026-06-04 08:23:37,Indonesia,Atayasetelankaosanak----,Websites
cde1bf7241c52c505c0f4729693cfdaf,2026-06-04 08:22:59,Indonesia,rakdapur3----,Instagram
f35fcada6a561c17b1df5d6e6dfcab62,2026-06-04 08:22:13,Indonesia,Atayasetelankaosanak----,Facebook
dc34bbf5cf88531a173b3545844f9f7d,2026-06-04 08:21:42,-,Atayasetelankaosanak----,Facebook
0dc28c3e6e820c2996bb6f7152a20308,2026-06-04 08:21:27,Indonesia,Atayasetelankaosanak----,Facebook
740909283cf7ce1540da01b26b8efcc1,2026-06-04 08:21:23,Indonesia,rakdapur3----,Facebook
42a69360443cdf2512b0b32ef9d7dca9,2026-06-04 08:18:58,Indonesia,Atayasetelankaosanak----,Facebook
ee776bbbd8e0967017025c4a5f3728ec,2026-06-04 08:17:25,Indonesia,Atayasetelankaosanak----,Facebook
d47b018223d0b2a7f1764b6cb1d4db87,2026-06-04 08:16:49,Indonesia,Atayasetelankaosanak----,Facebook
a2324813e66dc5f8bc0482388c610664,2026-06-04 08:15:02,Indonesia,Atayasetelankaosanak----,Facebook
b0ffe282361f62d0a5eab0fa2ed7039d,2026-06-04 08:14:15,-,Atayasetelankaosanak----,Facebook
25ce94b9e6842e7c925161472572d18f,2026-06-04 08:12:41,Indonesia,Atayasetelankaosanak----,Others
952ae11512d07d17965b203fa500b349,2026-06-04 08:12:31,Indonesia,Atayasetelankaosanak----,Facebook
b5ffa3414821e8466a474a08e5ea8e52,2026-06-04 08:11:39,Indonesia,Atayasetelankaosanak----,Facebook
f00e92e4d586e58b05c16bedbc3bc68f,2026-06-04 08:10:39,Indonesia,rakdapur3----,Facebook
7264a58327c0a25feba9349d32d505da,2026-06-04 08:08:58,Indonesia,Atayasetelankaosanak----,Facebook
763112c2bc4dbeab10eafa24cd9b4248,2026-06-04 08:06:05,Indonesia,rakdapur3----,Others
a518dcf9f9c67d3251f3e55eb5155a56,2026-06-04 08:05:55,Indonesia,rakdapur3----,Instagram
e51bade5116e9654dc86d656db11adca,2026-06-04 08:05:32,Indonesia,rakdapur3----,Instagram
a6ba8c169d3479223dc13616433a78e5,2026-06-04 08:05:08,Indonesia,Atayasetelankaosanak----,Facebook
6ad0b78f4fb792802f747098f5b199e3,2026-06-04 08:04:00,Indonesia,Atayasetelankaosanak----,Facebook
70cd68d9a32527b009b46913e53cb842,2026-06-04 08:03:43,Indonesia,rakdapur3----,Instagram
795588d4218e7dd24b6a9866254e8f78,2026-06-04 08:03:42,Indonesia,Atayasetelankaosanak----,Facebook
77f687e1653e5bdf614bf0f7d8967c67,2026-06-04 08:03:40,Indonesia,rakdapur3----,Instagram
9a0b8c8ab5e9ec2dffb158921f658b64,2026-06-04 08:03:10,Indonesia,rakdapur3----,Instagram
be4f86c0005ab58116b4bc4c008af411,2026-06-04 08:02:46,Indonesia,rakdapur3----,Instagram
8640fd19dda171d0f88c89ab5b277476,2026-06-04 08:01:58,Indonesia,Atayasetelankaosanak----,Facebook
51041710ff5558e881153887efe87215,2026-06-04 08:01:57,Indonesia,rakdapur3----,Instagram
8d0bc866fc265407e557c606dd56eac9,2026-06-04 08:01:52,Indonesia,rakdapur3----,Instagram
e438543aa6a045f476f9dfdfc5633894,2026-06-04 08:01:51,Indonesia,rakdapur3----,Instagram
6e46005ea66624c6c56749c8b6b062bf,2026-06-04 08:01:40,Indonesia,Atayasetelankaosanak----,Facebook
f954697d616adb2ea4d085e57ad0603b,2026-06-04 08:01:31,Indonesia,Atayasetelankaosanak----,Facebook
e4c8e4fe4295292908bca75050cef01f,2026-06-04 08:01:11,Indonesia,Atayasetelankaosanak----,Facebook
ef5b19c0deaa9645c03d06d9d4981dba,2026-06-04 08:00:49,Indonesia,Atayasetelankaosanak----,Facebook
85581414664ad32de4c0d3a8a8fc0a33,2026-06-04 07:59:55,-,Atayasetelankaosanak----,Facebook
8a74523b2b6d4561957f286d8038b909,2026-06-04 07:59:18,Indonesia,Atayasetelankaosanak----,Facebook
dadac8766611a91081c8f25ed0e41a43,2026-06-04 07:58:44,Indonesia,Atayasetelankaosanak----,Facebook
f1239df68099b4704cb19fbe34da4aa8,2026-06-04 07:53:25,United States of America,rakdapur3----,Facebook
1ea449e50632a043e3563698c146f2c7,2026-06-04 07:50:23,Indonesia,Atayasetelankaosanak----,Facebook
76fc1e11e21b2078c5aff1700f74d98a,2026-06-04 07:50:15,-,Atayasetelankaosanak----,Facebook
6f865f4f90fa85ff6a9d53d2cb4f2875,2026-06-04 07:49:41,Indonesia,Atayasetelankaosanak----,Facebook
3de2132a1683b7c35efba76969b17dc7,2026-06-04 07:49:31,Indonesia,Atayasetelankaosanak----,Facebook
e1a9b9e3eedf2efb6d6008414444dd9a,2026-06-04 07:48:59,Indonesia,Atayasetelankaosanak----,Facebook
697d0b9eab33f9a61c63f4cd5bf73a2f,2026-06-04 07:47:49,United States of America,benihsayuran----,Facebook
b769463e8ed2eac746385936e9151cd3,2026-06-04 07:46:57,Indonesia,rakdapur3----,Instagram
23ec0b97b7468b2867906d45cd66714b,2026-06-04 07:46:30,Indonesia,rakdapur3----,Instagram
f702a917bec5331226f89b35faf9f603,2026-06-04 07:46:22,-,rakdapur3----,Instagram
7346d94fd82be4b3c5f560c4c1843471,2026-06-04 07:43:20,Indonesia,rakdapur3----,Facebook
f1f952671621d772f905eb77a5718ef0,2026-06-04 07:41:13,Indonesia,Atayasetelankaosanak----,Facebook
42fad10d09b6cf86bf1dd0d96f2fe5e6,2026-06-04 07:41:07,Indonesia,Atayasetelankaosanak----,Facebook
dd24b4b16ae247e5f75f547bec46ae6d,2026-06-04 07:41:01,Indonesia,rakdapur3----,Instagram
d52f99e581e1f205df0cf7e64b69d9bc,2026-06-04 07:40:55,Indonesia,Atayasetelankaosanak----,Facebook
ecf7a4b16f38ef29f6ab278e0e0a8cf0,2026-06-04 07:40:41,Indonesia,rakdapur3----,Instagram
470406f115ffe6aa162e4821747e9abf,2026-06-04 07:40:12,-,Atayasetelankaosanak----,Facebook
3156ccb2768e43118868d6d67fe74412,2026-06-04 07:40:08,Indonesia,Atayasetelankaosanak----,Facebook
1d11fac0225fe7337f6351f4bb77eaad,2026-06-04 07:39:48,Netherlands,WallpaperDindingVinyl----,Facebook
d6cd0d1926769dcba95645aed8a590ac,2026-06-04 07:38:16,Indonesia,Atayasetelankaosanak----,Facebook
ee80eebab162198f3a6278fa730bab7d,2026-06-04 07:37:51,Indonesia,rakdapur3----,Others
7e3708a1c4402a1bcb37bf59751e6062,2026-06-04 07:37:36,Indonesia,rakdapur3----,Websites
831189a94da07299ca6fa496c274e4ae,2026-06-04 07:36:04,Indonesia,Atayasetelankaosanak----,Facebook
136a65f5150cd8926bd54716e7bb9c35,2026-06-04 07:34:34,Indonesia,Atayasetelankaosanak----,Facebook
03c65e93d82457fad60a9b34afdeee5b,2026-06-04 07:33:30,Indonesia,Atayasetelankaosanak----,Facebook
0d3235f7d7099954b0e8368f447c5a69,2026-06-04 07:32:32,Indonesia,Atayasetelankaosanak----,Facebook
2ee9011d3fed9d1173097737713edd7d,2026-06-04 07:31:48,Indonesia,Atayasetelankaosanak----,Facebook
bcd19513a59f197d4a80cd075c11a3d3,2026-06-04 07:31:14,Indonesia,Atayasetelankaosanak----,Facebook
91bea884a3e7dd382dfe768121b98285,2026-06-04 07:28:47,Indonesia,Atayasetelankaosanak----,Facebook
b5199eba804291689aee2f7ba1a29fe5,2026-06-04 07:27:09,Indonesia,Atayasetelankaosanak----,Facebook
16fd7a8e7e40473c6ea34372d6cb6dcf,2026-06-04 07:24:17,Indonesia,Atayasetelankaosanak----,Facebook
8b429b5d8f653be48ed45d6c3b9e8184,2026-06-04 07:17:42,Indonesia,rakdapur3----,Facebook
cfceff748b66d524e267af1de138a9e6,2026-06-04 07:17:22,Indonesia,Atayasetelankaosanak----,Facebook
11f8c837f72509a341b6f9d6eeed1f1d,2026-06-04 07:12:34,Indonesia,Atayasetelankaosanak----,Facebook
f970a154f4f996e1b10df9e61c010952,2026-06-04 07:12:04,Indonesia,Atayasetelankaosanak----,Facebook
a87a3db431fe727d25d1ef775c867220,2026-06-04 07:08:24,Indonesia,Atayasetelankaosanak----,Facebook
d2f97983a778600a6b21cfb589c39e62,2026-06-04 07:07:21,Indonesia,Atayasetelankaosanak----,Facebook
609545cabd0a42514a97d5b6c463f8b7,2026-06-04 07:01:37,Indonesia,rakdapur3----,Facebook
4ccf46bdc4004e4635243b3406fea119,2026-06-04 06:55:55,Indonesia,rakdapur3----,Facebook
737f4562208cca1cf6f375580763b0ad,2026-06-04 06:54:31,Indonesia,Atayasetelankaosanak----,Facebook
94ecca5ec2ec8787e5f051bd655759fb,2026-06-04 06:53:28,Indonesia,rakdapur3----,Facebook
cdfdcbb662e9bb90e6b87dd08d2ac055,2026-06-04 06:50:48,Indonesia,Atayasetelankaosanak----,Instagram
56469950efd66c2b5dbfab9f30915059,2026-06-04 06:49:59,Indonesia,rakdapur3----,Facebook
03ff5019d6af0ce57c07e21cfbc2fb00,2026-06-04 06:49:54,Indonesia,Atayasetelankaosanak----,Facebook
72049e9663a94e102d9d84620d9188bf,2026-06-04 06:49:50,Indonesia,Atayasetelankaosanak----,Others
4bc0ff83edfd21ad90df05ab8e19e78e,2026-06-04 06:49:10,Indonesia,Atayasetelankaosanak----,Others
06e7caf08cc628812d8798cebc668673,2026-06-04 06:48:47,Indonesia,Atayasetelankaosanak----,Others
e113648aa3723334f20c02ea202af946,2026-06-04 06:48:34,Indonesia,Atayasetelankaosanak----,Others
f4ad90c0e0e094fbec44a053ddedecb3,2026-06-04 06:48:29,Indonesia,Atayasetelankaosanak----,Instagram
2c94a99a295e60b5dda412a946cd0adb,2026-06-04 06:48:27,Indonesia,rakdapur3----,Instagram
5e1cfd9fe8c366f8c289ef9b279f2ec3,2026-06-04 06:47:53,-,Atayasetelankaosanak----,Instagram
21ff783567791e25eef15e73a46c10c8,2026-06-04 06:46:27,Indonesia,rakdapur3----,Facebook
5518db0c83d6a3498ae86600a953f07f,2026-06-04 06:45:00,-,rakdapur3----,Facebook
40bfde374b212dcfa53ad8b7ebb93fa5,2026-06-04 06:43:00,Indonesia,Atayasetelankaosanak----,Facebook
7242949aa677340c7e567debfc63e4d9,2026-06-04 06:42:24,Indonesia,Atayasetelankaosanak----,Facebook
5a50fd5ad99e462da842d4de8c6b47a8,2026-06-04 06:42:00,Indonesia,Atayasetelankaosanak----,Facebook
aaaf130eae62d842ccb2b50c82602fe5,2026-06-04 06:41:28,Indonesia,Atayasetelankaosanak----,Facebook
4ae92281cd98ee539a801292a5d10187,2026-06-04 06:40:01,-,Atayasetelankaosanak----,Facebook
33be258533c825d8cc18e4276886a6bc,2026-06-04 06:39:14,Indonesia,rakdapur3----,Facebook
4ca753fd3da6edbe753d5aa7eb8d641f,2026-06-04 06:36:36,-,Atayasetelankaosanak----,Others
046101c53f935e420438f7218e959d6e,2026-06-04 06:36:17,-,Atayasetelankaosanak----,Facebook
f723cf72edae205d7020ea5de7fa6d08,2026-06-04 06:35:52,Indonesia,Atayasetelankaosanak----,Others
a1e9a8423a32f5384786411b5bc6c1bb,2026-06-04 06:35:52,-,Atayasetelankaosanak----,Facebook
c296cef8b44ed2e21b0b46af91cf4a31,2026-06-04 06:35:06,Netherlands,rakdapur3----,Facebook
ccf9cef17acf3221a56ad170cb69ab3a,2026-06-04 06:35:01,Indonesia,Atayasetelankaosanak----,Others
4e1eee51d34173a1b34500f8aeff58bd,2026-06-04 06:34:31,Indonesia,Atayasetelankaosanak----,Others
221ec73f1802d4d5e7869ad0dc2c15a3,2026-06-04 06:34:19,Indonesia,Atayasetelankaosanak----,Others
a835a888737ae3ddcde902e9cadaf1c4,2026-06-04 06:34:08,Indonesia,Atayasetelankaosanak----,Others
16b396cde1baef48d3227d987eb5d7c5,2026-06-04 06:34:05,Indonesia,Atayasetelankaosanak----,Facebook
45907015133825e7e6a4d4bc4266bd0b,2026-06-04 06:33:42,Indonesia,Atayasetelankaosanak----,Facebook
3a6ae5189413f37abf461a569322985b,2026-06-04 06:31:26,United States of America,dressanakperempuan----,Facebook
711c398147456efcc68730fce6fb292c,2026-06-04 06:28:19,Indonesia,Atayasetelankaosanak----,Facebook
2a7d5f86dc5460f1fab9982a6f68a9a2,2026-06-04 06:27:55,Indonesia,Atayasetelankaosanak----,Websites
ae3793bb033fcd468e71f073ae9131e0,2026-06-04 06:26:19,Indonesia,Atayasetelankaosanak----,Facebook
5418788dd14f93f5fa0c024cfb62febb,2026-06-04 06:19:06,Indonesia,rakdapur3----,Threads
dd10b11cfbed4fa8c77e53f07abb67dd,2026-06-04 06:17:52,Indonesia,Atayasetelankaosanak----,Others
b841b7b8c480ef674f9d493372f46dfd,2026-06-04 06:17:37,Indonesia,rakdapur3----,Facebook
42f25a0bdd53082f7d97dc7efd48fc39,2026-06-04 06:17:02,Indonesia,Atayasetelankaosanak----,Facebook
e62c97324daadd6677f3c0f7d72940be,2026-06-04 06:16:18,-,Atayasetelankaosanak----,Facebook
0228b17727b88a77a3f36541cc7fdb67,2026-06-04 06:15:33,Indonesia,rakdapur3----,Websites
28484bc6781f82bb607fd64e616da1d4,2026-06-04 06:14:23,Indonesia,rakdapur3----,Facebook
37d29b510216fd1ff6816c65117f1c7d,2026-06-04 06:13:16,Indonesia,rakdapur3----,Instagram
3beba4cb9c710ca930c576d24ceb83aa,2026-06-04 06:13:02,Indonesia,rakdapur3----,Instagram
42990b1007c78e3e80293470e61136d8,2026-06-04 06:12:01,Indonesia,rakslidingkomen----,Facebook
0a16a9724c57118658efd39c49b9bf66,2026-06-04 06:08:58,Indonesia,rakdapur3----,Facebook
6d53ac8ebb77d351fcb5a8b38598270f,2026-06-04 06:08:02,Indonesia,Atayasetelankaosanak----,Facebook
a978521e1cad8df0161404b6a7159fc4,2026-06-04 06:06:58,Indonesia,heels----,Facebook
fe470c2abddb2b90b3bbd0a0e11f13cc,2026-06-04 06:06:27,Indonesia,Atayasetelankaosanak----,Facebook
9a4d117175ca7640ba7a93f65513f317,2026-06-04 06:06:02,Indonesia,Atayasetelankaosanak----,Instagram
794f772d95ac9d467442ccfb2b323991,2026-06-04 06:06:02,Indonesia,Atayasetelankaosanak----,Instagram
9c13e3ca7c8a3721ff89ff8ef77e92a8,2026-06-04 06:05:39,Indonesia,Atayasetelankaosanak----,Facebook
603dedd08b8de8fe1fad454547fd2efd,2026-06-04 06:03:24,Indonesia,rakdapur3----,Facebook
31d95f5d5e325d0303ff4664fcb8f67f,2026-06-04 06:01:05,Indonesia,Atayasetelankaosanak----,Facebook
8f2dcbf912358450bea75dec26d6caf2,2026-06-04 06:00:34,Indonesia,rakdapur3----,Websites
34c48dd802651bd1e41171e4f06e168d,2026-06-04 05:59:39,Indonesia,rakdapur3----,Facebook
91362595fa727dcc1a3534271b864963,2026-06-04 05:59:24,Indonesia,rakdapur3----,Instagram
b4d1ee43d678f4d12e410784f9ed486c,2026-06-04 05:59:16,-,Atayasetelankaosanak----,Facebook
5a14bad651698f30e712306776338d68,2026-06-04 05:58:17,Indonesia,Atayasetelankaosanak----,Facebook
3c28bc088f5409d6b27fcfd42f359eb1,2026-06-04 05:58:17,Indonesia,rakdapur3----,Facebook
711da9138e6ed0219bfe2d6bec907945,2026-06-04 05:58:04,Indonesia,rakdapur3----,Facebook
5a0ca37db4909d0c9ccf096369e59e21,2026-06-04 05:56:58,Indonesia,Atayasetelankaosanak----,Facebook
4731aa61ebc7cfc3082038ba2673e24d,2026-06-04 05:56:08,Indonesia,rakdapur3----,Facebook
910bf6da7779518d8e9c268d21f3956b,2026-06-04 05:56:02,Indonesia,Atayasetelankaosanak----,Facebook
248d0cb74279d0b8121303dc4990f504,2026-06-04 05:55:48,Indonesia,rakdapur3----,Facebook
1a468c7b5ec0b51f95e50825a957673c,2026-06-04 05:54:39,-,dressanakperempuan----,Others
ca4ea2507a5680d8481431bd71864177,2026-06-04 05:54:13,-,dressanakperempuan----,Facebook
822654c55d2c3f59c9ebc0d0a4dac687,2026-06-04 05:53:35,Indonesia,rakdapur3----,Others
477f40d3e4011034b6e011d3b4d62896,2026-06-04 05:53:15,Indonesia,rakdapur3----,Instagram
6c550a120d0b7c6a573efb6f3e6e165c,2026-06-04 05:52:43,Indonesia,rakdapur3----,Others
581ae4629667281d614cc620df5569a6,2026-06-04 05:52:14,Indonesia,rakdapur3----,Instagram
8fcb68b8995f7ed46232b6e8c8e909d5,2026-06-04 05:51:45,Indonesia,Atayasetelankaosanak----,Facebook
47397f93212e0a59f81471c342dee7b0,2026-06-04 05:51:25,Indonesia,Atayasetelankaosanak----,Facebook
ac70cc31235106fb5cd53baa4aee824f,2026-06-04 05:49:39,Indonesia,rakdapur3----,Facebook
20871e002d7b08a4fe44ddc808d8ebba,2026-06-04 05:49:06,Indonesia,Atayasetelankaosanak----,Facebook
6b4d389e02307c0389172237b6ad57f1,2026-06-04 05:48:54,Indonesia,Atayasetelankaosanak----,Facebook
8861154e781d157cb6ef06c7ae3bfea6,2026-06-04 05:48:14,Indonesia,Atayasetelankaosanak----,Facebook
ac799ced25add326bb2b411eb33be267,2026-06-04 05:47:14,Indonesia,rakdapur3----,Others
9d41ba761c76e4a790267ee52de9f716,2026-06-04 05:46:43,Indonesia,rakdapur3----,Others
f1d7c4a085b7eebad7abf3001afbe49e,2026-06-04 05:46:31,Indonesia,rakdapur3----,Others
e0821240a8cd96faeba2ae94a6ac95d8,2026-06-04 05:46:26,Indonesia,Atayasetelankaosanak----,Facebook
08758e6db36e7893bf78c0fa2da02200,2026-06-04 05:46:13,Indonesia,Atayasetelankaosanak----,Facebook
8c5795384c089b58b635bae853148475,2026-06-04 05:46:09,Indonesia,Atayasetelankaosanak----,Others
e4294e35ce19faafab897d7d3cf87bbf,2026-06-04 05:45:30,Indonesia,rakdapur3----,Others
041464914463d6522ddd021abc27f0e7,2026-06-04 05:45:11,Indonesia,Atayasetelankaosanak----,Others
51ee5b36248bb66bca71e067e6694d53,2026-06-04 05:45:08,Indonesia,Atayasetelankaosanak----,Others
a41a5091fd13e8169a052dcf33239c39,2026-06-04 05:44:56,Indonesia,Atayasetelankaosanak----,Others
6bf58ab983e9083eb671900409b75d82,2026-06-04 05:44:29,Indonesia,Atayasetelankaosanak----,Facebook
11c837956a08c22665660e8b4a0ae980,2026-06-04 05:44:24,Indonesia,Atayasetelankaosanak----,Facebook
3bffffd58e9095a5ab6a0e70832982d9,2026-06-04 05:44:18,Indonesia,Atayasetelankaosanak----,Facebook
037bdaa12c029377b52c804a262e180e,2026-06-04 05:44:12,Indonesia,Atayasetelankaosanak----,Facebook
930ed0d76b97fd95d5b95e27a119eea1,2026-06-04 05:44:03,Indonesia,Atayasetelankaosanak----,Facebook
ac258c8164b8c1f9a542d40099727374,2026-06-04 05:43:41,Indonesia,Atayasetelankaosanak----,Facebook
c19877a7c671e9723caaf4d0d8c1f5b1,2026-06-04 05:43:16,Indonesia,Atayasetelankaosanak----,Facebook
89aca315bc5729f8bc16b7b771e5932a,2026-06-04 05:42:53,Indonesia,Atayasetelankaosanak----,Facebook
36785986f5542b1f9d62544df87f136c,2026-06-04 05:42:29,Indonesia,Atayasetelankaosanak----,Facebook
c1ce17201e2bd307ab5e4ce8b88ba13d,2026-06-04 05:42:28,Indonesia,Atayasetelankaosanak----,Others
17bbba536a3cbd8fe8756988fb84c64a,2026-06-04 05:42:22,Indonesia,Atayasetelankaosanak----,Facebook
b9bdac78df016fdc3be115c7748503ca,2026-06-04 05:42:19,Indonesia,dressanakperempuan----,Facebook
9547eeb29c4237217214dd0bf3aca348,2026-06-04 05:42:14,Indonesia,Atayasetelankaosanak----,Facebook
ef2f4b3c038ce756a6eb9fb54574689e,2026-06-04 05:41:09,Indonesia,rakdapur3----,Others
24adb8649f806ad3db9b1adb55890c17,2026-06-04 05:40:59,Indonesia,rakdapur3----,Instagram
febcabdee2426960158b6bd2253ffcb2,2026-06-04 05:40:42,Indonesia,Atayasetelankaosanak----,Facebook
49b2702a4d5d760a8f4c8bb7cb2104f6,2026-06-04 05:40:34,Indonesia,rakdapur3----,Instagram
af2a7d9c34630e7701554adb69044bf3,2026-06-04 05:40:22,Indonesia,Atayasetelankaosanak----,Facebook
af09f376006a478c5920afb27bc57149,2026-06-04 05:40:11,Indonesia,Atayasetelankaosanak----,Others
4f5fab617832415990facc7dfc8d49ac,2026-06-04 05:40:11,Indonesia,Atayasetelankaosanak----,Facebook
09a90d6fffa77be35d1a02cafafcc413,2026-06-04 05:40:02,Indonesia,Atayasetelankaosanak----,Others
e34f271ff32cf0a7ec9b95da50cb606d,2026-06-04 05:39:50,Indonesia,Atayasetelankaosanak----,Others
46d60bc073cceb5beea404671c27cc99,2026-06-04 05:39:47,Indonesia,dressanakperempuan----,Others
7e9dc1bd8fe6a7eb4e7fa699e0cf6645,2026-06-04 05:39:45,Indonesia,Atayasetelankaosanak----,Facebook
7f8ff57335dbd3daaef7beebae044af2,2026-06-04 05:39:38,Indonesia,Atayasetelankaosanak----,Facebook
119a08fc6a0a816105739d8ef4f51fb2,2026-06-04 05:39:38,-,Atayasetelankaosanak----,Facebook
664c8b31fa9918cbf760d012a2495f41,2026-06-04 05:39:26,Indonesia,Atayasetelankaosanak----,Facebook
47d28146b009a3162786401dfe218863,2026-06-04 05:39:09,Indonesia,Atayasetelankaosanak----,Facebook
97074e553834b0a9fec2f31dc9920c8b,2026-06-04 05:39:01,Indonesia,dressanakperempuan----,Others
581659fa24d9c904d428312552d957c5,2026-06-04 05:38:45,Indonesia,Atayasetelankaosanak----,Facebook
fca4adb122070584faf75ee3aef2971f,2026-06-04 05:38:25,Indonesia,Atayasetelankaosanak----,Others
baf597e2092b2bdd1efad4587fe754c3,2026-06-04 05:38:11,Indonesia,Atayasetelankaosanak----,Others
61b88598b06256c1cb4b62e78857912f,2026-06-04 05:38:06,Indonesia,dressanakperempuan----,Others
be689ae875ee3633d106996f2b5df633,2026-06-04 05:38:04,Indonesia,Atayasetelankaosanak----,Others
b4187df1e30b55b11b1f59cb0a724699,2026-06-04 05:37:44,Indonesia,Atayasetelankaosanak----,Facebook
5bee016e601aa386b280746069d2f9b4,2026-06-04 05:37:41,Indonesia,Atayasetelankaosanak----,Others
1ddea36bba07e170c6511e42d21d3ea0,2026-06-04 05:37:38,Indonesia,dressanakperempuan----,Facebook
8ff1754ff7caf84173c8c9eb70a536a4,2026-06-04 05:37:37,-,Atayasetelankaosanak----,Facebook
8b20bec55eb27c6d636bcb64b4597ce6,2026-06-04 05:37:24,Indonesia,Atayasetelankaosanak----,Others
5f54260f116a9ec71b89c378c664059a,2026-06-04 05:37:22,Indonesia,Atayasetelankaosanak----,Facebook
a130474cb0952351553c79628c08b745,2026-06-04 05:37:12,Indonesia,Atayasetelankaosanak----,Facebook
7b96508396c6c2cfee3944c5d5a02af1,2026-06-04 05:36:58,Indonesia,Atayasetelankaosanak----,Facebook
fd0d54ab10bcb2f0b4b57c61cf9df420,2026-06-04 05:36:57,Indonesia,Atayasetelankaosanak----,Facebook
aced1050d8b3e073b54f8148a4aa9ffc,2026-06-04 05:36:56,Indonesia,Atayasetelankaosanak----,Facebook
299bdb1611dc3bede83ee2ec51a983c7,2026-06-04 05:36:40,Indonesia,Atayasetelankaosanak----,Facebook
e9b8604316397a1cfacff8a90f075549,2026-06-04 05:36:14,Indonesia,Atayasetelankaosanak----,Facebook
f7cd206709615357c4e30031b7b21aa4,2026-06-04 05:35:51,Indonesia,Atayasetelankaosanak----,Facebook
343d27f6f1b0839bd7c4a695bbc5aa67,2026-06-04 05:35:37,Indonesia,Atayasetelankaosanak----,Facebook
f7116e1df8a2d55aecf71a089cb4e592,2026-06-04 05:35:30,-,Atayasetelankaosanak----,Others
db7701c1c1c5a2e1b922c4d54b675d6c,2026-06-04 05:35:21,-,Atayasetelankaosanak----,Others
1fe53014cccf7a1fb2970db23f22473a,2026-06-04 05:35:09,Indonesia,Atayasetelankaosanak----,Facebook
1b1975a792aaf3f9cb6b2cd108b7cea7,2026-06-04 05:35:05,Indonesia,Atayasetelankaosanak----,Others
afd6ac3a89291a55179834aeef05ad3e,2026-06-04 05:34:53,Indonesia,Atayasetelankaosanak----,Facebook
168bf476a7e1f9f971a563c11faf807f,2026-06-04 05:34:34,Indonesia,Atayasetelankaosanak----,Others
5bd1d42646f73109ef3f60138c99ccbf,2026-06-04 05:34:32,-,Atayasetelankaosanak----,Facebook
b7fea063008124180d3b121b329d59ca,2026-06-04 05:34:28,Indonesia,Atayasetelankaosanak----,Facebook
b3a85ded6361aeb5cd915493e38c7063,2026-06-04 05:34:27,Indonesia,Atayasetelankaosanak----,Others
862c8be9ad55a6a4460348a2050529b9,2026-06-04 05:34:23,Indonesia,Atayasetelankaosanak----,Others
ddf5b3acc19361c4e7d346418d485ec0,2026-06-04 05:34:22,Indonesia,Atayasetelankaosanak----,Others
a9c9b810d71510a62428c57024f245cf,2026-06-04 05:34:16,Indonesia,Atayasetelankaosanak----,Others
3772eb72e31878e4e4332ef1e61b927f,2026-06-04 05:34:14,Indonesia,Atayasetelankaosanak----,Facebook
1668627b37fa960b40bdf7d47d39004a,2026-06-04 05:33:59,Indonesia,Atayasetelankaosanak----,Facebook
835760b58e3d5ab4757d020ad3145fde,2026-06-04 05:33:56,Indonesia,Atayasetelankaosanak----,Others
5ae1df7fc0ed2a91bab656428eda874f,2026-06-04 05:33:47,Indonesia,Atayasetelankaosanak----,Facebook
1d4855c47ac8364ce8f670e199dd4e6f,2026-06-04 05:33:45,Indonesia,Atayasetelankaosanak----,Others
7ef530c8a769d51878d238de93335155,2026-06-04 05:33:44,Indonesia,Atayasetelankaosanak----,Facebook
57aeefc9d0aee33062a01dacc2a1a9f2,2026-06-04 05:33:42,Indonesia,Atayasetelankaosanak----,Facebook
e4728444f9b35f9dbf114c22c1f28b8a,2026-06-04 05:33:37,United States of America,Onesetanak----,Facebook
e8bf8e74889e59e24fd37b08d3d937fc,2026-06-04 05:33:35,Indonesia,Atayasetelankaosanak----,Facebook
07477dda05b5c7ed4f282ed97a90de8f,2026-06-04 05:33:35,Indonesia,Atayasetelankaosanak----,Facebook
cb98634ba59def2e9dbfd57ecf976acb,2026-06-04 05:33:27,Indonesia,Atayasetelankaosanak----,Facebook
5f6c5338277c11c438784934efe5ce02,2026-06-04 05:33:21,Indonesia,Atayasetelankaosanak----,Facebook
17bcab5f1fe1307e8d05eb69e29fc373,2026-06-04 05:33:21,Indonesia,Atayasetelankaosanak----,Others
e3fbf72ef3ddc99ab36d748fbf5c5042,2026-06-04 05:33:20,Indonesia,Atayasetelankaosanak----,Facebook
f7411585cbf34a74235d6508e00d0521,2026-06-04 05:33:05,Indonesia,Atayasetelankaosanak----,Facebook
4365478dd9dd3d31de2f91ba1896e2bd,2026-06-04 05:33:03,Indonesia,Atayasetelankaosanak----,Others
b8acfb16336ee75449a4b603c75f582b,2026-06-04 05:32:51,Indonesia,dressanakperempuan----,Facebook
5200c8ede565bc1175eec09097376213,2026-06-04 05:32:41,Indonesia,Atayasetelankaosanak----,Facebook
a5056d9ce7a51100a7b5845be8035a2a,2026-06-04 05:32:35,Indonesia,Atayasetelankaosanak----,Facebook
b9615524ffe75072d6e35aeb1f94b7f4,2026-06-04 05:32:09,Indonesia,Atayasetelankaosanak----,Facebook
cc6dcce9f315b3fbfb3ee4f4bcc7e7c5,2026-06-04 05:32:06,Indonesia,Atayasetelankaosanak----,Facebook
7e96b50cce0702486bea34c12c21d206,2026-06-04 05:30:55,Indonesia,Atayasetelankaosanak----,Facebook
fd18f5fe6a1b07e1a482695e4960a406,2026-06-04 05:30:09,Indonesia,Atayasetelankaosanak----,Others
e3a7ab9a6dacf602aa36a9e8cab32180,2026-06-04 05:30:05,Australia,Atayasetelankaosanak----,Facebook
727be2c3fa67afc1eb161880227dea27,2026-06-04 05:29:25,Indonesia,Atayasetelankaosanak----,Others
cb5edabc6b3b8a07a2e307b6329724c2,2026-06-04 05:28:25,Indonesia,Atayasetelankaosanak----,Facebook
a13b95bb4c7bba9a9e923d12a4741a1f,2026-06-04 05:28:02,Indonesia,dressanakperempuan----,Instagram
07143477b5e137fa1921ad60120288c6,2026-06-04 05:27:58,Indonesia,Atayasetelankaosanak----,Facebook
17f99d67a7a119de922b7b828ba6a0d6,2026-06-04 05:27:53,Indonesia,Atayasetelankaosanak----,Facebook
dcbb62e1cc726ae60187a3a637369532,2026-06-04 05:27:38,Indonesia,Atayasetelankaosanak----,Facebook
91162b6e06a8a145caa1e77cd52e0f9e,2026-06-04 05:27:35,Indonesia,Atayasetelankaosanak----,Facebook
b32f2b12639238295f49f8a5ae808d48,2026-06-04 05:27:15,Indonesia,Atayasetelankaosanak----,Websites
88a84ce03d5ae14ce4812ce8938dee8a,2026-06-04 05:27:08,Indonesia,Atayasetelankaosanak----,Others
34a8465d0fe761af05896bbe95fa5d8e,2026-06-04 05:26:44,-,Atayasetelankaosanak----,Facebook
bfd013a47e60981df836ebcdb3937797,2026-06-04 05:25:58,Indonesia,Atayasetelankaosanak----,Facebook
986617b9fd326a0a4e8cb46d98461cb5,2026-06-04 05:25:51,Indonesia,Atayasetelankaosanak----,Facebook
402ce3fc075a9863eb81e67b00de186f,2026-06-04 05:25:17,Indonesia,Atayasetelankaosanak----,Facebook
70eb025b36cece0e5b73349b78d09f64,2026-06-04 05:24:15,-,Atayasetelankaosanak----,Others
399bdc8cc3babd4d6f6941e0e64572c6,2026-06-04 05:23:45,-,Atayasetelankaosanak----,Facebook
8a551c65b9debc9f5e74874916e60466,2026-06-04 05:22:39,Indonesia,Atayasetelankaosanak----,Facebook
f6fbcbff394e44f04810938808ba9cfc,2026-06-04 05:11:47,Indonesia,rakdapur3----,Others
f97293b60cf0bbad481ad6aa51c63e7d,2026-06-04 05:09:42,Indonesia,rakdapur3----,Others
1108ea1ac5204b68bc4a12a3fb2c98b9,2026-06-04 05:08:13,Indonesia,Atayasetelankaosanak----,Others
7cf3a186cca2c167f24657bc2524e084,2026-06-04 05:08:05,Indonesia,Atayasetelankaosanak----,Others
25750a029935fda047abbe37fa0e346b,2026-06-04 05:07:42,Indonesia,rakdapur3----,Others
c258ca843f7f426230121d65d42af57a,2026-06-04 05:07:37,Indonesia,Atayasetelankaosanak----,Facebook
5e3dffa320b1c9552e23f9cf32a99d8d,2026-06-04 05:06:58,Indonesia,rakdapur3----,Threads
d217ae0e0f11846208899f0ede25a663,2026-06-04 04:58:53,Australia,Atayasetelankaosanak----,Facebook
0eca6abd425ac1ee5bb732c915318ba9,2026-06-04 04:58:08,Indonesia,rakdapur3----,Facebook
d713cd653eee79cb62f53cb7966b0bee,2026-06-04 04:39:49,Indonesia,Atayasetelankaosanak----,Instagram
4a7fa90b8d773c664d207ac3c0bcca17,2026-06-04 04:39:33,Indonesia,Atayasetelankaosanak----,Instagram
9eb5ce925428d597f9813fcb763b8d00,2026-06-04 04:38:51,Indonesia,Atayasetelankaosanak----,Facebook
89d4cbaf23a125a5dcdbb6a469f901b9,2026-06-04 04:37:17,Indonesia,rakdapur3----,Facebook
23ef912982ae4fec7e335d272ab80557,2026-06-04 04:34:58,Indonesia,Atayasetelankaosanak----,Facebook
709a31e5ccefda76d05818eaadbb4e56,2026-06-04 04:32:55,Australia,Atayasetelankaosanak----,Facebook
e01cd7de1107300e3946fe81c3a77b59,2026-06-04 04:32:21,Hong Kong,Atayasetelankaosanak----,Facebook
d287adaa0a0ded2c9aad1c78aca62c3f,2026-06-04 04:31:29,Indonesia,Atayasetelankaosanak----,Facebook
ec17305f246a77208ef83b5f21097b66,2026-06-04 04:28:12,Indonesia,Atayasetelankaosanak----,Facebook
6dbd88ded9bbab6cc0f900a29d28cb0f,2026-06-04 04:22:57,Indonesia,Atayasetelankaosanak----,Facebook
941335191b1a54293a1e1753a45a4221,2026-06-04 04:16:51,-,Atayasetelankaosanak----,Facebook
63047815e291addc8dda2fb638c1f2e6,2026-06-04 04:15:29,Indonesia,katalog-rak---,Others
dd68c22181c3b879c7d142527290f9ec,2026-06-04 03:52:54,Netherlands,benihsayuran----,Facebook
1fe66315f4846e89cf385cc580300333,2026-06-04 03:44:44,Indonesia,rakdapur3----,Facebook
c4e715789c8b47740939dce5a222bf8f,2026-06-04 03:27:56,Indonesia,Atayasetelankaosanak----,Facebook
b58ca87a5133ed990501039244f069b2,2026-06-04 03:09:35,Indonesia,Atayasetelankaosanak----,Facebook
7e767b14081de01bb1e96cfcfd85d971,2026-06-04 03:09:28,Indonesia,Atayasetelankaosanak----,Instagram
64eb343b531c6aabd467b1b1596afaeb,2026-06-04 03:04:37,Indonesia,rakdapur3----,Facebook
39eb3de39572d38d79f5f37bfd8ee9db,2026-06-04 02:32:21,Indonesia,Atayasetelankaosanak----,Facebook
f37c7b9a447bb1357bb03eddb848a9cb,2026-06-04 01:58:46,Indonesia,Atayasetelankaosanak----,Facebook
cc8796cc42e135d8c5f71a0792dbae40,2026-06-04 01:28:23,Indonesia,rakdapur3----,Threads
b2f09c96a676d7b6b98c850f0d8ee16c,2026-06-04 00:48:35,-,Atayasetelankaosanak----,Facebook
cf065ec4fbd81c21bc04e2acebe91b6e,2026-06-04 00:44:05,United States of America,soca-iklan-tt--,Others
dd2f8809abd7319f1aa03674d11fe70a,2026-06-04 00:37:40,Indonesia,rakdapur3----,Facebook
3c314f3297cd3877ba7c75b0532a545a,2026-06-04 00:31:24,Indonesia,Atayasetelankaosanak----,Facebook
baedcf871a9380c9fc4c5aaad32c9671,2026-06-04 00:31:07,Indonesia,rakdapur3----,Websites
5e4eb2b62699df1c73efaa58485ab63e,2026-06-04 00:26:08,Indonesia,Atayasetelankaosanak----,Facebook
9d0bee4aa1ea3f9f312b2725228e89e0,2026-06-04 00:15:53,Indonesia,Atayasetelankaosanak----,Facebook
f9c1a139bc122d9ca5b2c30f3a072b23,2026-06-04 00:14:07,Australia,Atayasetelankaosanak----,Facebook
24b9441737fc6cc3623471f09296b248,2026-06-04 00:09:06,United States of America,kacamatabacabluray----,Facebook
b3cfbc852c9357adb11b4e11ce875ce0,2026-06-04 00:08:11,Indonesia,rakdapur3----,Instagram
f2ab79424370946e94b323ce21da9a01,2026-06-04 00:07:36,Indonesia,rakdapur3----,Others
98e3508a9579bb6a3687121823cf45ce,2026-06-04 00:07:26,Indonesia,rakdapur3----,Instagram
c408f4d621be6b3b34e37fd0d63983b3,2026-06-04 00:04:24,-,rakdapur3----,Instagram
